	CMY-1	CMY-114	CMY-42	CMY-70	CMY-55	CMY-79	CMY-56	CMY-48	CMY-9	CMY-39	CMY-25	CMY-105	CMY-100	CMY-21	CMY-65	CMY-8	CMY-4	CMY-110	CMY-85	CMY-60	CMY-98	CMY-95	CMY-118	CMY-35	CMY-51	CMY-83	CMY-29	CMY-28	CMY-13	CMY-71	CMY-2	CMY-104	CMY-43	CMY-27	CMY-54	CMY-75	CMY-66	CMY-116	CMY-33	CMY-40	CMY-80	CMY-24	CMY-113	CMY-32	CMY-10	CMY-44	CMY-20	CMY-117	CMY-58	CMY-61	CMY-74	CMY-90	CMY-50	CMY-69	CMY-23	CMY-77	CMY-102	CMY-41	CMY-14	CMY-17	CMY-19	CMY-86	CMY-63	CMY-94	CMY-46	CMY-81	CMY-30	CMY-53	CMY-72	CMY-115	CMY-101	CMY-26	CMY-11	CMY-62	CMY-6	CMY-18	CMY-112	CMY-37	CMY-49	CMY-108	CMY-45	CMY-16	CMY-22	CMY-73	CMY-64	CMY-99	CMY-38	CMY-78	CMY-111	CMY-15	CMY-68	CMY-31	CMY-57	CMY-103	CMY-93	CMY-119	CMY-87	CMY-59	CMY-67	CMY-12	CMY-47	CMY-34	CMY-7	CMY-82	CMY-76	CMY-84	CMY-5	CMY-36	CMY-136	CMY-132	CMY-133	CMY-135	CMY-150	CMY-134	CMY-143	CMY-107	CMY-158	CMY-173	CMY-147	CMY-146	CMY-156	CMY-160	CMY-162	CMY-140	CMY-164	CMY-161	CMY-165	CMY-166	CMY-149	CMY-139	CMY-148	CMY-163	CMY-154	CMY-142	CMY-141	CMY-124	CMY-125	CMY-145	CMY-122	CMY-157	CMY-171	CMY-155	CMY-96	CMY-121	CMY-152	CMY-97	CMY-151	CMY-128	CMY-129	CMY-127	CMY-89	CMY-153	CMY-130	CMY-144	CMY-138	CMY-106	CMY-109	CMY-131	CMY-137	CMY-159	CMY-167	CMY-168	CMY-169	CMY-170	CMY-174	CMY-8b
CMY-1	0	625	621	622	620	631	619	627	25	621	620	629	623	617	626	24	623	628	630	619	631	621	626	624	626	625	619	618	624	620	619	624	620	618	625	630	628	631	624	630	620	620	625	620	1	625	615	630	620	621	619	627	627	618	620	622	619	627	621	620	26	621	621	620	620	627	622	619	627	629	622	624	2	620	619	625	626	622	622	622	620	619	621	621	623	618	620	627	619	619	631	619	620	628	622	628	627	662	626	621	630	619	618	623	631	628	621	624	620	619	619	627	627	620	620	620	620	622	622	621	622	622	620	619	622	619	618	619	620	621	621	622	620	620	621	620	619	620	619	623	620	621	620	616	627	627	627	628	621	624	629	618	620	627	621	622	630	619	623	627	620	627	632	628	618	23
CMY-114	625	0	67	114	66	25	66	18	630	69	67	16	112	67	7	629	70	18	25	66	150	67	16	70	18	114	70	67	67	71	65	60	66	66	71	15	11	23	71	59	68	66	7	66	626	77	70	21	66	70	111	13	15	66	66	71	65	19	67	66	630	67	70	66	70	6	69	65	20	15	110	67	626	66	66	71	16	69	72	65	69	67	67	74	72	68	68	14	66	67	18	66	66	21	112	68	19	108	11	72	17	64	66	110	21	15	67	68	66	66	66	14	10	66	66	66	67	68	68	68	68	68	66	66	68	66	66	67	66	69	68	69	68	66	68	70	65	68	71	166	66	70	71	69	18	8	22	12	71	75	18	66	66	69	67	72	17	68	114	133	68	19	32	19	66	629
CMY-42	621	67	0	116	4	60	3	60	620	33	6	62	117	4	66	619	7	65	61	3	150	3	58	15	65	116	7	4	30	31	2	43	3	3	8	62	68	58	8	39	32	3	66	3	622	14	11	62	3	7	115	69	65	3	3	34	6	65	4	3	620	31	33	3	30	68	4	9	64	65	112	35	622	3	3	8	62	32	33	27	6	4	4	33	33	5	5	70	3	4	64	3	3	67	119	29	66	44	70	9	67	5	3	115	59	66	4	9	3	3	3	67	69	3	3	3	4	1	1	1	1	1	3	3	5	3	3	4	4	2	1	2	1	3	1	30	6	1	37	156	3	30	31	6	64	67	66	71	33	35	60	3	3	39	4	30	67	5	116	133	5	64	79	61	3	619
CMY-70	622	114	116	0	116	108	115	105	627	115	114	111	16	116	109	627	119	109	108	115	136	116	107	121	113	14	118	116	113	115	114	112	115	115	120	108	110	110	119	112	114	115	112	115	623	125	117	112	115	119	12	109	114	115	115	116	114	107	116	115	627	113	116	115	114	110	118	114	109	112	9	115	623	115	115	120	108	114	117	113	118	116	116	118	117	117	117	108	115	116	113	115	115	109	14	116	118	157	113	121	112	113	115	13	106	109	116	121	115	115	115	108	111	115	115	115	116	117	117	117	117	117	115	115	117	115	115	116	116	118	117	118	117	115	116	117	112	117	112	162	115	114	115	118	106	110	111	111	116	119	111	115	115	119	116	117	110	117	8	122	117	106	122	106	115	627
CMY-55	620	66	4	116	0	59	3	59	619	33	6	61	117	4	65	618	7	64	60	3	150	4	57	15	64	116	7	4	30	31	2	42	3	3	8	61	67	57	8	38	32	3	65	3	621	14	11	61	3	7	115	68	64	3	3	34	6	64	4	3	619	31	33	3	30	67	6	9	63	64	112	35	621	3	3	8	61	32	33	27	6	4	4	33	33	5	5	69	3	4	63	3	3	66	119	29	65	45	69	9	66	5	3	115	58	65	4	8	3	3	3	66	68	3	3	3	4	5	5	5	5	5	3	3	5	3	3	4	4	6	5	6	5	3	5	30	6	5	37	156	3	30	31	6	63	66	65	70	33	35	59	3	3	39	4	30	66	5	116	133	5	63	78	60	3	618
CMY-79	631	25	60	108	59	0	59	11	633	63	60	13	108	60	18	632	63	17	8	59	154	60	13	64	17	108	63	60	61	65	58	54	59	59	64	14	18	4	64	51	62	59	22	59	632	70	63	8	59	63	107	20	22	59	59	65	58	18	60	59	633	61	64	59	64	21	62	58	11	16	104	60	632	59	59	64	19	62	66	59	62	60	60	67	66	61	61	19	59	60	15	59	59	20	109	62	22	101	24	65	18	57	59	105	10	12	60	61	59	59	59	13	21	59	59	59	60	61	61	61	61	61	59	59	61	59	59	60	59	62	61	62	61	59	61	63	58	61	64	168	59	64	65	62	17	21	13	23	65	69	11	59	59	63	60	65	14	61	108	136	61	18	31	12	59	632
CMY-56	619	66	3	115	3	59	0	59	618	32	5	61	116	3	65	617	6	64	60	2	149	3	57	14	64	115	6	3	29	30	1	42	2	2	7	61	67	57	7	38	31	2	65	2	620	13	10	61	2	6	114	68	64	2	2	33	5	64	3	2	618	30	32	2	29	67	5	8	63	64	111	34	620	2	2	7	61	31	32	26	5	3	3	32	32	4	4	69	2	3	63	2	2	66	118	28	65	44	69	8	66	4	2	114	58	65	3	8	2	2	2	66	68	2	2	2	3	4	4	4	4	4	2	2	4	2	2	3	3	5	4	5	4	2	4	29	5	4	36	155	2	29	30	5	63	66	65	70	32	34	59	2	2	38	3	29	66	4	115	132	4	63	78	60	2	617
CMY-48	627	18	60	105	59	11	59	0	629	63	60	14	105	60	13	628	63	6	11	59	147	60	2	64	8	105	63	60	61	65	58	53	59	59	64	13	15	13	64	51	62	59	17	59	628	70	63	9	59	63	104	17	17	59	59	65	58	9	60	59	629	61	64	59	64	14	62	56	6	17	101	60	628	59	59	64	10	62	66	59	62	60	60	67	66	61	61	16	59	60	16	59	59	11	106	62	13	101	17	65	9	57	59	102	9	13	60	61	59	59	59	14	16	59	59	59	60	61	61	61	61	61	59	59	61	59	59	60	59	62	61	62	61	59	61	63	58	61	64	163	59	64	65	62	8	12	8	18	65	69	12	59	59	63	60	65	15	61	105	131	61	9	20	1	59	628
CMY-9	25	630	620	627	619	633	618	629	0	620	619	630	628	616	631	1	622	629	632	618	637	620	628	623	628	630	618	617	624	619	618	624	619	617	624	631	633	633	623	628	619	619	630	619	24	624	614	632	619	620	624	632	630	617	619	621	618	631	620	619	1	620	620	619	619	632	621	619	629	631	627	624	25	619	618	624	630	622	623	621	619	618	620	622	622	617	619	632	618	618	632	618	619	632	627	628	629	661	631	620	631	618	617	628	632	631	620	623	619	618	618	632	632	619	619	619	619	621	621	620	621	621	619	618	621	619	617	616	619	620	620	621	619	619	620	621	618	619	619	629	619	621	620	615	631	631	629	633	620	623	631	617	619	627	620	623	632	618	628	633	619	631	633	630	617	2
CMY-39	621	69	33	115	33	63	32	63	620	0	31	65	117	33	68	619	36	68	64	32	154	33	61	24	68	115	36	33	21	10	31	46	32	32	37	65	69	61	37	50	9	32	67	32	622	43	36	65	32	36	112	71	67	32	32	7	31	70	33	32	620	8	14	32	9	70	35	37	67	67	109	30	622	32	32	37	67	33	30	14	35	33	33	35	8	34	34	72	32	33	67	32	32	72	118	22	69	74	72	38	70	30	32	114	62	68	33	38	32	32	32	69	70	32	32	32	33	34	34	34	34	34	32	32	34	32	32	33	33	35	34	35	34	32	34	31	31	34	34	153	32	7	6	35	69	69	69	72	10	10	63	32	32	26	33	31	69	34	115	137	34	69	82	64	32	619
CMY-25	620	67	6	114	6	60	5	60	619	31	0	62	116	6	66	618	9	65	61	5	148	6	58	15	65	114	9	6	26	29	4	43	5	5	10	62	68	58	10	37	30	5	66	5	621	16	11	62	5	9	113	69	65	5	5	32	6	65	6	5	619	29	31	5	28	68	8	11	64	65	110	33	621	5	5	10	62	30	31	25	8	6	6	31	31	7	7	70	5	6	64	5	5	67	117	25	66	47	70	11	67	5	5	113	59	66	6	11	5	5	5	67	69	5	5	5	6	7	7	7	7	7	5	5	7	5	5	6	6	8	7	8	7	5	7	28	6	7	37	155	5	28	29	8	64	67	66	71	31	33	60	5	5	37	6	28	67	7	114	131	7	64	79	61	5	618
CMY-105	629	16	62	111	61	13	61	14	630	65	62	0	109	62	15	630	65	12	15	61	155	62	16	66	14	111	65	62	63	67	60	55	61	61	66	3	19	15	66	54	64	61	19	61	630	72	65	19	61	65	108	25	21	61	61	67	60	15	62	61	630	63	66	61	66	18	64	60	16	25	107	62	630	61	61	66	16	64	68	61	64	62	62	69	68	63	63	24	61	62	2	61	61	17	109	62	19	103	19	67	9	59	61	107	9	21	62	63	61	61	61	22	18	61	61	61	62	63	63	63	63	63	61	61	63	61	61	62	61	64	63	64	63	61	63	65	60	63	66	168	61	66	67	64	14	18	18	20	67	71	10	61	61	65	62	67	23	63	111	139	63	15	26	15	61	630
CMY-100	623	112	117	16	117	108	116	105	628	117	116	109	0	117	109	628	120	107	108	116	132	117	107	122	111	20	119	117	115	116	115	114	116	116	121	106	110	110	120	112	116	116	112	116	624	126	118	112	116	120	16	109	114	116	116	118	113	107	117	116	628	115	118	116	116	110	119	115	109	112	17	115	624	116	116	121	108	114	119	115	119	117	117	120	119	118	118	108	116	117	111	116	116	109	18	118	116	158	111	122	112	112	116	19	106	109	117	120	116	116	116	108	111	116	116	116	117	118	118	118	118	118	116	116	118	116	116	117	117	119	118	119	118	116	117	119	113	118	114	162	116	116	117	119	106	108	111	113	118	120	111	116	116	120	117	119	110	118	20	118	118	106	120	106	116	628
CMY-21	617	67	4	116	4	60	3	60	616	33	6	62	117	0	66	615	7	65	61	3	150	4	58	15	65	116	5	2	30	31	2	43	3	3	8	62	68	58	8	39	32	3	66	3	618	14	11	62	3	7	115	69	65	3	3	34	6	65	4	3	616	31	33	3	30	68	6	9	64	65	112	35	618	3	3	8	62	32	33	27	6	4	4	33	33	5	5	70	3	4	64	3	3	67	119	29	66	45	70	9	67	5	1	115	59	66	4	9	3	3	3	67	69	3	3	3	4	5	5	5	5	5	3	3	5	3	3	4	4	6	5	6	3	3	5	30	6	5	37	156	3	30	31	6	64	67	66	71	33	35	60	3	3	39	4	30	67	3	116	133	5	64	79	61	3	615
CMY-65	626	7	66	109	65	18	65	13	631	68	66	15	109	66	0	630	69	19	20	65	150	66	15	69	19	109	69	66	66	70	64	59	65	65	70	16	4	20	70	57	67	65	4	65	627	76	69	18	65	69	108	10	16	65	65	70	64	16	66	65	631	66	69	65	69	3	68	62	15	12	105	66	627	65	65	70	17	68	71	64	68	66	66	73	71	67	67	9	65	66	17	65	65	18	109	67	24	107	12	71	14	63	65	105	18	8	66	67	65	65	65	7	3	65	65	65	66	67	67	67	67	67	65	65	67	65	65	66	65	68	67	68	67	65	67	69	64	67	70	163	65	69	70	68	15	7	17	5	70	74	15	65	65	68	66	71	10	67	109	134	67	16	33	14	65	630
CMY-8	24	629	619	627	618	632	617	628	1	619	618	630	628	615	630	0	621	629	631	617	636	619	627	622	627	630	617	616	623	618	617	623	618	616	623	631	632	632	622	627	618	618	629	618	23	623	613	631	618	619	624	631	629	616	618	620	617	631	619	618	2	619	619	618	618	631	620	618	628	630	627	623	24	618	617	623	630	621	622	620	618	617	619	621	621	616	618	631	617	617	632	617	618	632	627	628	628	660	630	619	631	617	616	628	632	630	619	622	618	617	617	631	631	618	618	618	618	620	620	619	620	620	618	617	620	618	616	615	618	619	619	620	618	618	619	620	617	618	618	629	618	620	619	614	631	630	628	632	619	622	630	616	618	626	619	622	631	617	628	632	618	631	633	629	616	1
CMY-4	623	70	7	119	7	63	6	63	622	36	9	65	120	7	69	621	0	68	64	6	152	7	61	18	68	119	4	7	33	34	5	46	6	6	11	65	71	61	11	42	35	6	69	6	624	17	13	65	6	10	118	72	68	6	6	37	9	68	6	6	622	34	36	6	33	71	3	12	67	68	115	38	624	6	6	11	65	35	36	30	8	6	7	34	36	7	7	73	6	6	67	6	6	70	122	32	63	48	73	3	70	8	6	118	62	69	7	12	6	6	6	70	72	6	6	6	5	6	8	8	8	8	6	6	8	6	6	7	6	9	8	9	8	6	8	33	9	8	40	159	6	33	34	9	67	70	69	74	36	38	63	6	6	42	6	33	70	8	119	136	7	67	82	64	6	621
CMY-110	628	18	65	109	64	17	64	6	629	68	65	12	107	65	19	629	68	0	17	64	151	65	8	69	8	109	68	65	66	70	63	56	64	64	69	11	21	19	69	57	67	64	23	64	629	75	68	15	64	68	106	23	20	64	64	70	63	11	65	64	629	66	69	64	69	20	67	61	12	23	105	65	629	64	64	69	12	67	71	64	67	65	65	72	71	66	66	22	64	65	14	64	64	13	108	65	13	106	17	70	11	62	64	106	11	19	65	66	64	64	64	20	22	64	64	64	65	66	66	66	66	66	64	64	66	64	64	65	64	67	66	67	66	64	66	68	63	66	69	167	64	69	70	67	10	14	14	24	70	74	18	64	64	68	65	70	21	66	109	135	66	11	16	7	64	629
CMY-85	630	25	61	108	60	8	60	11	632	64	61	15	108	61	20	631	64	17	0	60	154	61	13	65	17	108	64	61	62	66	59	56	60	60	65	14	22	10	65	52	63	60	24	60	631	71	64	14	60	64	107	16	22	60	60	66	59	18	61	60	632	62	65	60	65	21	63	59	7	20	104	61	631	60	60	65	19	63	67	60	63	61	61	68	67	62	62	15	60	61	17	60	60	20	109	63	22	102	24	66	18	58	60	105	10	16	61	62	60	60	60	17	23	60	60	60	61	62	62	62	62	62	60	60	62	60	60	61	60	63	62	63	62	60	62	64	59	62	65	170	60	65	66	63	17	21	9	25	66	70	13	60	60	64	61	66	18	62	108	136	62	18	31	12	60	631
CMY-60	619	66	3	115	3	59	2	59	618	32	5	61	116	3	65	617	6	64	60	0	149	3	57	14	64	115	6	3	29	30	1	42	2	2	7	61	67	57	7	38	31	2	65	2	620	13	10	61	2	6	114	68	64	2	2	33	5	64	3	2	618	30	32	2	29	67	5	8	63	64	111	34	620	2	2	7	61	31	32	26	5	3	3	32	32	4	4	69	2	3	63	2	2	66	118	28	65	44	69	8	66	4	2	114	58	65	3	8	2	2	2	66	68	2	2	2	3	4	4	4	4	4	2	2	4	2	2	3	3	5	4	5	4	2	4	29	5	3	36	155	2	29	30	5	63	66	65	70	32	34	59	2	2	38	3	29	66	4	115	132	4	63	78	60	2	617
CMY-98	631	150	150	136	150	154	149	147	637	154	148	155	132	150	150	636	152	151	154	149	0	150	146	156	153	138	152	150	148	152	148	144	149	149	154	152	151	153	152	147	153	149	150	149	632	157	150	153	149	151	137	151	154	149	149	155	147	151	150	148	637	152	154	149	153	151	152	147	153	152	133	152	632	149	149	154	149	152	151	149	152	150	150	153	156	151	151	152	149	150	157	149	149	153	139	153	155	191	152	154	156	146	149	135	152	152	150	151	149	148	149	151	152	149	149	149	150	151	151	151	150	151	149	149	151	149	149	150	150	152	151	152	151	149	150	151	148	151	154	195	149	153	154	152	150	149	155	154	156	157	153	149	149	154	150	151	153	151	136	35	151	149	165	148	149	636
CMY-95	621	67	3	116	4	60	3	60	620	33	6	62	117	4	66	619	7	65	61	3	150	0	58	15	65	116	7	4	30	31	2	43	3	3	8	62	68	58	7	39	32	3	66	3	622	13	11	62	3	7	115	69	65	3	3	34	6	65	4	3	620	31	33	1	30	68	5	9	64	65	112	35	622	3	3	8	62	32	33	27	6	4	4	33	33	5	5	70	3	4	64	3	3	67	119	29	66	43	70	9	67	5	3	115	59	66	4	9	3	3	3	67	69	3	3	3	4	4	4	4	4	4	3	3	5	3	3	4	4	5	4	5	4	3	4	30	6	4	37	156	3	30	31	6	64	67	66	71	33	35	60	3	3	39	4	30	67	5	116	133	5	64	79	61	3	619
CMY-118	626	16	58	107	57	13	57	2	628	61	58	16	107	58	15	627	61	8	13	57	146	58	0	62	10	107	61	58	59	63	56	53	57	57	62	15	17	11	62	49	60	57	15	57	627	68	61	7	57	61	106	17	15	57	57	63	56	11	58	57	628	59	62	57	62	16	60	56	8	15	103	58	627	57	57	62	8	60	64	57	60	58	58	65	64	59	59	18	57	58	18	57	57	13	108	60	11	99	19	63	11	55	57	104	11	15	58	59	57	57	57	16	18	57	57	57	58	59	59	59	59	59	57	57	59	57	57	58	57	60	59	60	59	57	59	61	56	59	62	161	57	62	63	60	10	14	10	20	63	67	12	57	57	61	58	63	17	59	107	129	59	11	22	3	57	627
CMY-35	624	70	15	121	15	64	14	64	623	24	15	66	122	15	69	622	18	69	65	14	156	15	62	0	69	121	18	15	25	24	13	48	14	14	19	66	70	62	19	46	27	14	68	14	625	25	22	66	14	18	120	72	68	14	14	21	17	69	15	14	623	26	20	14	23	71	17	20	68	68	117	32	625	14	14	19	66	33	30	22	17	15	15	35	20	16	16	73	14	15	68	14	14	71	124	28	70	56	73	20	71	16	14	120	63	69	15	20	14	14	14	70	71	14	14	14	15	16	16	16	16	16	14	14	16	14	14	15	15	17	16	17	16	14	16	31	17	16	40	157	14	23	22	17	68	70	70	73	20	26	64	14	14	34	15	31	70	16	121	139	16	68	83	65	14	622
CMY-51	626	18	65	113	64	17	64	8	628	68	65	14	111	65	19	627	68	8	17	64	153	65	10	69	0	113	68	65	66	70	63	56	64	64	69	13	21	19	69	57	67	64	23	64	627	75	68	15	64	68	110	23	15	64	64	70	63	15	65	64	628	66	69	64	69	20	67	61	12	23	109	65	627	64	64	69	16	67	71	64	67	65	65	72	71	66	66	22	64	65	16	64	64	17	112	67	5	106	11	70	13	62	64	110	11	19	65	66	64	64	64	20	22	64	64	64	65	66	66	66	66	66	64	64	66	64	64	65	64	67	66	67	66	64	66	68	63	66	69	171	64	69	70	67	14	14	14	24	70	74	18	64	64	68	65	70	21	66	113	137	66	15	22	9	64	627
CMY-83	625	114	116	14	116	108	115	105	630	115	114	111	20	116	109	630	119	109	108	115	138	116	107	121	113	0	118	116	113	115	114	111	115	115	120	108	109	110	118	112	113	115	111	115	626	125	117	112	115	119	12	109	114	115	115	116	114	107	116	115	630	113	115	115	113	110	118	114	109	112	11	115	626	115	115	120	108	113	116	112	118	116	116	117	117	117	117	108	115	116	113	115	115	109	12	116	118	157	113	121	112	113	115	7	106	109	116	121	115	115	115	108	110	115	115	115	116	117	117	117	117	117	115	115	117	115	115	116	116	118	117	118	117	115	116	116	112	117	111	162	115	114	115	118	106	110	111	112	116	117	111	115	115	118	116	116	110	117	10	122	117	106	122	106	115	630
CMY-29	619	70	7	118	7	63	6	63	618	36	9	65	119	5	69	617	4	68	64	6	152	7	61	18	68	118	0	5	33	34	5	46	6	6	11	65	71	61	11	42	35	6	69	6	620	17	14	65	6	10	117	72	68	6	6	37	9	68	7	6	618	34	36	6	33	71	3	12	67	68	114	38	620	6	6	11	65	35	36	30	9	7	7	36	36	8	8	73	6	7	67	6	6	70	121	32	63	48	73	6	70	8	4	117	62	69	7	12	6	6	6	70	72	6	6	6	7	8	8	8	8	8	6	6	8	6	6	7	7	9	8	9	6	6	7	33	9	8	40	159	6	33	34	9	67	70	69	74	36	38	63	6	6	42	7	33	70	6	118	135	8	67	82	64	6	617
CMY-28	618	67	4	116	4	60	3	60	617	33	6	62	117	2	66	616	7	65	61	3	150	4	58	15	65	116	5	0	30	31	2	43	3	3	8	62	68	58	8	39	32	3	66	3	619	14	9	62	3	7	115	69	65	3	3	34	6	65	4	3	617	31	33	3	30	68	6	9	64	65	112	35	619	3	3	8	62	32	33	27	6	4	4	33	33	5	5	70	3	4	64	3	3	67	119	29	66	45	70	9	67	5	1	115	59	66	4	9	3	3	3	67	69	3	3	3	4	5	5	3	5	5	3	1	5	3	3	4	4	6	5	6	3	3	5	30	6	5	37	156	3	30	31	6	64	67	66	71	33	35	60	3	3	39	4	30	67	3	116	133	5	64	79	61	3	616
CMY-13	624	67	30	113	30	61	29	61	624	21	26	63	115	30	66	623	33	66	62	29	148	30	59	25	66	113	33	30	0	19	28	49	29	29	34	63	67	59	34	45	20	29	65	29	625	40	33	63	29	33	110	69	65	29	29	22	28	66	30	29	624	19	23	29	18	68	32	34	65	65	107	19	625	29	29	34	63	28	16	13	32	30	30	23	21	31	31	70	29	30	65	29	29	68	116	17	67	71	70	35	68	27	29	112	60	66	30	35	29	29	29	67	68	29	29	29	30	31	31	31	31	31	29	29	31	29	29	30	30	32	31	32	31	29	31	19	28	31	29	154	29	20	19	32	65	67	67	70	21	23	61	29	29	20	30	19	67	31	113	131	31	65	80	62	29	623
CMY-71	620	71	31	115	31	65	30	65	619	10	29	67	116	31	70	618	34	70	66	30	152	31	63	24	70	115	34	31	19	0	29	48	30	30	35	67	71	63	35	50	13	30	69	30	621	41	34	67	30	34	112	73	69	30	30	11	29	72	31	30	619	8	12	30	9	72	33	35	69	69	108	32	621	30	30	35	69	33	28	16	33	31	31	33	12	32	32	74	30	31	69	30	30	74	118	24	71	72	74	36	72	28	30	114	64	70	31	36	30	28	30	71	72	30	30	30	31	32	32	32	32	32	30	30	32	30	30	31	31	33	32	33	32	30	32	29	29	32	32	151	30	11	10	33	71	71	71	74	8	11	65	30	30	27	31	29	71	32	115	135	32	71	84	66	30	618
CMY-2	619	65	2	114	2	58	1	58	618	31	4	60	115	2	64	617	5	63	59	1	148	2	56	13	63	114	5	2	28	29	0	41	1	1	6	60	66	56	6	37	30	1	64	1	620	12	9	60	1	5	113	67	63	1	1	32	4	63	2	1	618	29	31	1	28	66	4	7	62	63	110	33	620	1	1	6	60	30	31	25	4	2	2	31	31	3	3	68	1	2	62	1	1	65	117	27	64	43	68	7	65	3	1	113	57	64	2	7	1	1	1	65	67	1	1	1	2	3	3	3	3	3	1	1	3	1	1	2	2	4	3	4	3	1	3	28	4	3	35	154	1	28	29	4	62	65	64	69	31	33	58	1	1	37	2	28	65	3	114	131	3	62	77	59	1	617
CMY-104	624	60	43	112	42	54	42	53	624	46	43	55	114	43	59	623	46	56	56	42	144	43	53	48	56	111	46	43	49	48	41	0	42	42	47	55	61	55	47	49	43	42	61	42	625	53	46	57	42	46	110	62	62	42	42	51	41	60	43	42	624	44	48	42	45	61	45	37	57	60	108	46	625	42	42	47	59	46	52	42	45	43	43	53	50	44	44	63	42	43	57	42	42	62	114	48	59	84	61	48	60	40	42	111	54	59	43	46	42	42	42	60	62	42	42	42	43	44	44	44	44	44	42	42	44	42	42	43	43	45	44	45	44	42	44	49	41	44	50	155	42	47	48	45	59	58	59	64	50	52	55	42	42	50	43	49	60	44	112	126	44	59	70	54	42	623
CMY-43	620	66	3	115	3	59	2	59	619	32	5	61	116	3	65	618	6	64	60	2	149	3	57	14	64	115	6	3	29	30	1	42	0	2	7	61	67	57	7	38	31	2	65	2	621	13	10	61	2	6	114	68	64	2	2	33	5	64	3	2	619	30	32	2	29	67	5	8	63	64	111	34	621	2	2	7	61	31	32	26	5	3	3	32	32	4	4	69	2	3	63	2	2	66	118	28	65	44	69	8	66	4	2	114	58	65	3	8	2	2	2	66	68	2	1	2	3	4	4	4	4	4	2	2	4	2	2	3	3	5	4	5	4	2	4	29	5	4	36	155	2	29	30	5	63	66	65	70	32	34	59	2	2	38	3	29	66	4	115	132	4	63	78	60	2	618
CMY-27	618	66	3	115	3	59	2	59	617	32	5	61	116	3	65	616	6	64	60	2	149	3	57	14	64	115	6	3	29	30	1	42	2	0	7	61	67	57	7	38	31	2	65	2	619	13	10	61	2	6	114	68	64	2	2	33	5	64	3	2	617	30	32	2	29	67	5	8	63	64	111	34	619	2	2	7	61	31	32	26	5	3	3	32	32	4	4	69	2	3	63	2	2	66	118	28	65	44	69	8	66	4	2	114	58	65	3	8	2	2	2	66	68	2	2	2	3	4	4	4	4	4	2	2	4	2	2	3	3	5	4	5	4	2	4	29	5	4	36	155	2	29	30	5	63	66	65	70	32	34	59	2	2	38	3	29	66	4	115	132	4	63	78	60	2	616
CMY-54	625	71	8	120	8	64	7	64	624	37	10	66	121	8	70	623	11	69	65	7	154	8	62	19	69	120	11	8	34	35	6	47	7	7	0	66	72	62	12	43	36	7	70	7	626	18	15	66	7	11	119	73	69	7	7	38	10	69	8	7	624	35	37	7	34	72	10	13	68	69	116	39	626	7	7	12	66	36	37	31	10	8	8	37	37	9	9	74	7	8	68	7	7	71	123	33	70	49	74	13	71	9	7	119	63	70	8	13	7	7	7	71	73	7	7	7	8	9	9	9	9	9	7	7	9	7	7	8	8	10	9	10	9	7	9	34	10	9	41	160	7	34	35	10	68	71	70	75	37	39	64	7	7	43	8	34	71	9	120	137	9	68	83	65	7	623
CMY-75	630	15	62	108	61	14	61	13	631	65	62	3	106	62	16	631	65	11	14	61	152	62	15	66	13	108	65	62	63	67	60	55	61	61	66	0	20	16	66	54	64	61	20	61	631	72	65	20	61	65	105	24	22	61	61	67	60	16	62	61	631	63	66	61	66	17	64	60	15	26	104	62	631	61	61	66	17	64	68	61	64	62	62	69	68	63	63	23	61	62	5	61	61	18	106	62	18	103	20	67	10	59	61	104	8	22	62	63	61	61	61	23	19	61	61	61	62	63	63	63	63	63	61	61	63	61	61	62	61	64	63	64	63	61	63	65	60	63	66	168	61	66	67	64	15	17	17	21	67	71	9	61	61	65	62	67	24	63	108	136	63	16	25	14	61	631
CMY-66	628	11	68	110	67	18	67	15	633	69	68	19	110	68	4	632	71	21	22	67	151	68	17	70	21	109	71	68	67	71	66	61	67	67	72	20	0	20	72	59	68	67	4	67	629	78	71	18	67	71	109	14	18	67	67	71	66	18	68	67	633	67	70	67	70	7	70	64	19	12	106	67	629	67	67	72	19	69	72	65	70	68	68	74	72	69	69	13	67	68	21	67	67	20	110	68	26	109	14	73	18	65	67	106	20	8	68	69	67	67	67	7	3	67	67	67	68	69	69	69	69	69	67	67	69	67	67	68	67	70	69	70	69	67	69	70	66	69	71	164	67	71	71	70	17	9	21	5	71	75	19	67	67	69	68	72	10	69	110	135	69	18	35	16	67	632
CMY-116	631	23	58	110	57	4	57	13	633	61	58	15	110	58	20	632	61	19	10	57	153	58	11	62	19	110	61	58	59	63	56	55	57	57	62	16	20	0	62	49	60	57	20	57	632	68	61	6	57	61	109	20	20	57	57	63	56	20	58	57	633	59	62	57	62	23	60	58	13	14	106	58	632	57	57	62	17	60	64	57	60	58	58	65	64	59	59	21	57	58	17	57	57	22	111	60	20	99	26	63	20	55	57	107	12	14	58	59	57	57	57	15	23	57	57	57	58	59	59	59	59	59	57	57	59	57	57	58	57	60	59	60	59	57	59	61	56	59	62	166	57	62	63	60	19	23	15	25	63	67	11	57	57	61	58	63	16	59	110	134	59	20	33	14	57	632
CMY-33	624	71	8	119	8	64	7	64	623	37	10	66	120	8	70	622	11	69	65	7	152	7	62	19	69	118	11	8	34	35	6	47	7	7	12	66	72	62	0	43	36	7	70	7	625	10	15	66	7	11	118	73	69	6	7	38	10	69	8	6	623	35	37	6	34	72	10	13	68	69	115	39	625	7	7	12	66	36	37	31	10	8	8	37	37	9	9	74	7	8	68	7	7	71	122	33	70	49	74	13	71	9	7	118	63	70	8	13	7	7	7	71	73	7	7	7	8	9	9	9	8	9	7	7	9	7	7	8	8	10	9	10	9	7	9	34	10	9	41	158	7	34	35	10	68	71	70	75	37	39	64	7	7	43	8	34	71	9	119	135	9	68	83	65	7	622
CMY-40	630	59	39	112	38	51	38	51	628	50	37	54	112	39	57	627	42	57	52	38	147	39	49	46	57	112	42	39	45	50	37	49	38	38	43	54	59	49	43	0	49	38	57	38	631	49	42	53	38	42	111	60	56	38	38	53	35	56	39	38	628	48	50	38	49	59	41	41	55	54	108	46	631	38	38	43	53	46	52	44	41	39	39	52	52	40	40	61	38	39	56	38	38	58	115	46	58	80	62	44	58	34	38	111	50	57	39	40	38	38	38	58	60	38	38	38	39	40	40	40	40	40	38	38	40	38	38	39	39	41	40	41	40	38	40	49	37	40	50	156	38	49	50	41	55	59	57	62	52	54	51	38	38	48	39	51	56	40	112	130	40	55	71	52	38	627
CMY-80	620	68	32	114	32	62	31	62	619	9	30	64	116	32	67	618	35	67	63	31	153	32	60	27	67	113	35	32	20	13	30	43	31	31	36	64	68	60	36	49	0	31	66	31	621	42	35	64	31	35	111	70	66	31	31	16	30	69	32	31	619	9	15	31	10	69	34	34	66	66	108	28	621	31	31	36	66	30	27	11	34	32	32	32	15	33	33	71	31	32	66	31	31	71	116	21	68	73	71	37	69	29	31	112	61	67	32	37	31	31	31	68	69	31	31	31	32	33	33	33	33	33	31	31	33	31	31	32	32	34	33	34	33	31	33	28	30	33	31	153	31	12	11	34	68	68	68	71	15	17	62	31	31	23	32	28	68	33	113	134	33	68	81	63	31	618
CMY-24	620	66	3	115	3	59	2	59	619	32	5	61	116	3	65	618	6	64	60	2	149	3	57	14	64	115	6	3	29	30	1	42	2	2	7	61	67	57	7	38	31	0	65	2	621	13	10	61	2	6	114	68	64	2	2	33	5	64	3	2	619	30	32	2	29	67	5	8	63	64	111	34	621	2	2	7	61	31	32	26	5	3	3	32	32	4	4	69	2	3	63	2	2	66	118	28	65	44	69	8	66	4	2	114	58	65	3	8	2	2	2	66	68	2	2	2	3	4	4	4	4	4	2	2	4	2	2	3	3	5	4	5	4	2	4	29	5	4	36	155	2	29	30	5	63	66	65	70	32	34	59	2	2	38	3	29	66	4	115	132	4	63	78	60	2	618
CMY-113	625	7	66	112	65	22	65	17	630	67	66	19	112	66	4	629	69	23	24	65	150	66	15	68	23	111	69	66	65	69	64	61	65	65	70	20	4	20	70	57	66	65	0	65	626	76	69	18	65	69	111	12	16	65	65	69	64	20	66	65	630	65	68	65	68	7	68	64	19	12	108	65	626	65	65	70	17	67	70	63	68	66	66	72	70	67	67	13	65	66	21	65	65	22	112	66	24	107	16	71	18	63	65	108	22	12	66	67	65	65	65	11	3	65	65	65	66	67	67	67	67	67	65	65	67	65	65	66	65	68	67	68	67	65	67	68	64	67	69	162	65	69	69	68	19	11	21	5	69	73	17	65	65	67	66	70	14	67	112	133	67	20	37	18	65	629
CMY-32	620	66	3	115	3	59	2	59	619	32	5	61	116	3	65	618	6	64	60	2	149	3	57	14	64	115	6	3	29	30	1	42	2	2	7	61	67	57	7	38	31	2	65	0	621	13	10	61	2	6	114	68	64	2	2	33	5	64	3	2	619	30	32	2	29	67	5	8	63	64	111	34	621	2	2	7	61	31	32	26	5	3	3	32	32	4	4	69	2	3	63	2	2	66	118	28	65	44	69	8	66	4	2	114	58	65	3	8	2	2	2	66	68	2	2	2	3	4	4	4	4	4	2	2	4	2	2	3	3	5	4	5	4	2	4	29	5	4	36	155	2	29	30	5	63	66	65	70	32	34	59	2	2	38	3	29	66	4	115	132	4	63	78	58	2	618
CMY-10	1	626	622	623	621	632	620	628	24	622	621	630	624	618	627	23	624	629	631	620	632	622	627	625	627	626	620	619	625	621	620	625	621	619	626	631	629	632	625	631	621	621	626	621	0	626	616	631	621	622	620	628	628	619	621	623	620	628	622	621	25	622	622	621	621	628	623	620	628	630	623	625	1	621	620	626	627	623	623	623	621	620	622	622	624	619	621	628	620	620	632	620	621	629	623	629	628	663	627	622	631	620	619	624	632	629	622	625	621	620	620	628	628	621	621	621	621	623	623	622	623	623	621	620	623	620	619	618	621	622	622	623	621	621	622	621	620	621	620	624	621	622	621	617	628	628	628	629	622	625	630	619	621	628	622	623	631	620	624	628	621	628	633	629	619	22
CMY-44	625	77	14	125	14	70	13	70	624	43	16	72	126	14	76	623	17	75	71	13	157	13	68	25	75	125	17	14	40	41	12	53	13	13	18	72	78	68	10	49	42	13	76	13	626	0	21	72	13	17	124	79	75	12	13	44	16	75	14	12	624	41	43	12	40	78	16	19	74	75	121	45	626	13	13	18	72	41	43	37	16	14	14	43	43	15	15	80	13	14	74	13	13	77	128	39	76	55	80	19	77	15	13	124	69	76	14	19	13	13	13	77	79	13	13	13	14	15	15	15	14	15	13	13	15	13	13	14	14	16	15	16	15	13	15	40	16	15	47	164	13	40	41	16	74	77	76	81	43	45	70	13	13	49	14	40	77	15	125	141	15	74	81	71	13	623
CMY-20	615	70	11	117	11	63	10	63	614	36	11	65	118	11	69	613	13	68	64	10	150	11	61	22	68	117	14	9	33	34	9	46	10	10	15	65	71	61	15	42	35	10	69	10	616	21	0	65	10	14	116	72	68	10	10	37	9	68	11	10	614	34	36	10	33	71	13	15	67	68	113	38	616	10	10	15	65	35	36	30	13	11	11	35	36	12	12	73	10	11	67	10	10	70	120	32	69	52	73	15	70	8	10	116	62	69	11	16	10	10	10	70	72	10	10	10	11	12	12	10	12	12	10	8	12	10	10	11	11	13	12	13	12	10	12	33	9	12	40	157	10	33	34	7	67	70	69	74	36	38	63	10	10	42	11	33	70	12	117	134	12	67	82	64	10	613
CMY-117	630	21	62	112	61	8	61	9	632	65	62	19	112	62	18	631	65	15	14	61	153	62	7	66	15	112	65	62	63	67	60	57	61	61	66	20	18	6	66	53	64	61	18	61	631	72	65	0	61	65	111	18	20	61	61	67	60	18	62	61	632	63	66	61	66	21	64	60	9	12	108	62	631	61	61	66	15	64	68	61	64	62	62	69	68	63	63	19	61	62	21	61	61	20	113	64	16	103	24	67	16	59	61	109	16	12	62	63	61	61	61	13	21	61	61	61	62	63	63	63	63	63	61	61	63	61	61	62	61	64	63	64	63	61	63	65	60	63	66	166	61	66	67	64	17	19	11	23	67	71	15	61	61	65	62	67	14	63	112	134	63	18	29	10	61	631
CMY-58	620	66	3	115	3	59	2	59	619	32	5	61	116	3	65	618	6	64	60	2	149	3	57	14	64	115	6	3	29	30	1	42	2	2	7	61	67	57	7	38	31	2	65	2	621	13	10	61	0	6	114	68	64	2	2	33	5	64	3	2	619	30	32	2	29	67	5	8	63	64	111	34	621	2	2	7	61	31	32	26	5	3	3	32	32	4	4	69	2	3	63	2	2	66	118	28	65	44	69	8	66	4	2	114	58	65	3	8	2	2	2	66	68	2	2	2	3	4	4	4	4	4	2	2	4	2	2	3	3	5	4	5	4	2	4	29	5	4	36	155	2	29	30	5	63	66	65	70	32	34	59	2	2	38	3	29	66	4	115	132	4	63	78	60	2	618
CMY-61	621	70	7	119	7	63	6	63	620	36	9	65	120	7	69	619	10	68	64	6	151	7	61	18	68	119	10	7	33	34	5	46	6	6	11	65	71	61	11	42	35	6	69	6	622	17	14	65	6	0	118	72	68	6	6	37	9	68	7	6	620	34	36	6	33	71	9	12	67	68	115	38	622	6	6	11	65	35	36	30	9	7	7	36	36	8	8	73	6	7	67	6	6	70	122	32	69	48	73	12	70	8	6	118	62	69	7	12	6	6	6	70	72	6	6	6	7	8	8	8	8	8	6	6	8	6	6	7	7	9	8	9	8	6	8	33	9	8	40	159	6	33	34	9	67	70	69	74	36	38	63	6	6	42	7	33	70	8	119	136	8	67	82	64	6	619
CMY-74	619	111	115	12	115	107	114	104	624	112	113	108	16	115	108	624	118	106	107	114	137	115	106	120	110	12	117	115	110	112	113	110	114	114	119	105	109	109	118	111	111	114	111	114	620	124	116	111	114	118	0	108	113	114	114	113	113	106	115	114	624	110	113	114	111	109	117	111	108	111	7	112	620	114	114	119	107	113	114	110	117	115	115	115	114	116	116	107	114	115	110	114	114	108	8	113	115	156	110	120	111	112	114	11	105	108	115	120	114	114	114	107	110	114	114	114	115	116	116	116	116	116	114	114	116	114	114	115	115	117	116	117	116	114	115	114	111	116	111	160	114	111	112	117	105	107	110	112	113	116	110	114	114	116	115	114	109	116	12	123	116	105	119	105	114	624
CMY-90	627	13	69	109	68	20	68	17	632	71	69	25	109	69	10	631	72	23	16	68	151	69	17	72	23	109	72	69	69	73	67	62	68	68	73	24	14	20	73	60	70	68	12	68	628	79	72	18	68	72	108	0	18	68	68	73	67	20	69	68	632	69	72	68	72	11	71	65	11	12	105	69	628	68	68	73	19	71	74	67	71	69	69	76	74	70	70	1	68	69	27	68	68	22	110	70	26	110	16	74	22	66	68	107	22	10	69	70	68	68	68	9	13	68	68	68	69	70	70	70	70	70	68	68	70	68	68	69	68	71	70	71	70	68	70	72	67	70	73	165	68	72	73	71	19	13	13	15	73	77	21	68	68	71	69	74	12	70	110	133	70	20	37	18	68	631
CMY-50	627	15	65	114	64	22	64	17	630	67	65	21	114	65	16	629	68	20	22	64	154	65	15	68	15	114	68	65	65	69	63	62	64	64	69	22	18	20	69	56	66	64	16	64	628	75	68	20	64	68	113	18	0	64	64	69	63	20	65	64	630	65	68	64	68	17	67	65	21	18	110	65	628	64	64	69	17	67	70	63	67	65	65	72	70	66	66	19	64	65	23	64	64	22	115	66	16	106	10	70	20	62	64	111	16	18	65	66	64	64	64	17	19	64	64	64	65	66	66	66	66	66	64	64	66	64	64	65	64	67	66	67	66	64	66	68	63	66	69	167	64	68	69	67	19	15	23	21	69	73	21	64	64	67	65	70	20	66	114	137	66	20	35	18	64	629
CMY-69	618	66	3	115	3	59	2	59	617	32	5	61	116	3	65	616	6	64	60	2	149	3	57	14	64	115	6	3	29	30	1	42	2	2	7	61	67	57	6	38	31	2	65	2	619	12	10	61	2	6	114	68	64	0	2	33	5	64	3	2	617	30	32	2	29	67	5	8	63	64	111	34	619	2	2	7	61	31	32	26	5	3	3	32	32	4	4	69	2	3	63	2	2	66	118	28	65	44	69	8	66	4	2	114	58	65	3	8	2	2	2	66	68	2	2	2	3	4	4	4	4	4	2	2	4	2	2	3	3	5	4	5	4	2	4	29	5	4	36	155	2	29	30	5	63	66	65	70	32	34	59	2	2	38	3	29	66	4	115	132	4	63	78	60	2	616
CMY-23	620	66	3	115	3	59	2	59	619	32	5	61	116	3	65	618	6	64	60	2	149	3	57	14	64	115	6	3	29	30	1	42	2	2	7	61	67	57	7	38	31	2	65	2	621	13	10	61	2	6	114	68	64	2	0	33	5	64	3	2	619	30	32	2	29	67	5	8	63	64	111	34	621	2	2	7	61	31	32	26	5	3	3	32	32	4	4	69	2	3	63	2	2	66	118	28	65	44	69	8	66	4	2	114	58	65	3	8	2	2	2	66	68	2	2	2	3	4	3	4	4	2	2	2	4	2	2	3	3	5	4	5	4	2	4	29	5	4	36	155	2	29	30	5	63	66	65	70	32	34	59	2	2	38	3	29	66	4	115	132	4	63	78	60	2	618
CMY-77	622	71	34	116	34	65	33	65	621	7	32	67	118	34	70	620	37	70	66	33	155	34	63	21	70	116	37	34	22	11	32	51	33	33	38	67	71	63	38	53	16	33	69	33	623	44	37	67	33	37	113	73	69	33	33	0	32	72	34	33	621	13	11	33	10	72	36	38	69	69	110	33	623	33	33	38	69	34	31	19	36	34	34	36	5	35	35	74	33	34	69	33	33	74	119	27	71	75	74	39	72	31	33	115	64	70	34	39	33	33	33	71	72	33	33	33	34	35	35	35	35	35	33	33	35	33	33	34	34	36	35	36	35	33	35	32	32	35	33	148	33	8	7	36	71	71	71	74	7	9	65	33	33	29	34	32	71	35	116	138	35	71	84	66	33	620
CMY-102	619	65	6	114	6	58	5	58	618	31	6	60	113	6	64	617	9	63	59	5	147	6	56	17	63	114	9	6	28	29	4	41	5	5	10	60	66	56	10	35	30	5	64	5	620	16	9	60	5	9	113	67	63	5	5	32	0	63	6	5	618	29	31	5	28	66	8	10	62	63	110	33	620	5	5	10	60	30	31	25	8	6	6	31	31	7	7	68	5	6	62	5	5	65	117	27	64	47	68	11	65	1	5	113	57	64	6	11	5	5	5	65	67	5	5	5	6	7	7	7	7	7	5	5	7	5	5	6	6	8	7	8	7	5	7	28	4	7	35	153	5	28	29	8	62	65	64	69	31	33	58	5	5	37	6	28	65	7	114	130	7	62	77	59	5	617
CMY-41	627	19	65	107	64	18	64	9	631	70	65	15	107	65	16	631	68	11	18	64	151	65	11	69	15	107	68	65	66	72	63	60	64	64	69	16	18	20	69	56	69	64	20	64	628	75	68	18	64	68	106	20	20	64	64	72	63	0	65	64	631	68	71	64	71	17	67	61	15	22	103	65	628	64	64	69	3	67	71	64	67	65	65	72	73	66	66	19	64	65	17	64	64	2	108	65	20	106	16	70	12	62	64	104	10	18	65	66	64	64	64	17	19	64	64	64	65	66	66	66	66	66	64	64	66	64	64	65	64	67	66	67	66	64	66	68	63	66	71	164	64	71	72	67	1	17	17	21	72	76	19	64	64	68	65	70	20	66	107	135	66	4	25	10	64	631
CMY-14	621	67	4	116	4	60	3	60	620	33	6	62	117	4	66	619	6	65	61	3	150	4	58	15	65	116	7	4	30	31	2	43	3	3	8	62	68	58	8	39	32	3	66	3	622	14	11	62	3	7	115	69	65	3	3	34	6	65	0	3	620	31	33	3	30	68	6	9	64	65	112	35	622	3	3	8	62	32	33	27	4	2	4	33	33	3	3	70	3	2	64	3	3	67	119	29	66	45	70	7	67	5	3	115	59	66	4	9	3	3	3	67	69	3	3	3	3	4	5	5	5	5	3	3	5	3	3	4	2	6	5	6	5	3	5	30	6	5	37	156	3	30	31	6	64	67	66	71	33	35	60	3	3	39	2	30	67	5	116	133	3	64	79	61	3	619
CMY-17	620	66	3	115	3	59	2	59	619	32	5	61	116	3	65	618	6	64	60	2	148	3	57	14	64	115	6	3	29	30	1	42	2	2	7	61	67	57	6	38	31	2	65	2	621	12	10	61	2	6	114	68	64	2	2	33	5	64	3	0	619	30	32	2	29	67	5	8	63	64	111	34	621	2	2	7	61	31	32	26	5	3	3	32	32	4	4	69	2	3	63	2	2	66	118	28	65	44	69	8	66	4	2	114	58	65	3	8	2	2	2	66	68	2	2	2	3	4	4	4	3	4	2	2	4	2	2	3	3	5	4	5	4	2	4	29	5	4	36	155	2	29	30	5	63	66	65	70	32	34	59	2	2	38	3	29	66	4	115	131	4	63	78	60	2	618
CMY-19	26	630	620	627	619	633	618	629	1	620	619	630	628	616	631	2	622	629	632	618	637	620	628	623	628	630	618	617	624	619	618	624	619	617	624	631	633	633	623	628	619	619	630	619	25	624	614	632	619	620	624	632	630	617	619	621	618	631	620	619	0	620	620	619	619	632	621	619	629	631	627	624	24	619	618	624	630	622	623	621	619	618	620	622	622	617	619	632	618	618	632	618	619	632	627	628	629	661	631	620	631	618	617	628	632	631	620	623	619	618	618	632	632	619	619	619	619	621	621	620	621	621	619	618	621	619	617	616	619	620	620	621	619	619	620	621	618	619	619	629	619	621	620	615	631	631	629	633	620	623	631	617	619	627	620	623	632	618	628	633	619	631	633	630	617	3
CMY-86	621	67	31	113	31	61	30	61	620	8	29	63	115	31	66	619	34	66	62	30	152	31	59	26	66	113	34	31	19	8	29	44	30	30	35	63	67	59	35	48	9	30	65	30	622	41	34	63	30	34	110	69	65	30	30	13	29	68	31	30	620	0	16	30	11	68	33	35	65	65	107	28	622	30	30	35	65	31	28	10	33	31	31	33	14	32	32	70	30	31	65	30	30	70	116	20	67	72	68	36	68	28	30	112	60	66	31	36	30	30	30	67	68	30	30	30	31	32	32	32	32	32	30	30	32	30	30	31	31	33	32	33	32	30	32	29	29	32	32	152	30	13	12	33	67	67	67	70	10	14	61	30	30	24	31	29	67	32	113	135	32	67	80	62	30	619
CMY-63	621	70	33	116	33	64	32	64	620	14	31	66	118	33	69	619	36	69	65	32	154	33	62	20	69	115	36	33	23	12	31	48	32	32	37	66	70	62	37	50	15	32	68	32	622	43	36	66	32	36	113	72	68	32	32	11	31	71	33	32	620	16	0	32	11	71	35	37	68	68	110	28	622	32	32	37	68	27	30	18	35	33	33	35	10	34	34	73	32	33	68	32	32	73	118	28	70	74	73	38	71	30	32	114	63	69	33	38	32	30	32	70	71	32	32	32	33	34	34	34	34	34	32	32	34	32	32	33	33	35	34	35	34	32	34	31	31	34	30	150	32	13	12	35	70	70	70	73	10	16	64	32	32	26	33	31	70	34	115	137	34	70	83	65	32	619
CMY-94	620	66	3	115	3	59	2	59	619	32	5	61	116	3	65	618	6	64	60	2	149	1	57	14	64	115	6	3	29	30	1	42	2	2	7	61	67	57	6	38	31	2	65	2	621	12	10	61	2	6	114	68	64	2	2	33	5	64	3	2	619	30	32	0	29	67	5	8	63	64	111	34	621	2	2	7	61	31	32	26	5	3	3	32	32	4	4	69	2	3	63	2	2	66	118	28	65	44	69	8	66	4	2	114	58	65	3	8	2	2	2	66	68	2	2	2	3	4	4	4	4	4	2	2	4	2	2	3	3	5	4	5	4	2	4	29	5	4	36	155	2	29	30	5	63	66	65	70	32	34	59	2	2	38	3	29	66	4	115	132	4	63	78	60	2	618
CMY-46	620	70	30	114	30	64	29	64	619	9	28	66	116	30	69	618	33	69	65	29	153	30	62	23	69	113	33	30	18	9	28	45	29	29	34	66	70	62	34	49	10	29	68	29	621	40	33	66	29	33	111	72	68	29	29	10	28	71	30	29	619	11	11	29	0	71	32	34	68	68	108	31	621	29	29	34	68	30	25	13	32	30	30	30	9	31	31	73	29	30	68	29	29	73	116	23	70	71	73	35	71	27	29	112	63	69	30	34	29	29	29	70	71	29	29	29	30	31	31	31	31	31	29	29	31	29	29	30	30	32	31	32	31	29	31	26	28	31	29	150	29	8	7	32	70	70	70	73	11	11	64	29	29	25	30	26	70	31	113	136	31	70	83	65	29	618
CMY-81	627	6	68	110	67	21	67	14	632	70	68	18	110	68	3	631	71	20	21	67	151	68	16	71	20	110	71	68	68	72	66	61	67	67	72	17	7	23	72	59	69	67	7	67	628	78	71	21	67	71	109	11	17	67	67	72	66	17	68	67	632	68	71	67	71	0	70	64	16	15	106	68	628	67	67	72	18	70	73	66	70	68	68	75	73	69	69	10	67	68	20	67	67	19	110	69	25	109	13	73	15	65	67	106	19	11	68	69	67	67	67	10	6	67	67	67	68	69	69	69	69	69	67	67	69	67	67	68	67	70	69	70	69	67	69	71	66	69	72	166	67	71	72	70	16	8	18	8	72	76	16	67	67	70	68	73	13	69	110	135	69	17	34	15	67	631
CMY-30	622	69	4	118	6	62	5	62	621	35	8	64	119	6	68	620	3	67	63	5	152	5	60	17	67	118	3	6	32	33	4	45	5	5	10	64	70	60	10	41	34	5	68	5	623	16	13	64	5	9	117	71	67	5	5	36	8	67	6	5	621	33	35	5	32	70	0	11	66	67	114	37	623	5	5	10	64	34	35	29	8	6	6	35	35	7	7	72	5	6	66	5	5	69	121	31	62	46	72	5	69	7	5	117	61	68	6	11	5	5	5	69	71	5	5	5	6	5	5	5	5	5	5	5	7	5	5	6	6	6	5	6	5	5	5	32	8	5	39	158	5	32	33	8	66	69	68	73	35	37	62	5	5	41	6	32	69	7	118	135	7	66	81	63	5	620
CMY-53	619	65	9	114	9	58	8	56	619	37	11	60	115	9	62	618	12	61	59	8	147	9	56	20	61	114	12	9	34	35	7	37	8	8	13	60	64	58	13	41	34	8	64	8	620	19	15	60	8	12	111	65	65	8	8	38	10	61	9	8	619	35	37	8	34	64	11	0	60	63	110	39	620	8	8	13	60	36	37	31	11	9	9	37	37	10	10	66	8	9	62	8	8	63	117	33	64	50	66	14	63	9	8	113	57	62	9	14	8	8	8	63	65	8	8	8	9	10	10	10	10	10	8	8	10	8	8	9	9	11	10	11	10	8	10	34	10	10	41	153	8	34	35	11	60	63	62	67	37	39	58	8	8	43	9	34	63	10	114	129	10	60	75	57	8	618
CMY-72	627	20	64	109	63	11	63	6	629	67	64	16	109	64	15	628	67	12	7	63	153	64	8	68	12	109	67	64	65	69	62	57	63	63	68	15	19	13	68	55	66	63	19	63	628	74	67	9	63	67	108	11	21	63	63	69	62	15	64	63	629	65	68	63	68	16	66	60	0	17	105	64	628	63	63	68	16	66	70	63	66	64	64	71	70	65	65	10	63	64	18	63	63	17	110	66	17	105	21	69	11	61	63	106	13	13	64	65	63	63	63	14	18	63	63	63	64	65	65	65	65	65	63	63	65	63	63	64	63	66	65	66	65	63	65	67	62	65	68	169	63	68	69	66	14	16	2	20	69	73	14	63	63	67	64	69	15	65	109	135	65	15	26	7	63	628
CMY-115	629	15	65	112	64	16	64	17	631	67	65	25	112	65	12	630	68	23	20	64	152	65	15	68	23	112	68	65	65	69	63	60	64	64	69	26	12	14	69	54	66	64	12	64	630	75	68	12	64	68	111	12	18	64	64	69	63	22	65	64	631	65	68	64	68	15	67	63	17	0	108	65	630	64	64	69	19	67	70	63	67	65	65	72	70	66	66	13	64	65	27	64	64	24	113	66	24	106	18	70	24	62	64	109	22	6	65	66	64	64	64	7	15	64	64	64	65	66	66	66	66	66	64	64	66	64	64	65	64	67	66	67	66	64	66	68	63	66	69	163	64	68	69	67	21	15	19	17	69	73	23	64	64	67	65	70	2	66	112	133	66	22	37	18	64	630
CMY-101	622	110	112	9	112	104	111	101	627	109	110	107	17	112	105	627	115	105	104	111	133	112	103	117	109	11	114	112	107	108	110	108	111	111	116	104	106	106	115	108	108	111	108	111	623	121	113	108	111	115	7	105	110	111	111	110	110	103	112	111	627	107	110	111	108	106	114	110	105	108	0	109	623	111	111	116	104	110	111	107	114	112	112	112	111	113	113	104	111	112	109	111	111	105	13	110	114	153	109	117	108	109	111	10	102	105	112	117	111	111	111	104	107	111	111	111	112	113	113	113	113	113	111	111	113	111	111	112	112	114	113	114	113	111	112	111	108	113	108	159	111	108	109	114	102	106	107	109	110	112	107	111	111	112	112	111	106	113	9	119	113	102	118	102	111	627
CMY-26	624	67	35	115	35	60	34	60	624	30	33	62	115	35	66	623	38	65	61	34	152	35	58	32	65	115	38	35	19	32	33	46	34	34	39	62	67	58	39	46	28	34	65	34	625	45	38	62	34	38	112	69	65	34	34	33	33	65	35	34	624	28	28	34	31	68	37	39	64	65	109	0	625	34	34	39	62	15	30	24	37	35	35	31	34	36	36	70	34	35	64	34	34	67	118	28	66	76	70	40	67	32	34	114	59	66	35	40	34	34	34	67	68	34	34	34	35	36	36	36	36	36	34	34	36	34	34	35	35	37	36	37	36	34	36	27	33	36	28	153	34	33	32	37	64	67	66	68	34	36	60	34	34	20	35	27	67	36	115	135	36	64	79	61	34	623
CMY-11	2	626	622	623	621	632	620	628	25	622	621	630	624	618	627	24	624	629	631	620	632	622	627	625	627	626	620	619	625	621	620	625	621	619	626	631	629	632	625	631	621	621	626	621	1	626	616	631	621	622	620	628	628	619	621	623	620	628	622	621	24	622	622	621	621	628	623	620	628	630	623	625	0	621	620	626	627	623	623	623	621	620	622	622	624	619	621	628	620	620	632	620	621	629	623	629	628	663	627	622	631	620	619	624	632	629	622	625	621	620	620	628	628	621	621	621	621	623	623	622	623	623	621	620	623	620	619	618	621	622	622	623	621	621	622	621	620	621	620	624	621	622	621	617	628	628	628	629	622	625	630	619	621	628	622	623	631	620	624	628	621	628	633	629	619	23
CMY-62	620	66	3	115	3	59	2	59	619	32	5	61	116	3	65	618	6	64	60	2	149	3	57	14	64	115	6	3	29	30	1	42	2	2	7	61	67	57	7	38	31	2	65	2	621	13	10	61	2	6	114	68	64	2	2	33	5	64	3	2	619	30	32	2	29	67	5	8	63	64	111	34	621	0	2	7	61	31	32	26	5	3	3	32	32	4	4	69	2	3	63	2	2	66	118	28	65	44	69	8	66	4	2	114	58	65	3	8	2	2	2	66	68	2	2	2	3	4	4	4	4	4	2	2	4	2	2	3	3	5	4	5	4	2	4	29	5	4	36	155	2	29	30	5	63	66	65	70	32	34	59	2	2	38	3	29	66	4	115	132	4	63	78	60	2	618
CMY-6	619	66	3	115	3	59	2	59	618	32	5	61	116	3	65	617	6	64	60	2	149	3	57	14	64	115	6	3	29	30	1	42	2	2	7	61	67	57	7	38	31	2	65	2	620	13	10	61	2	6	114	68	64	2	2	33	5	64	3	2	618	30	32	2	29	67	5	8	63	64	111	34	620	2	0	7	61	31	32	26	5	3	3	32	32	4	4	69	2	3	63	2	2	66	118	28	65	44	69	8	66	4	2	114	58	65	3	8	2	2	2	66	68	2	2	2	1	4	4	4	4	4	2	2	4	2	2	3	3	5	4	5	4	2	4	29	5	4	36	155	2	29	30	4	63	66	65	70	32	34	59	2	2	38	3	29	66	4	115	132	4	61	78	60	2	617
CMY-18	625	71	8	120	8	64	7	64	624	37	10	66	121	8	70	623	11	69	65	7	154	8	62	19	69	120	11	8	34	35	6	47	7	7	12	66	72	62	12	43	36	7	70	7	626	18	15	66	7	11	119	73	69	7	7	38	10	69	8	7	624	35	37	7	34	72	10	13	68	69	116	39	626	7	7	0	66	36	37	31	10	8	8	37	37	9	9	74	7	8	68	7	7	71	123	33	70	49	74	13	71	9	7	119	63	70	8	13	7	7	7	71	73	7	7	7	8	9	9	9	9	9	7	7	9	7	7	8	8	10	9	10	9	7	9	34	10	9	41	160	7	34	35	10	68	71	70	75	37	39	64	7	7	43	8	34	71	9	120	137	9	68	83	65	7	623
CMY-112	626	16	62	108	61	19	61	10	630	67	62	16	108	62	17	630	65	12	19	61	149	62	8	66	16	108	65	62	63	69	60	59	61	61	66	17	19	17	66	53	66	61	17	61	627	72	65	15	61	65	107	19	17	61	61	69	60	3	62	61	630	65	68	61	68	18	64	60	16	19	104	62	627	61	61	66	0	64	68	61	64	62	62	69	70	63	63	20	61	62	18	61	61	5	109	62	17	103	17	67	13	59	61	105	11	19	62	63	61	61	61	18	20	61	61	61	62	63	63	63	63	63	61	61	63	61	61	62	61	64	63	64	63	61	63	65	60	63	68	161	61	68	69	64	2	18	18	22	69	73	18	61	61	65	62	67	21	63	108	132	63	5	26	11	61	630
CMY-37	622	69	32	114	32	62	31	62	622	33	30	64	114	32	68	621	35	67	63	31	152	32	60	33	67	113	35	32	28	33	30	46	31	31	36	64	69	60	36	46	30	31	67	31	623	41	35	64	31	35	113	71	67	31	31	34	30	67	32	31	622	31	27	31	30	70	34	36	66	67	110	15	623	31	31	36	64	0	35	25	34	32	32	36	35	33	33	72	31	32	66	31	31	69	118	31	68	73	72	37	69	29	31	112	61	68	32	37	31	31	31	69	70	31	31	31	32	33	33	33	33	33	31	31	33	31	31	32	32	34	33	34	33	31	33	32	30	33	29	156	31	34	33	34	66	69	68	70	35	37	62	31	31	27	32	30	69	33	113	135	33	66	80	63	31	621
CMY-49	622	72	33	117	33	66	32	66	623	30	31	68	119	33	71	622	36	71	67	32	151	33	64	30	71	116	36	33	16	28	31	52	32	32	37	68	72	64	37	52	27	32	70	32	623	43	36	68	32	36	114	74	70	32	32	31	31	71	33	32	623	28	30	32	25	73	35	37	70	70	111	30	623	32	32	37	68	35	0	21	35	33	33	11	30	34	34	75	32	33	70	32	32	73	119	22	72	74	75	38	73	30	32	115	65	71	33	38	32	32	32	72	73	32	32	32	33	34	34	34	34	34	32	32	34	32	32	33	33	35	34	35	34	32	34	5	31	34	26	160	32	29	28	35	70	72	70	75	30	32	66	32	32	24	33	11	72	34	116	136	34	70	83	67	32	622
CMY-108	622	65	27	113	27	59	26	59	621	14	25	61	115	27	64	620	30	64	60	26	149	27	57	22	64	112	30	27	13	16	25	42	26	26	31	61	65	57	31	44	11	26	63	26	623	37	30	61	26	30	110	67	63	26	26	19	25	64	27	26	621	10	18	26	13	66	29	31	63	63	107	24	623	26	26	31	61	25	21	0	29	27	27	26	18	28	28	68	26	27	63	26	26	66	115	16	65	68	68	32	66	24	26	111	58	64	27	32	26	26	26	65	66	26	26	26	27	28	28	28	28	28	26	26	28	26	26	27	27	29	28	29	28	26	28	22	25	28	32	153	26	17	16	29	63	65	65	68	18	20	59	26	26	19	27	22	65	28	112	132	28	63	78	60	26	620
CMY-45	620	69	6	118	6	62	5	62	619	35	8	64	119	6	68	618	8	67	63	5	152	6	60	17	67	118	9	6	32	33	4	45	5	5	10	64	70	60	10	41	34	5	68	5	621	16	13	64	5	9	117	71	67	5	5	36	8	67	4	5	619	33	35	5	32	70	8	11	66	67	114	37	621	5	5	10	64	34	35	29	0	2	6	35	35	3	5	72	5	4	66	5	5	69	121	31	68	47	72	7	69	7	5	117	61	68	6	11	5	5	5	69	71	5	5	5	5	6	7	7	7	7	5	5	7	5	5	6	4	8	7	8	7	5	7	32	8	7	39	158	5	32	33	8	66	69	68	73	35	37	62	5	5	41	4	32	69	7	118	135	1	66	81	63	5	618
CMY-16	619	67	4	116	4	60	3	60	618	33	6	62	117	4	66	617	6	65	61	3	150	4	58	15	65	116	7	4	30	31	2	43	3	3	8	62	68	58	8	39	32	3	66	3	620	14	11	62	3	7	115	69	65	3	3	34	6	65	2	3	618	31	33	3	30	68	6	9	64	65	112	35	620	3	3	8	62	32	33	27	2	0	4	33	33	1	3	70	3	2	64	3	3	67	119	29	66	45	70	5	67	5	3	115	59	66	4	9	3	3	3	67	69	3	3	3	3	4	5	5	5	5	3	3	5	3	3	4	2	6	5	6	5	3	5	30	6	5	37	156	3	30	31	6	64	67	66	71	33	35	60	3	3	39	2	30	67	5	116	133	1	64	79	61	3	617
CMY-22	621	67	4	116	4	60	3	60	620	33	6	62	117	4	66	619	7	65	61	3	150	4	58	15	65	116	7	4	30	31	2	43	3	3	8	62	68	58	8	39	32	3	66	3	622	14	11	62	3	7	115	69	65	3	3	34	6	65	4	3	620	31	33	3	30	68	6	9	64	65	112	35	622	3	3	8	62	32	33	27	6	4	0	33	33	5	5	70	3	4	64	3	3	67	119	29	66	45	70	9	67	5	3	115	59	66	4	9	3	3	3	67	69	3	3	3	4	5	5	5	5	5	3	3	5	3	3	4	4	6	5	6	5	3	5	30	6	5	37	156	3	30	31	6	64	67	66	71	33	35	60	3	3	39	4	30	67	5	116	133	5	64	79	61	3	619
CMY-73	621	74	33	118	33	67	32	67	622	35	31	69	120	33	73	621	34	72	68	32	153	33	65	35	72	117	36	33	23	33	31	53	32	32	37	69	74	65	37	52	32	32	72	32	622	43	35	69	32	36	115	76	72	32	32	36	31	72	33	32	622	33	35	32	30	75	35	37	71	72	112	31	622	32	32	37	69	36	11	26	35	33	33	0	35	34	34	77	32	33	71	32	32	74	120	25	73	74	77	36	74	30	32	116	66	73	33	38	32	32	32	74	75	32	32	32	33	34	34	34	34	34	32	32	34	32	32	33	33	35	34	35	34	32	34	6	31	34	25	161	32	34	33	35	71	74	71	77	35	37	67	32	32	31	33	12	74	34	117	139	34	71	85	68	32	621
CMY-64	623	72	33	117	33	66	32	66	622	8	31	68	119	33	71	621	36	71	67	32	156	33	64	20	71	117	36	33	21	12	31	50	32	32	37	68	72	64	37	52	15	32	70	32	624	43	36	68	32	36	114	74	70	32	32	5	31	73	33	32	622	14	10	32	9	73	35	37	70	70	111	34	624	32	32	37	70	35	30	18	35	33	33	35	0	34	34	75	32	33	70	32	32	73	120	26	72	74	75	38	73	30	32	116	65	71	33	38	32	32	32	72	73	32	32	32	33	34	34	34	34	34	32	32	34	32	32	33	33	35	34	35	34	32	34	31	31	34	34	151	32	7	6	35	72	72	72	75	8	8	66	32	32	30	33	31	72	34	117	139	34	72	85	67	32	621
CMY-99	618	68	5	117	5	61	4	61	617	34	7	63	118	5	67	616	7	66	62	4	151	5	59	16	66	117	8	5	31	32	3	44	4	4	9	63	69	59	9	40	33	4	67	4	619	15	12	63	4	8	116	70	66	4	4	35	7	66	3	4	617	32	34	4	31	69	7	10	65	66	113	36	619	4	4	9	63	33	34	28	3	1	5	34	34	0	4	71	4	3	65	4	4	68	120	30	67	46	71	6	68	6	4	116	60	67	5	10	4	4	4	68	70	4	4	4	4	5	6	6	6	6	4	4	6	4	4	5	3	7	6	7	6	4	6	31	7	6	38	157	4	31	32	7	65	68	67	72	34	36	61	4	4	40	3	31	68	6	117	134	2	65	80	62	4	616
CMY-38	620	68	5	117	5	61	4	61	619	34	7	63	118	5	67	618	7	66	62	4	151	5	59	16	66	117	8	5	31	32	3	44	4	4	9	63	69	59	9	40	33	4	67	4	621	15	12	63	4	8	116	70	66	4	4	35	7	66	3	4	619	32	34	4	31	69	7	10	65	66	113	36	621	4	4	9	63	33	34	28	5	3	5	34	34	4	0	71	4	1	65	4	4	68	120	30	67	46	71	6	68	6	4	116	60	67	5	10	4	4	4	68	70	4	4	4	4	5	6	6	6	6	4	4	6	4	4	3	3	7	6	7	6	4	6	31	7	6	38	157	4	31	32	7	65	68	67	72	34	36	61	4	4	40	3	31	68	6	117	134	4	65	80	62	4	618
CMY-78	627	14	70	108	69	19	69	16	632	72	70	24	108	70	9	631	73	22	15	69	152	70	18	73	22	108	73	70	70	74	68	63	69	69	74	23	13	21	74	61	71	69	13	69	628	80	73	19	69	73	107	1	19	69	69	74	68	19	70	69	632	70	73	69	73	10	72	66	10	13	104	70	628	69	69	74	20	72	75	68	72	70	70	77	75	71	71	0	69	70	26	69	69	21	109	71	27	111	15	75	21	67	69	106	21	9	70	71	69	69	69	8	12	69	69	69	70	71	71	71	71	71	69	69	71	69	69	70	69	72	71	72	71	69	71	73	68	71	74	166	69	73	74	72	18	12	12	14	74	78	22	69	69	72	70	75	11	71	109	134	71	19	36	17	69	631
CMY-111	619	66	3	115	3	59	2	59	618	32	5	61	116	3	65	617	6	64	60	2	149	3	57	14	64	115	6	3	29	30	1	42	2	2	7	61	67	57	7	38	31	2	65	2	620	13	10	61	2	6	114	68	64	2	2	33	5	64	3	2	618	30	32	2	29	67	5	8	63	64	111	34	620	2	2	7	61	31	32	26	5	3	3	32	32	4	4	69	0	3	63	2	2	66	118	28	65	44	69	8	66	4	2	114	58	65	3	8	2	2	2	66	68	2	2	2	3	4	4	4	4	4	2	2	4	2	2	3	3	5	4	5	4	2	4	29	5	4	36	155	2	29	30	5	63	66	65	70	32	34	59	2	2	38	3	29	66	4	115	132	4	63	78	60	2	617
CMY-15	619	67	4	116	4	60	3	60	618	33	6	62	117	4	66	617	6	65	61	3	150	4	58	15	65	116	7	4	30	31	2	43	3	3	8	62	68	58	8	39	32	3	66	3	620	14	11	62	3	7	115	69	65	3	3	34	6	65	2	3	618	31	33	3	30	68	6	9	64	65	112	35	620	3	3	8	62	32	33	27	4	2	4	33	33	3	1	70	3	0	64	3	3	67	119	29	66	45	70	5	67	5	3	115	59	66	4	9	3	3	3	67	69	3	3	3	3	4	5	5	5	5	3	3	5	3	3	2	2	6	5	6	5	3	5	30	6	5	37	156	3	30	31	6	64	67	66	71	33	35	60	3	3	39	2	30	67	5	116	133	3	64	79	61	3	617
CMY-68	631	18	64	113	63	15	63	16	632	67	64	2	111	64	17	632	67	14	17	63	157	64	18	68	16	113	67	64	65	69	62	57	63	63	68	5	21	17	68	56	66	63	21	63	632	74	67	21	63	67	110	27	23	63	63	69	62	17	64	63	632	65	68	63	68	20	66	62	18	27	109	64	632	63	63	68	18	66	70	63	66	64	64	71	70	65	65	26	63	64	0	63	63	19	111	64	21	105	21	69	9	61	63	109	11	23	64	65	63	63	63	24	20	63	63	63	64	65	65	65	65	65	63	63	65	63	63	64	63	66	65	66	65	63	65	67	62	65	68	170	63	68	69	66	16	20	20	22	69	73	12	63	63	67	64	69	25	65	113	141	65	17	28	17	63	632
CMY-31	619	66	3	115	3	59	2	59	618	32	5	61	116	3	65	617	6	64	60	2	149	3	57	14	64	115	6	3	29	30	1	42	2	2	7	61	67	57	7	38	31	2	65	2	620	13	10	61	2	6	114	68	64	2	2	33	5	64	3	2	618	30	32	2	29	67	5	8	63	64	111	34	620	2	2	7	61	31	32	26	5	3	3	32	32	4	4	69	2	3	63	0	2	66	118	28	65	44	69	8	66	4	2	114	58	65	3	8	2	2	2	66	68	2	2	2	3	4	4	4	4	4	2	2	4	2	2	3	3	5	4	5	4	2	4	29	5	4	36	155	2	29	30	5	63	66	65	70	32	34	59	2	2	38	3	29	66	4	115	132	4	63	78	60	2	617
CMY-57	620	66	3	115	3	59	2	59	619	32	5	61	116	3	65	618	6	64	60	2	149	3	57	14	64	115	6	3	29	30	1	42	2	2	7	61	67	57	7	38	31	2	65	2	621	13	10	61	2	6	114	68	64	2	2	33	5	64	3	2	619	30	32	2	29	67	5	8	63	64	111	34	621	2	2	7	61	31	32	26	5	3	3	32	32	4	4	69	2	3	63	2	0	66	118	28	65	44	69	8	66	4	2	114	58	65	3	8	2	2	2	66	68	2	2	2	3	4	4	4	4	4	1	2	4	2	2	3	3	5	4	5	4	2	4	29	5	4	36	155	2	29	30	5	63	66	65	70	32	34	59	2	2	38	3	29	66	4	115	132	4	63	78	60	2	618
CMY-103	628	21	67	109	66	20	66	11	632	72	67	17	109	67	18	632	70	13	20	66	153	67	13	71	17	109	70	67	68	74	65	62	66	66	71	18	20	22	71	58	71	66	22	66	629	77	70	20	66	70	108	22	22	66	66	74	65	2	67	66	632	70	73	66	73	19	69	63	17	24	105	67	629	66	66	71	5	69	73	66	69	67	67	74	73	68	68	21	66	67	19	66	66	0	110	67	22	108	18	72	14	64	66	106	12	20	67	68	66	66	66	19	21	66	66	66	67	68	68	68	68	68	66	66	68	66	66	67	66	69	68	69	68	66	68	70	65	68	73	166	66	73	74	69	3	19	19	23	74	78	21	66	66	70	67	72	22	68	109	137	68	6	27	12	66	632
CMY-93	622	112	119	14	119	109	118	106	627	118	117	109	18	119	109	627	122	108	109	118	139	119	108	124	112	12	121	119	116	118	117	114	118	118	123	106	110	111	122	115	116	118	112	118	623	128	120	113	118	122	8	110	115	118	118	119	117	108	119	118	627	116	118	118	116	110	121	117	110	113	13	118	623	118	118	123	109	118	119	115	121	119	119	120	120	120	120	109	118	119	111	118	118	110	0	119	117	160	112	124	112	116	118	7	107	110	117	124	118	118	118	109	111	118	118	118	119	120	120	120	120	120	118	118	120	118	118	119	119	121	120	121	120	118	119	119	115	120	116	166	118	117	118	121	107	109	112	113	119	122	111	118	118	119	119	119	111	120	14	125	120	107	121	107	118	627
CMY-119	628	68	29	116	29	62	28	62	628	22	25	62	118	29	67	628	32	65	63	28	153	29	60	28	67	116	32	29	17	24	27	48	28	28	33	62	68	60	33	46	21	28	66	28	629	39	32	64	28	32	113	70	66	28	28	27	27	65	29	28	628	20	28	28	23	69	31	33	66	66	110	28	629	28	28	33	62	31	22	16	31	29	29	25	26	30	30	71	28	29	64	28	28	67	119	0	68	70	71	34	67	26	28	115	59	67	29	34	28	28	28	68	69	28	28	28	29	30	30	30	30	30	28	28	30	28	28	29	29	31	30	31	30	28	30	21	27	30	34	157	28	25	24	31	64	68	66	71	26	28	62	28	28	30	29	23	68	30	116	138	30	64	78	63	28	628
CMY-87	627	19	66	118	65	22	65	13	629	69	66	19	116	66	24	628	63	13	22	65	155	66	11	70	5	118	63	66	67	71	64	59	65	65	70	18	26	20	70	58	68	65	24	65	628	76	69	16	65	69	115	26	16	65	65	71	64	20	66	65	629	67	70	65	70	25	62	64	17	24	114	66	628	65	65	70	17	68	72	65	68	66	66	73	72	67	67	27	65	66	21	65	65	22	117	68	0	107	16	65	18	63	65	115	16	24	66	67	65	65	65	25	27	65	65	65	66	67	67	67	67	67	65	65	67	65	65	66	65	68	67	68	67	65	67	69	64	67	70	172	65	70	71	68	19	19	19	29	71	75	21	65	65	69	66	71	26	67	118	138	67	20	27	14	65	628
CMY-59	662	108	44	157	45	101	44	101	661	74	47	103	158	45	107	660	48	106	102	44	191	43	99	56	106	157	48	45	71	72	43	84	44	44	49	103	109	99	49	80	73	44	107	44	663	55	52	103	44	48	156	110	106	44	44	75	47	106	45	44	661	72	74	44	71	109	46	50	105	106	153	76	663	44	44	49	103	73	74	68	47	45	45	74	74	46	46	111	44	45	105	44	44	108	160	70	107	0	111	50	108	46	44	156	100	107	45	50	44	44	44	108	110	44	44	44	45	45	45	45	45	45	44	44	46	44	44	45	45	46	45	46	45	44	45	71	47	45	78	197	44	71	72	47	105	108	107	112	74	76	101	44	44	80	45	71	108	46	157	174	46	105	120	102	44	660
CMY-67	626	11	70	113	69	24	69	17	631	72	70	19	111	70	12	630	73	17	24	69	152	70	19	73	11	113	73	70	70	74	68	61	69	69	74	20	14	26	74	62	71	69	16	69	627	80	73	24	69	73	110	16	10	69	69	74	68	16	70	69	631	68	73	69	73	13	72	66	21	18	109	70	627	69	69	74	17	72	75	68	72	70	70	77	75	71	71	15	69	70	21	69	69	18	112	71	16	111	0	75	20	67	69	110	18	14	70	71	69	69	69	13	15	69	69	69	70	71	71	71	71	71	69	69	71	69	69	70	69	72	71	72	71	69	71	73	68	71	74	168	69	73	74	72	15	9	23	17	74	78	25	69	69	72	70	75	16	71	113	136	71	16	31	18	69	630
CMY-12	621	72	9	121	9	65	8	65	620	38	11	67	122	9	71	619	3	70	66	8	154	9	63	20	70	121	6	9	35	36	7	48	8	8	13	67	73	63	13	44	37	8	71	8	622	19	15	67	8	12	120	74	70	8	8	39	11	70	7	8	620	36	38	8	35	73	5	14	69	70	117	40	622	8	8	13	67	37	38	32	7	5	9	36	38	6	6	75	8	5	69	8	8	72	124	34	65	50	75	0	72	10	8	120	64	71	9	14	8	8	8	72	74	8	8	8	8	9	10	10	10	10	8	8	10	8	8	7	7	11	10	11	10	8	10	35	11	10	42	161	8	35	36	11	69	72	71	76	38	40	65	8	8	44	7	35	72	10	121	138	6	69	84	66	8	619
CMY-47	630	17	67	112	66	18	66	9	631	70	67	9	112	67	14	631	70	11	18	66	156	67	11	71	13	112	70	67	68	72	65	60	66	66	71	10	18	20	71	58	69	66	18	66	631	77	70	16	66	70	111	22	20	66	66	72	65	12	67	66	631	68	71	66	71	15	69	63	11	24	108	67	631	66	66	71	13	69	73	66	69	67	67	74	73	68	68	21	66	67	9	66	66	14	112	67	18	108	20	72	0	64	66	108	12	20	67	68	66	66	66	21	17	66	66	66	67	68	68	68	68	68	66	66	68	66	66	67	66	69	68	69	68	66	68	70	65	68	71	169	66	71	72	69	11	17	13	19	72	76	13	66	66	70	67	72	22	68	112	140	68	12	25	10	66	631
CMY-34	619	64	5	113	5	57	4	57	618	30	5	59	112	5	63	617	8	62	58	4	146	5	55	16	62	113	8	5	27	28	3	40	4	4	9	59	65	55	9	34	29	4	63	4	620	15	8	59	4	8	112	66	62	4	4	31	1	62	5	4	618	28	30	4	27	65	7	9	61	62	109	32	620	4	4	9	59	29	30	24	7	5	5	30	30	6	6	67	4	5	61	4	4	64	116	26	63	46	67	10	64	0	4	112	56	63	5	10	4	4	4	64	66	4	4	4	5	6	6	6	6	6	4	4	6	4	4	5	5	7	6	7	6	4	6	27	3	6	34	152	4	27	28	7	61	64	63	68	30	32	57	4	4	36	5	27	64	6	113	129	6	61	76	58	4	617
CMY-7	618	66	3	115	3	59	2	59	617	32	5	61	116	1	65	616	6	64	60	2	149	3	57	14	64	115	4	1	29	30	1	42	2	2	7	61	67	57	7	38	31	2	65	2	619	13	10	61	2	6	114	68	64	2	2	33	5	64	3	2	617	30	32	2	29	67	5	8	63	64	111	34	619	2	2	7	61	31	32	26	5	3	3	32	32	4	4	69	2	3	63	2	2	66	118	28	65	44	69	8	66	4	0	114	58	65	3	8	2	2	2	66	68	2	2	2	3	4	4	4	4	4	2	2	4	2	2	3	3	5	4	5	2	2	4	29	5	4	36	155	2	29	30	5	63	66	65	70	32	34	59	2	2	38	3	29	66	2	115	132	4	63	78	60	2	616
CMY-82	623	110	115	13	115	105	114	102	628	114	113	107	19	115	105	628	118	106	105	114	135	115	104	120	110	7	117	115	112	114	113	111	114	114	119	104	106	107	118	111	112	114	108	114	624	124	116	109	114	118	11	107	111	114	114	115	113	104	115	114	628	112	114	114	112	106	117	113	106	109	10	114	624	114	114	119	105	112	115	111	117	115	115	116	116	116	116	106	114	115	109	114	114	106	7	115	115	156	110	120	108	112	114	0	103	106	115	120	114	114	114	105	107	114	114	114	115	116	116	116	116	116	114	114	116	114	114	115	115	117	116	117	116	114	115	115	111	116	110	163	114	113	114	117	103	107	108	109	115	118	107	114	114	115	115	115	107	116	7	121	116	103	119	103	114	628
CMY-76	631	21	59	106	58	10	58	9	632	62	59	9	106	59	18	632	62	11	10	58	152	59	11	63	11	106	62	59	60	64	57	54	58	58	63	8	20	12	63	50	61	58	22	58	632	69	62	16	58	62	105	22	16	58	58	64	57	10	59	58	632	60	63	58	63	19	61	57	13	22	102	59	632	58	58	63	11	61	65	58	61	59	59	66	65	60	60	21	58	59	11	58	58	12	107	59	16	100	18	64	12	56	58	103	0	18	59	60	58	58	58	19	21	58	58	58	59	60	60	60	60	60	58	58	60	58	58	59	58	61	60	61	60	58	60	62	57	60	63	166	58	63	64	61	9	19	15	23	64	68	11	58	58	62	59	64	20	60	106	136	60	12	25	10	58	632
CMY-84	628	15	66	109	65	12	65	13	631	68	66	21	109	66	8	630	69	19	16	65	152	66	15	69	19	109	69	66	66	70	64	59	65	65	70	22	8	14	70	57	67	65	12	65	629	76	69	12	65	69	108	10	18	65	65	70	64	18	66	65	631	66	69	65	69	11	68	62	13	6	105	66	629	65	65	70	19	68	71	64	68	66	66	73	71	67	67	9	65	66	23	65	65	20	110	67	24	107	14	71	20	63	65	106	18	0	66	67	65	65	65	3	11	65	65	65	66	67	67	67	67	67	65	65	67	65	65	66	65	68	67	68	67	65	67	69	64	67	70	165	65	69	70	68	17	11	15	13	70	74	21	65	65	68	66	71	4	67	109	134	67	18	33	14	65	630
CMY-5	621	67	4	116	4	60	3	60	620	33	6	62	117	4	66	619	7	65	61	3	150	4	58	15	65	116	7	4	30	31	2	43	3	3	8	62	68	58	8	39	32	3	66	3	622	14	11	62	3	7	115	69	65	3	3	34	6	65	4	3	620	31	33	3	30	68	6	9	64	65	112	35	622	3	3	8	62	32	33	27	6	4	4	33	33	5	5	70	3	4	64	3	3	67	117	29	66	45	70	9	67	5	3	115	59	66	0	9	3	3	3	67	69	3	3	3	4	5	5	5	5	5	3	3	5	3	3	4	4	6	5	6	5	3	5	30	6	5	37	155	3	30	31	6	64	67	66	71	33	35	60	3	3	39	4	30	67	5	116	133	5	64	79	61	3	619
CMY-36	624	68	9	121	8	61	8	61	623	38	11	63	120	9	67	622	12	66	62	8	151	9	59	20	66	121	12	9	35	36	7	46	8	8	13	63	69	59	13	40	37	8	67	8	625	19	16	63	8	12	120	70	66	8	8	39	11	66	9	8	623	36	38	8	34	69	11	14	65	66	117	40	625	8	8	13	63	37	38	32	11	9	9	38	38	10	10	71	8	9	65	8	8	68	124	34	67	50	71	14	68	10	8	120	60	67	9	0	8	8	8	68	70	8	8	8	9	10	10	10	10	10	8	8	10	8	8	9	9	11	10	11	10	8	10	35	11	10	42	159	8	35	36	11	65	68	67	72	38	40	61	8	8	44	9	35	68	10	121	132	10	65	80	62	8	622
CMY-136	620	66	3	115	3	59	2	59	619	32	5	61	116	3	65	618	6	64	60	2	149	3	57	14	64	115	6	3	29	30	1	42	2	2	7	61	67	57	7	38	31	2	65	2	621	13	10	61	2	6	114	68	64	2	2	33	5	64	3	2	619	30	32	2	29	67	5	8	63	64	111	34	621	2	2	7	61	31	32	26	5	3	3	32	32	4	4	69	2	3	63	2	2	66	118	28	65	44	69	8	66	4	2	114	58	65	3	8	0	2	2	66	68	2	2	2	3	4	4	4	4	4	2	2	4	2	2	3	3	5	4	5	4	2	4	29	5	4	36	155	2	29	30	5	63	66	65	70	32	34	59	2	2	38	3	29	66	4	115	132	4	63	78	60	2	618
CMY-132	619	66	3	115	3	59	2	59	618	32	5	61	116	3	65	617	6	64	60	2	148	3	57	14	64	115	6	3	29	28	1	42	2	2	7	61	67	57	7	38	31	2	65	2	620	13	10	61	2	6	114	68	64	2	2	33	5	64	3	2	618	30	30	2	29	67	5	8	63	64	111	34	620	2	2	7	61	31	32	26	5	3	3	32	32	4	4	69	2	3	63	2	2	66	118	28	65	44	69	8	66	4	2	114	58	65	3	8	2	0	2	66	68	2	2	2	3	4	4	4	4	4	2	2	4	2	2	3	3	5	4	5	4	2	4	29	5	4	36	154	2	29	30	5	63	66	65	70	32	34	59	2	2	38	3	29	66	4	115	131	4	63	78	60	2	617
CMY-133	619	66	3	115	3	59	2	59	618	32	5	61	116	3	65	617	6	64	60	2	149	3	57	14	64	115	6	3	29	30	1	42	2	2	7	61	67	57	7	38	31	2	65	2	620	13	10	61	2	6	114	68	64	2	2	33	5	64	3	2	618	30	32	2	29	67	5	8	63	64	111	34	620	2	2	7	61	31	32	26	5	3	3	32	32	4	4	69	2	3	63	2	2	66	118	28	65	44	69	8	66	4	2	114	58	65	3	8	2	2	0	66	68	2	2	2	3	4	4	4	4	4	2	2	4	2	2	3	3	5	4	5	4	2	4	29	5	4	36	155	2	29	30	5	63	66	65	70	32	34	59	2	2	38	3	29	66	4	115	132	4	63	78	60	2	617
CMY-135	627	14	67	108	66	13	66	14	632	69	67	22	108	67	7	631	70	20	17	66	151	67	16	70	20	108	70	67	67	71	65	60	66	66	71	23	7	15	71	58	68	66	11	66	628	77	70	13	66	70	107	9	17	66	66	71	65	17	67	66	632	67	70	66	70	10	69	63	14	7	104	67	628	66	66	71	18	69	72	65	69	67	67	74	72	68	68	8	66	67	24	66	66	19	109	68	25	108	13	72	21	64	66	105	19	3	67	68	66	66	66	0	10	66	66	66	67	68	68	68	68	68	66	66	68	66	66	67	66	69	68	69	68	66	68	70	65	68	71	164	66	70	71	69	16	10	16	12	71	75	22	66	66	69	67	72	5	68	108	133	68	17	34	15	66	631
CMY-150	627	10	69	111	68	21	68	16	632	70	69	18	111	69	3	631	72	22	23	68	152	69	18	71	22	110	72	69	68	72	67	62	68	68	73	19	3	23	73	60	69	68	3	68	628	79	72	21	68	72	110	13	19	68	68	72	67	19	69	68	632	68	71	68	71	6	71	65	18	15	107	68	628	68	68	73	20	70	73	66	71	69	69	75	73	70	70	12	68	69	20	68	68	21	111	69	27	110	15	74	17	66	68	107	21	11	69	70	68	68	68	10	0	68	68	68	69	70	70	70	70	70	68	68	70	68	68	69	68	71	70	71	70	68	70	71	67	70	72	165	68	72	72	71	18	10	20	4	72	76	18	68	68	70	69	73	13	70	111	136	70	19	36	17	68	631
CMY-134	620	66	3	115	3	59	2	59	619	32	5	61	116	3	65	618	6	64	60	2	149	3	57	14	64	115	6	3	29	30	1	42	2	2	7	61	67	57	7	38	31	2	65	2	621	13	10	61	2	6	114	68	64	2	2	33	5	64	3	2	619	30	32	2	29	67	5	8	63	64	111	34	621	2	2	7	61	31	32	26	5	3	3	32	32	4	4	69	2	3	63	2	2	66	118	28	65	44	69	8	66	4	2	114	58	65	3	8	2	2	2	66	68	0	2	2	3	4	4	4	4	4	2	2	4	2	2	3	3	5	4	5	4	2	4	29	5	4	36	155	2	29	30	5	63	66	65	70	32	34	59	2	2	38	3	29	66	4	115	132	4	63	78	60	2	618
CMY-143	620	66	3	115	3	59	2	59	619	32	5	61	116	3	65	618	6	64	60	2	149	3	57	14	64	115	6	3	29	30	1	42	1	2	7	61	67	57	7	38	31	2	65	2	621	13	10	61	2	6	114	68	64	2	2	33	5	64	3	2	619	30	32	2	29	67	5	8	63	64	111	34	621	2	2	7	61	31	32	26	5	3	3	32	32	4	4	69	2	3	63	2	2	66	118	28	65	44	69	8	66	4	2	114	58	65	3	8	2	2	2	66	68	2	0	2	3	4	4	4	4	4	2	2	4	2	2	3	3	5	4	5	4	2	4	29	5	4	36	155	2	29	30	5	63	66	65	70	32	34	59	2	2	38	3	29	66	4	115	132	4	63	78	60	2	618
CMY-107	620	66	3	115	3	59	2	59	619	32	5	61	116	3	65	618	6	64	60	2	149	3	57	14	64	115	6	3	29	30	1	42	2	2	7	61	67	57	7	38	31	2	65	2	621	13	10	61	2	6	114	68	64	2	2	33	5	64	3	2	619	30	32	2	29	67	5	8	63	64	111	34	621	2	2	7	61	31	32	26	5	3	3	32	32	4	4	69	2	3	63	2	2	66	118	28	65	44	69	8	66	4	2	114	58	65	3	8	2	2	2	66	68	2	2	0	3	4	4	4	4	4	2	2	4	2	2	3	3	5	4	5	4	2	4	29	5	4	36	155	2	29	30	5	63	66	65	70	32	34	59	2	2	38	3	29	66	4	115	132	4	63	78	60	2	618
CMY-158	620	67	4	116	4	60	3	60	619	33	6	62	117	4	66	618	5	65	61	3	150	4	58	15	65	116	7	4	30	31	2	43	3	3	8	62	68	58	8	39	32	3	66	3	621	14	11	62	3	7	115	69	65	3	3	34	6	65	3	3	619	31	33	3	30	68	6	9	64	65	112	35	621	3	1	8	62	32	33	27	5	3	4	33	33	4	4	70	3	3	64	3	3	67	119	29	66	45	70	8	67	5	3	115	59	66	4	9	3	3	3	67	69	3	3	3	0	3	5	5	5	5	3	3	5	3	3	4	3	6	5	6	5	3	5	30	6	5	37	156	3	30	31	5	64	67	66	71	33	35	60	3	3	39	3	30	67	5	116	133	4	62	79	61	3	618
CMY-173	622	68	1	117	5	61	4	61	621	34	7	63	118	5	67	620	6	66	62	4	151	4	59	16	66	117	8	5	31	32	3	44	4	4	9	63	69	59	9	40	33	4	67	4	623	15	12	63	4	8	116	70	66	4	4	35	7	66	4	4	621	32	34	4	31	69	5	10	65	66	113	36	623	4	4	9	63	33	34	28	6	4	5	34	34	5	5	71	4	4	65	4	4	68	120	30	67	45	71	9	68	6	4	116	60	67	5	10	4	4	4	68	70	4	4	4	3	0	2	2	2	2	4	4	6	4	4	5	4	3	2	3	2	4	2	31	7	2	38	157	4	31	32	7	65	68	67	72	34	36	61	4	4	40	4	31	68	6	117	134	5	65	80	62	4	620
CMY-147	622	68	1	117	5	61	4	61	621	34	7	63	118	5	67	620	8	66	62	4	151	4	59	16	66	117	8	5	31	32	3	44	4	4	9	63	69	59	9	40	33	4	67	4	623	15	12	63	4	8	116	70	66	4	3	35	7	66	5	4	621	32	34	4	31	69	5	10	65	66	113	36	623	4	4	9	63	33	34	28	7	5	5	34	34	6	6	71	4	5	65	4	4	68	120	30	67	45	71	10	68	6	4	116	60	67	5	10	4	4	4	68	70	4	4	4	5	2	0	2	2	1	4	4	6	4	4	5	5	3	2	3	2	4	2	31	7	2	38	157	4	31	32	7	65	68	67	72	34	36	61	4	4	40	5	31	68	6	117	134	6	65	80	62	4	620
CMY-146	621	68	1	117	5	61	4	61	620	34	7	63	118	5	67	619	8	66	62	4	151	4	59	16	66	117	8	3	31	32	3	44	4	4	9	63	69	59	9	40	33	4	67	4	622	15	10	63	4	8	116	70	66	4	4	35	7	66	5	4	620	32	34	4	31	69	5	10	65	66	113	36	622	4	4	9	63	33	34	28	7	5	5	34	34	6	6	71	4	5	65	4	4	68	120	30	67	45	71	10	68	6	4	116	60	67	5	10	4	4	4	68	70	4	4	4	5	2	2	0	2	2	4	2	6	4	4	5	5	3	2	3	2	4	2	31	7	2	38	157	4	31	32	7	65	68	67	72	34	36	61	4	4	40	5	31	68	6	117	134	6	65	80	62	4	619
CMY-156	622	68	1	117	5	61	4	61	621	34	7	63	118	5	67	620	8	66	62	4	150	4	59	16	66	117	8	5	31	32	3	44	4	4	9	63	69	59	8	40	33	4	67	4	623	14	12	63	4	8	116	70	66	4	4	35	7	66	5	3	621	32	34	4	31	69	5	10	65	66	113	36	623	4	4	9	63	33	34	28	7	5	5	34	34	6	6	71	4	5	65	4	4	68	120	30	67	45	71	10	68	6	4	116	60	67	5	10	4	4	4	68	70	4	4	4	5	2	2	2	0	2	4	4	6	4	4	5	5	3	2	3	2	4	2	31	7	2	38	157	4	31	32	7	65	68	67	72	34	36	61	4	4	40	5	31	68	6	117	133	6	65	80	62	4	620
CMY-160	622	68	1	117	5	61	4	61	621	34	7	63	118	5	67	620	8	66	62	4	151	4	59	16	66	117	8	5	31	32	3	44	4	4	9	63	69	59	9	40	33	4	67	4	623	15	12	63	4	8	116	70	66	4	2	35	7	66	5	4	621	32	34	4	31	69	5	10	65	66	113	36	623	4	4	9	63	33	34	28	7	5	5	34	34	6	6	71	4	5	65	4	4	68	120	30	67	45	71	10	68	6	4	116	60	67	5	10	4	4	4	68	70	4	4	4	5	2	1	2	2	0	4	4	6	4	4	5	5	3	2	3	2	4	2	31	7	2	38	157	4	31	32	7	65	68	67	72	34	36	61	4	4	40	5	31	68	6	117	134	6	65	80	62	4	620
CMY-162	620	66	3	115	3	59	2	59	619	32	5	61	116	3	65	618	6	64	60	2	149	3	57	14	64	115	6	3	29	30	1	42	2	2	7	61	67	57	7	38	31	2	65	2	621	13	10	61	2	6	114	68	64	2	2	33	5	64	3	2	619	30	32	2	29	67	5	8	63	64	111	34	621	2	2	7	61	31	32	26	5	3	3	32	32	4	4	69	2	3	63	2	1	66	118	28	65	44	69	8	66	4	2	114	58	65	3	8	2	2	2	66	68	2	2	2	3	4	4	4	4	4	0	2	4	2	2	3	3	5	4	5	4	2	4	29	5	4	36	155	2	29	30	5	63	66	65	70	32	34	59	2	2	38	3	29	66	4	115	132	4	63	78	60	2	618
CMY-140	619	66	3	115	3	59	2	59	618	32	5	61	116	3	65	617	6	64	60	2	149	3	57	14	64	115	6	1	29	30	1	42	2	2	7	61	67	57	7	38	31	2	65	2	620	13	8	61	2	6	114	68	64	2	2	33	5	64	3	2	618	30	32	2	29	67	5	8	63	64	111	34	620	2	2	7	61	31	32	26	5	3	3	32	32	4	4	69	2	3	63	2	2	66	118	28	65	44	69	8	66	4	2	114	58	65	3	8	2	2	2	66	68	2	2	2	3	4	4	2	4	4	2	0	4	2	2	3	3	5	4	5	4	2	4	29	5	4	36	155	2	29	30	5	63	66	65	70	32	34	59	2	2	38	3	29	66	4	115	132	4	63	78	60	2	617
CMY-164	622	68	5	117	5	61	4	61	621	34	7	63	118	5	67	620	8	66	62	4	151	5	59	16	66	117	8	5	31	32	3	44	4	4	9	63	69	59	9	40	33	4	67	4	623	15	12	63	4	8	116	70	66	4	4	35	7	66	5	4	621	32	34	4	31	69	7	10	65	66	113	36	623	4	4	9	63	33	34	28	7	5	5	34	34	6	6	71	4	5	65	4	4	68	120	30	67	46	71	10	68	6	4	116	60	67	5	10	4	4	4	68	70	4	4	4	5	6	6	6	6	6	4	4	0	4	4	5	5	7	6	7	6	4	6	31	7	6	38	157	4	31	32	7	65	68	67	72	34	36	61	4	4	40	5	31	68	6	117	134	6	65	80	62	4	620
CMY-161	619	66	3	115	3	59	2	59	619	32	5	61	116	3	65	618	6	64	60	2	149	3	57	14	64	115	6	3	29	30	1	42	2	2	7	61	67	57	7	38	31	2	65	2	620	13	10	61	2	6	114	68	64	2	2	33	5	64	3	2	619	30	32	2	29	67	5	8	63	64	111	34	620	2	2	7	61	31	32	26	5	3	3	32	32	4	4	69	2	3	63	2	2	66	118	28	65	44	69	8	66	4	2	114	58	65	3	8	2	2	2	66	68	2	2	2	3	4	4	4	4	4	2	2	4	0	2	3	3	5	4	5	4	2	4	29	5	4	36	155	2	29	30	5	63	66	65	70	32	34	59	2	2	38	3	29	66	4	115	132	4	63	78	60	2	618
CMY-165	618	66	3	115	3	59	2	59	617	32	5	61	116	3	65	616	6	64	60	2	149	3	57	14	64	115	6	3	29	30	1	42	2	2	7	61	67	57	7	38	31	2	65	2	619	13	10	61	2	6	114	68	64	2	2	33	5	64	3	2	617	30	32	2	29	67	5	8	63	64	111	34	619	2	2	7	61	31	32	26	5	3	3	32	32	4	4	69	2	3	63	2	2	66	118	28	65	44	69	8	66	4	2	114	58	65	3	8	2	2	2	66	68	2	2	2	3	4	4	4	4	4	2	2	4	2	0	3	3	5	4	5	4	2	4	29	5	4	36	155	2	29	30	5	63	66	65	70	32	34	59	2	2	38	3	29	66	4	115	132	4	63	78	60	2	616
CMY-166	619	67	4	116	4	60	3	60	616	33	6	62	117	4	66	615	7	65	61	3	150	4	58	15	65	116	7	4	30	31	2	43	3	3	8	62	68	58	8	39	32	3	66	3	618	14	11	62	3	7	115	69	65	3	3	34	6	65	4	3	616	31	33	3	30	68	6	9	64	65	112	35	618	3	3	8	62	32	33	27	6	4	4	33	33	5	3	70	3	2	64	3	3	67	119	29	66	45	70	7	67	5	3	115	59	66	4	9	3	3	3	67	69	3	3	3	4	5	5	5	5	5	3	3	5	3	3	0	4	6	5	6	5	3	5	30	6	5	37	156	3	30	31	6	64	67	66	71	33	35	60	3	3	39	4	30	67	5	116	133	5	64	79	61	3	615
CMY-149	620	66	4	116	4	59	3	59	619	33	6	61	117	4	65	618	6	64	60	3	150	4	57	15	64	116	7	4	30	31	2	43	3	3	8	61	67	57	8	39	32	3	65	3	621	14	11	61	3	7	115	68	64	3	3	34	6	64	2	3	619	31	33	3	30	67	6	9	63	64	112	35	621	3	3	8	61	32	33	27	4	2	4	33	33	3	3	69	3	2	63	3	3	66	119	29	65	45	69	7	66	5	3	115	58	65	4	9	3	3	3	66	68	3	3	3	3	4	5	5	5	5	3	3	5	3	3	4	0	6	5	6	5	3	5	30	6	5	37	156	3	30	31	6	63	66	65	70	33	35	59	3	3	39	2	30	66	5	116	133	3	63	78	60	3	618
CMY-139	621	69	2	118	6	62	5	62	620	35	8	64	119	6	68	619	9	67	63	5	152	5	60	17	67	118	9	6	32	33	4	45	5	5	10	64	70	60	10	41	34	5	68	5	622	16	13	64	5	9	117	71	67	5	5	36	8	67	6	5	620	33	35	5	32	70	6	11	66	67	114	37	622	5	5	10	64	34	35	29	8	6	6	35	35	7	7	72	5	6	66	5	5	69	121	31	68	46	72	11	69	7	5	117	61	68	6	11	5	5	5	69	71	5	5	5	6	3	3	3	3	3	5	5	7	5	5	6	6	0	1	2	3	5	3	32	8	3	39	156	5	32	33	8	66	69	68	73	35	37	62	5	5	41	6	32	69	7	118	135	7	66	81	63	5	619
CMY-148	621	68	1	117	5	61	4	61	620	34	7	63	118	5	67	619	8	66	62	4	151	4	59	16	66	117	8	5	31	32	3	44	4	4	9	63	69	59	9	40	33	4	67	4	622	15	12	63	4	8	116	70	66	4	4	35	7	66	5	4	620	32	34	4	31	69	5	10	65	66	113	36	622	4	4	9	63	33	34	28	7	5	5	34	34	6	6	71	4	5	65	4	4	68	120	30	67	45	71	10	68	6	4	116	60	67	5	10	4	4	4	68	70	4	4	4	5	2	2	2	2	2	4	4	6	4	4	5	5	1	0	1	2	4	2	31	7	2	38	155	4	31	32	7	65	68	67	72	34	36	61	4	4	40	5	31	68	6	117	134	6	65	80	62	4	619
CMY-163	622	69	2	118	6	62	5	62	621	35	8	64	119	6	68	620	9	67	63	5	152	5	60	17	67	118	9	6	32	33	4	45	5	5	10	64	70	60	10	41	34	5	68	5	623	16	13	64	5	9	117	71	67	5	5	36	8	67	6	5	621	33	35	5	32	70	6	11	66	67	114	37	623	5	5	10	64	34	35	29	8	6	6	35	35	7	7	72	5	6	66	5	5	69	121	31	68	46	72	11	69	7	5	117	61	68	6	11	5	5	5	69	71	5	5	5	6	3	3	3	3	3	5	5	7	5	5	6	6	2	1	0	3	5	3	32	8	3	39	156	5	32	33	8	66	69	68	73	35	37	62	5	5	41	6	32	69	5	118	135	7	66	81	63	5	620
CMY-154	620	68	1	117	5	61	4	61	619	34	7	63	118	3	67	618	8	66	62	4	151	4	59	16	66	117	6	3	31	32	3	44	4	4	9	63	69	59	9	40	33	4	67	4	621	15	12	63	4	8	116	70	66	4	4	35	7	66	5	4	619	32	34	4	31	69	5	10	65	66	113	36	621	4	4	9	63	33	34	28	7	5	5	34	34	6	6	71	4	5	65	4	4	68	120	30	67	45	71	10	68	6	2	116	60	67	5	10	4	4	4	68	70	4	4	4	5	2	2	2	2	2	4	4	6	4	4	5	5	3	2	3	0	4	2	31	7	2	38	157	4	31	32	7	65	68	67	72	34	36	61	4	4	40	5	31	68	4	117	134	6	65	80	62	4	618
CMY-142	620	66	3	115	3	59	2	59	619	32	5	61	116	3	65	618	6	64	60	2	149	3	57	14	64	115	6	3	29	30	1	42	2	2	7	61	67	57	7	38	31	2	65	2	621	13	10	61	2	6	114	68	64	2	2	33	5	64	3	2	619	30	32	2	29	67	5	8	63	64	111	34	621	2	2	7	61	31	32	26	5	3	3	32	32	4	4	69	2	3	63	2	2	66	118	28	65	44	69	8	66	4	2	114	58	65	3	8	2	2	2	66	68	2	2	2	3	4	4	4	4	4	2	2	4	2	2	3	3	5	4	5	4	0	4	29	5	4	36	155	2	29	30	5	63	66	65	70	32	34	59	2	2	38	3	29	66	4	115	132	4	63	78	60	2	618
CMY-141	621	68	1	116	5	61	4	61	620	34	7	63	117	5	67	619	8	66	62	4	150	4	59	16	66	116	7	5	31	32	3	44	4	4	9	63	69	59	9	40	33	4	67	4	622	15	12	63	4	8	115	70	66	4	4	35	7	66	5	4	620	32	34	4	31	69	5	10	65	66	112	36	622	4	4	9	63	33	34	28	7	5	5	34	34	6	6	71	4	5	65	4	4	68	119	30	67	45	71	10	68	6	4	115	60	67	5	10	4	4	4	68	70	4	4	4	5	2	2	2	2	2	4	4	6	4	4	5	5	3	2	3	2	4	0	31	7	2	38	157	4	31	32	7	65	68	67	72	34	36	61	4	4	40	5	31	68	6	116	133	6	65	80	62	4	619
CMY-124	620	70	30	117	30	63	29	63	621	31	28	65	119	30	69	620	33	68	64	29	151	30	61	31	68	116	33	30	19	29	28	49	29	29	34	65	70	61	34	49	28	29	68	29	621	40	33	65	29	33	114	72	68	29	29	32	28	68	30	29	621	29	31	29	26	71	32	34	67	68	111	27	621	29	29	34	65	32	5	22	32	30	30	6	31	31	31	73	29	30	67	29	29	70	119	21	69	71	73	35	70	27	29	115	62	69	30	35	29	29	29	70	71	29	29	29	30	31	31	31	31	31	29	29	31	29	29	30	30	32	31	32	31	29	31	0	28	31	21	159	29	30	29	32	67	70	67	73	31	33	63	29	29	27	30	8	70	31	116	136	31	67	80	64	29	620
CMY-125	619	65	6	112	6	58	5	58	618	31	6	60	113	6	64	617	9	63	59	5	148	6	56	17	63	112	9	6	28	29	4	41	5	5	10	60	66	56	10	37	30	5	64	5	620	16	9	60	5	9	111	67	63	5	5	32	4	63	6	5	618	29	31	5	28	66	8	10	62	63	108	33	620	5	5	10	60	30	31	25	8	6	6	31	31	7	7	68	5	6	62	5	5	65	115	27	64	47	68	11	65	3	5	111	57	64	6	11	5	5	5	65	67	5	5	5	6	7	7	7	7	7	5	5	7	5	5	6	6	8	7	8	7	5	7	28	0	7	35	154	5	28	29	8	62	65	64	69	31	33	58	5	5	37	6	28	65	7	112	131	7	62	77	59	5	617
CMY-145	620	68	1	117	5	61	4	61	619	34	7	63	118	5	67	618	8	66	62	3	151	4	59	16	66	117	8	5	31	32	3	44	4	4	9	63	69	59	9	40	33	4	67	4	621	15	12	63	4	8	116	70	66	4	4	35	7	66	5	4	619	32	34	4	31	69	5	10	65	66	113	36	621	4	4	9	63	33	34	28	7	5	5	34	34	6	6	71	4	5	65	4	4	68	120	30	67	45	71	10	68	6	4	116	60	67	5	10	4	4	4	68	70	4	4	4	5	2	2	2	2	2	4	4	6	4	4	5	5	3	2	3	2	4	2	31	7	0	38	157	4	31	32	7	65	68	67	72	34	36	61	4	4	40	5	31	68	6	117	134	6	65	80	62	4	618
CMY-122	619	71	37	112	37	64	36	64	619	34	37	66	114	37	70	618	40	69	65	36	154	37	62	40	69	111	40	37	29	32	35	50	36	36	41	66	71	62	41	50	31	36	69	36	620	47	40	66	36	40	111	73	69	36	36	33	35	71	37	36	619	32	30	36	29	72	39	41	68	69	108	28	620	36	36	41	68	29	26	32	39	37	37	25	34	38	38	74	36	37	68	36	36	73	116	34	70	78	74	42	71	34	36	110	63	70	37	42	36	36	36	71	72	36	36	36	37	38	38	38	38	38	36	36	38	36	36	37	37	39	38	39	38	36	38	21	35	38	0	155	36	33	32	39	70	71	68	74	34	36	64	36	36	28	37	25	71	38	111	137	38	70	83	65	36	618
CMY-157	623	166	156	162	156	168	155	163	629	153	155	168	162	156	163	629	159	167	170	155	195	156	161	157	171	162	159	156	154	151	154	155	155	155	160	168	164	166	158	156	153	155	162	155	624	164	157	166	155	159	160	165	167	155	155	148	153	164	156	155	629	152	150	155	150	166	158	153	169	163	159	153	624	155	155	160	161	156	160	153	158	156	156	161	151	157	157	166	155	156	170	155	155	166	166	157	172	197	168	161	169	152	155	163	166	165	155	159	155	154	155	164	165	155	155	155	156	157	157	157	157	157	155	155	157	155	155	156	156	156	155	156	157	155	157	159	154	157	155	0	155	150	151	158	163	166	171	165	151	156	168	155	155	155	156	161	165	157	163	178	157	163	180	164	155	629
CMY-171	620	66	3	115	3	59	2	59	619	32	5	61	116	3	65	618	6	64	60	2	149	3	57	14	64	115	6	3	29	30	1	42	2	2	7	61	67	57	7	38	31	2	65	2	621	13	10	61	2	6	114	68	64	2	2	33	5	64	3	2	619	30	32	2	29	67	5	8	63	64	111	34	621	2	2	7	61	31	32	26	5	3	3	32	32	4	4	69	2	3	63	2	2	66	118	28	65	44	69	8	66	4	2	114	58	65	3	8	2	2	2	66	68	2	2	2	3	4	4	4	4	4	2	2	4	2	2	3	3	5	4	5	4	2	4	29	5	4	36	155	0	29	30	5	63	66	65	70	32	34	59	2	2	38	3	29	66	4	115	132	4	63	78	60	2	618
CMY-155	621	70	30	114	30	64	29	64	621	7	28	66	116	30	69	620	33	69	65	29	153	30	62	23	69	114	33	30	20	11	28	47	29	29	34	66	71	62	34	49	12	29	69	29	622	40	33	66	29	33	111	72	68	29	29	8	28	71	30	29	621	13	13	29	8	71	32	34	68	68	108	33	622	29	29	34	68	34	29	17	32	30	30	34	7	31	31	73	29	30	68	29	29	73	117	25	70	71	73	35	71	27	29	113	63	69	30	35	29	29	29	70	72	29	29	29	30	31	31	31	31	31	29	29	31	29	29	30	30	32	31	32	31	29	31	30	28	31	33	150	29	0	1	32	70	70	70	74	11	11	64	29	29	29	30	30	70	31	114	136	31	70	83	65	29	620
CMY-96	620	71	31	115	31	65	30	65	620	6	29	67	117	31	70	619	34	70	66	30	154	31	63	22	70	115	34	31	19	10	29	48	30	30	35	67	71	63	35	50	11	30	69	30	621	41	34	67	30	34	112	73	69	30	30	7	29	72	31	30	620	12	12	30	7	72	33	35	69	69	109	32	621	30	30	35	69	33	28	16	33	31	31	33	6	32	32	74	30	31	69	30	30	74	118	24	71	72	74	36	72	28	30	114	64	70	31	36	30	30	30	71	72	30	30	30	31	32	32	32	32	32	30	30	32	30	30	31	31	33	32	33	32	30	32	29	29	32	32	151	30	1	0	33	71	71	71	74	10	10	65	30	30	28	31	29	71	32	115	137	32	71	84	66	30	619
CMY-121	616	69	6	118	6	62	5	62	615	35	8	64	119	6	68	614	9	67	63	5	152	6	60	17	67	118	9	6	32	33	4	45	5	5	10	64	70	60	10	41	34	5	68	5	617	16	7	64	5	9	117	71	67	5	5	36	8	67	6	5	615	33	35	5	32	70	8	11	66	67	114	37	617	5	4	10	64	34	35	29	8	6	6	35	35	7	7	72	5	6	66	5	5	69	121	31	68	47	72	11	69	7	5	117	61	68	6	11	5	5	5	69	71	5	5	5	5	7	7	7	7	7	5	5	7	5	5	6	6	8	7	8	7	5	7	32	8	7	39	158	5	32	33	0	66	69	68	73	35	37	62	5	5	41	6	32	69	7	118	135	7	65	81	63	5	614
CMY-152	627	18	64	106	63	17	63	8	631	69	64	14	106	64	15	631	67	10	17	63	150	64	10	68	14	106	67	64	65	71	62	59	63	63	68	15	17	19	68	55	68	63	19	63	628	74	67	17	63	67	105	19	19	63	63	71	62	1	64	63	631	67	70	63	70	16	66	60	14	21	102	64	628	63	63	68	2	66	70	63	66	64	64	71	72	65	65	18	63	64	16	63	63	3	107	64	19	105	15	69	11	61	63	103	9	17	64	65	63	63	63	16	18	63	63	63	64	65	65	65	65	65	63	63	65	63	63	64	63	66	65	66	65	63	65	67	62	65	70	163	63	70	71	66	0	16	16	20	71	75	18	63	63	67	64	69	19	65	106	134	65	3	24	9	63	631
CMY-97	627	8	67	110	66	21	66	12	631	69	67	18	108	67	7	630	70	14	21	66	149	67	14	70	14	110	70	67	67	71	65	58	66	66	71	17	9	23	71	59	68	66	11	66	628	77	70	19	66	70	107	13	15	66	66	71	65	17	67	66	631	67	70	66	70	8	69	63	16	15	106	67	628	66	66	71	18	69	72	65	69	67	67	74	72	68	68	12	66	67	20	66	66	19	109	68	19	108	9	72	17	64	66	107	19	11	67	68	66	66	66	10	10	66	66	66	67	68	68	68	68	68	66	66	68	66	66	67	66	69	68	69	68	66	68	70	65	68	71	166	66	70	71	69	16	0	18	12	71	75	20	66	66	69	67	72	13	68	110	133	68	17	28	13	66	630
CMY-151	627	22	66	111	65	13	65	8	629	69	66	18	111	66	17	628	69	14	9	65	155	66	10	70	14	111	69	66	67	71	64	59	65	65	70	17	21	15	70	57	68	65	21	65	628	76	69	11	65	69	110	13	23	65	65	71	64	17	66	65	629	67	70	65	70	18	68	62	2	19	107	66	628	65	65	70	18	68	70	65	68	66	66	71	72	67	67	12	65	66	20	65	65	19	112	66	19	107	23	71	13	63	65	108	15	15	66	67	65	65	65	16	20	65	65	65	66	67	67	67	67	67	65	65	67	65	65	66	65	68	67	68	67	65	67	67	64	67	68	171	65	70	71	68	16	18	0	22	71	75	16	65	65	69	66	71	17	67	111	137	67	17	28	9	65	628
CMY-128	628	12	71	111	70	23	70	18	633	72	71	20	113	71	5	632	74	24	25	70	154	71	20	73	24	112	74	71	70	74	69	64	70	70	75	21	5	25	75	62	71	70	5	70	629	81	74	23	70	74	112	15	21	70	70	74	69	21	71	70	633	70	73	70	73	8	73	67	20	17	109	68	629	70	70	75	22	70	75	68	73	71	71	77	75	72	72	14	70	71	22	70	70	23	113	71	29	112	17	76	19	68	70	109	23	13	71	72	70	70	70	12	4	70	70	70	71	72	72	72	72	72	70	70	72	70	70	71	70	73	72	73	72	70	72	73	69	72	74	165	70	74	74	73	20	12	22	0	74	78	20	70	69	72	71	75	15	72	111	138	72	21	38	19	70	632
CMY-129	621	71	33	116	33	65	32	65	620	10	31	67	118	33	70	619	36	70	66	32	156	33	63	20	70	116	36	33	21	8	31	50	32	32	37	67	71	63	37	52	15	32	69	32	622	43	36	67	32	36	113	73	69	32	32	7	31	72	33	32	620	10	10	32	11	72	35	37	69	69	110	34	622	32	32	37	69	35	30	18	35	33	33	35	8	34	34	74	32	33	69	32	32	74	119	26	71	74	74	38	72	30	32	115	64	70	33	38	32	32	32	71	72	32	32	32	33	34	34	34	34	34	32	32	34	32	32	33	33	35	34	35	34	32	34	31	31	34	34	151	32	11	10	35	71	71	71	74	0	12	65	32	32	30	33	31	71	34	116	139	34	71	84	66	32	619
CMY-127	624	75	35	119	35	69	34	69	623	10	33	71	120	35	74	622	38	74	70	34	157	35	67	26	74	117	38	35	23	11	33	52	34	34	39	71	75	67	39	54	17	34	73	34	625	45	38	71	34	38	116	77	73	34	34	9	33	76	35	34	623	14	16	34	11	76	37	39	73	73	112	36	625	34	34	39	73	37	32	20	37	35	35	37	8	36	36	78	34	35	73	34	34	78	122	28	75	76	78	40	76	32	34	118	68	74	35	40	34	34	34	75	76	34	34	34	35	36	36	36	36	36	34	34	36	34	34	35	35	37	36	37	36	34	36	33	33	36	36	156	34	11	10	37	75	75	75	78	12	0	69	34	34	30	35	33	75	36	119	140	36	75	88	70	34	622
CMY-89	629	18	60	111	59	11	59	12	631	63	60	10	111	60	15	630	63	18	13	59	153	60	12	64	18	111	63	60	61	65	58	55	59	59	64	9	19	11	64	51	62	59	17	59	630	70	63	15	59	63	110	21	21	59	59	65	58	19	60	59	631	61	64	59	64	16	62	58	14	23	107	60	630	59	59	64	18	62	66	59	62	60	60	67	66	61	61	22	59	60	12	59	59	21	111	62	21	101	25	65	13	57	59	107	11	21	60	61	59	59	59	22	18	59	59	59	60	61	61	61	61	61	59	59	61	59	59	60	59	62	61	62	61	59	61	63	58	61	64	168	59	64	65	62	18	20	16	20	65	69	0	59	59	63	60	65	23	61	111	137	61	19	32	13	59	630
CMY-153	618	66	3	115	3	59	2	59	617	32	5	61	116	3	65	616	6	64	60	2	149	3	57	14	64	115	6	3	29	30	1	42	2	2	7	61	67	57	7	38	31	2	65	2	619	13	10	61	2	6	114	68	64	2	2	33	5	64	3	2	617	30	32	2	29	67	5	8	63	64	111	34	619	2	2	7	61	31	32	26	5	3	3	32	32	4	4	69	2	3	63	2	2	66	118	28	65	44	69	8	66	4	2	114	58	65	3	8	2	2	2	66	68	2	2	2	3	4	4	4	4	4	2	2	4	2	2	3	3	5	4	5	4	2	4	29	5	4	36	155	2	29	30	5	63	66	65	70	32	34	59	0	2	38	3	29	66	4	115	132	4	63	78	60	2	616
CMY-130	620	66	3	115	3	59	2	59	619	32	5	61	116	3	65	618	6	64	60	2	149	3	57	14	64	115	6	3	29	30	1	42	2	2	7	61	67	57	7	38	31	2	65	2	621	13	10	61	2	6	114	68	64	2	2	33	5	64	3	2	619	30	32	2	29	67	5	8	63	64	111	34	621	2	2	7	61	31	32	26	5	3	3	32	32	4	4	69	2	3	63	2	2	66	118	28	65	44	69	8	66	4	2	114	58	65	3	8	2	2	2	66	68	2	2	2	3	4	4	4	4	4	2	2	4	2	2	3	3	5	4	5	4	2	4	29	5	4	36	155	2	29	30	5	63	66	65	69	32	34	59	2	0	38	3	29	66	4	115	132	4	63	78	60	2	618
CMY-144	627	69	39	119	39	63	38	63	627	26	37	65	120	39	68	626	42	68	64	38	154	39	61	34	68	118	42	39	20	27	37	50	38	38	43	65	69	61	43	48	23	38	67	38	628	49	42	65	38	42	116	71	67	38	38	29	37	68	39	38	627	24	26	38	25	70	41	43	67	67	112	20	628	38	38	43	65	27	24	19	41	39	39	31	30	40	40	72	38	39	67	38	38	70	119	30	69	80	72	44	70	36	38	115	62	68	39	44	38	38	38	69	70	38	38	38	39	40	40	40	40	40	38	38	40	38	38	39	39	41	40	41	40	38	40	27	37	40	28	155	38	29	28	41	67	69	69	72	30	30	63	38	38	0	39	27	69	40	118	137	40	67	82	64	38	626
CMY-138	621	67	4	116	4	60	3	60	620	33	6	62	117	4	66	619	6	65	61	3	150	4	58	15	65	116	7	4	30	31	2	43	3	3	8	62	68	58	8	39	32	3	66	3	622	14	11	62	3	7	115	69	65	3	3	34	6	65	2	3	620	31	33	3	30	68	6	9	64	65	112	35	622	3	3	8	62	32	33	27	4	2	4	33	33	3	3	70	3	2	64	3	3	67	119	29	66	45	70	7	67	5	3	115	59	66	4	9	3	3	3	67	69	3	3	3	3	4	5	5	5	5	3	3	5	3	3	4	2	6	5	6	5	3	5	30	6	5	37	156	3	30	31	6	64	67	66	71	33	35	60	3	3	39	0	30	67	5	116	133	3	64	79	61	3	619
CMY-106	622	72	30	117	30	65	29	65	623	31	28	67	119	30	71	622	33	70	66	29	151	30	63	31	70	116	33	30	19	29	28	49	29	29	34	67	72	63	34	51	28	29	70	29	623	40	33	67	29	33	114	74	70	29	29	32	28	70	30	29	623	29	31	29	26	73	32	34	69	70	111	27	623	29	29	34	67	30	11	22	32	30	30	12	31	31	31	75	29	30	69	29	29	72	119	23	71	71	75	35	72	27	29	115	64	71	30	35	29	29	29	72	73	29	29	29	30	31	31	31	31	31	29	29	31	29	29	30	30	32	31	32	31	29	31	8	28	31	25	161	29	30	29	32	69	72	71	75	31	33	65	29	29	27	30	0	72	31	116	136	31	69	84	66	29	622
CMY-109	630	17	67	110	66	14	66	15	632	69	67	23	110	67	10	631	70	21	18	66	153	67	17	70	21	110	70	67	67	71	65	60	66	66	71	24	10	16	71	56	68	66	14	66	631	77	70	14	66	70	109	12	20	66	66	71	65	20	67	66	632	67	70	66	70	13	69	63	15	2	106	67	631	66	66	71	21	69	72	65	69	67	67	74	72	68	68	11	66	67	25	66	66	22	111	68	26	108	16	72	22	64	66	107	20	4	67	68	66	66	66	5	13	66	66	66	67	68	68	68	68	68	66	66	68	66	66	67	66	69	68	69	68	66	68	70	65	68	71	165	66	70	71	69	19	13	17	15	71	75	23	66	66	69	67	72	0	68	110	135	68	20	35	16	66	631
CMY-131	619	68	5	117	5	61	4	61	618	34	7	63	118	3	67	617	8	66	62	4	151	5	59	16	66	117	6	3	31	32	3	44	4	4	9	63	69	59	9	40	33	4	67	4	620	15	12	63	4	8	116	70	66	4	4	35	7	66	5	4	618	32	34	4	31	69	7	10	65	66	113	36	620	4	4	9	63	33	34	28	7	5	5	34	34	6	6	71	4	5	65	4	4	68	120	30	67	46	71	10	68	6	2	116	60	67	5	10	4	4	4	68	70	4	4	4	5	6	6	6	6	6	4	4	6	4	4	5	5	7	6	5	4	4	6	31	7	6	38	157	4	31	32	7	65	68	67	72	34	36	61	4	4	40	5	31	68	0	117	134	6	65	80	62	4	617
CMY-137	623	114	116	8	116	108	115	105	628	115	114	111	20	116	109	628	119	109	108	115	136	116	107	121	113	10	118	116	113	115	114	112	115	115	120	108	110	110	119	112	113	115	112	115	624	125	117	112	115	119	12	110	114	115	115	116	114	107	116	115	628	113	115	115	113	110	118	114	109	112	9	115	624	115	115	120	108	113	116	112	118	116	116	117	117	117	117	109	115	116	113	115	115	109	14	116	118	157	113	121	112	113	115	7	106	109	116	121	115	115	115	108	111	115	115	115	116	117	117	117	117	117	115	115	117	115	115	116	116	118	117	118	117	115	116	116	112	117	111	163	115	114	115	118	106	110	111	111	116	119	111	115	115	118	116	116	110	117	0	122	117	106	122	106	115	628
CMY-159	627	133	133	122	133	136	132	131	633	137	131	139	118	133	134	632	136	135	136	132	35	133	129	139	137	122	135	133	131	135	131	126	132	132	137	136	135	134	135	130	134	132	133	132	628	141	134	134	132	136	123	133	137	132	132	138	130	135	133	131	633	135	137	132	136	135	135	129	135	133	119	135	628	132	132	137	132	135	136	132	135	133	133	139	139	134	134	134	132	133	141	132	132	137	125	138	138	174	136	138	140	129	132	121	136	134	133	132	132	131	132	133	136	132	132	132	133	134	134	134	133	134	132	132	134	132	132	133	133	135	134	135	134	132	133	136	131	134	137	178	132	136	137	135	134	133	137	138	139	140	137	132	132	137	133	136	135	134	122	0	134	133	148	132	132	632
CMY-167	620	68	5	117	5	61	4	61	619	34	7	63	118	5	67	618	7	66	62	4	151	5	59	16	66	117	8	5	31	32	3	44	4	4	9	63	69	59	9	40	33	4	67	4	621	15	12	63	4	8	116	70	66	4	4	35	7	66	3	4	619	32	34	4	31	69	7	10	65	66	113	36	621	4	4	9	63	33	34	28	1	1	5	34	34	2	4	71	4	3	65	4	4	68	120	30	67	46	71	6	68	6	4	116	60	67	5	10	4	4	4	68	70	4	4	4	4	5	6	6	6	6	4	4	6	4	4	5	3	7	6	7	6	4	6	31	7	6	38	157	4	31	32	7	65	68	67	72	34	36	61	4	4	40	3	31	68	6	117	134	0	65	80	62	4	618
CMY-168	627	19	64	106	63	18	63	9	631	69	64	15	106	64	16	631	67	11	18	63	149	64	11	68	15	106	67	64	65	71	62	59	63	63	68	16	18	20	68	55	68	63	20	63	628	74	67	18	63	67	105	20	20	63	63	71	62	4	64	63	631	67	70	63	70	17	66	60	15	22	102	64	628	63	61	68	5	66	70	63	66	64	64	71	72	65	65	19	63	64	17	63	63	6	107	64	20	105	16	69	12	61	63	103	12	18	64	65	63	63	63	17	19	63	63	63	62	65	65	65	65	65	63	63	65	63	63	64	63	66	65	66	65	63	65	67	62	65	70	163	63	70	71	65	3	17	17	21	71	75	19	63	63	67	64	69	20	65	106	133	65	0	25	10	63	631
CMY-169	632	32	79	122	78	31	78	20	633	82	79	26	120	79	33	633	82	16	31	78	165	79	22	83	22	122	82	79	80	84	77	70	78	78	83	25	35	33	83	71	81	78	37	78	633	81	82	29	78	82	119	37	35	78	78	84	77	25	79	78	633	80	83	78	83	34	81	75	26	37	118	79	633	78	78	83	26	80	83	78	81	79	79	85	85	80	80	36	78	79	28	78	78	27	121	78	27	120	31	84	25	76	78	119	25	33	79	80	78	78	78	34	36	78	78	78	79	80	80	80	80	80	78	78	80	78	78	79	78	81	80	81	80	78	80	80	77	80	83	180	78	83	84	81	24	28	28	38	84	88	32	78	78	82	79	84	35	80	122	148	80	25	0	21	78	633
CMY-170	628	19	61	106	60	12	60	1	630	64	61	15	106	61	14	629	64	7	12	60	148	61	3	65	9	106	64	61	62	66	59	54	60	60	65	14	16	14	65	52	63	60	18	58	629	71	64	10	60	64	105	18	18	60	60	66	59	10	61	60	630	62	65	60	65	15	63	57	7	18	102	61	629	60	60	65	11	63	67	60	63	61	61	68	67	62	62	17	60	61	17	60	60	12	107	63	14	102	18	66	10	58	60	103	10	14	61	62	60	60	60	15	17	60	60	60	61	62	62	62	62	62	60	60	62	60	60	61	60	63	62	63	62	60	62	64	59	62	65	164	60	65	66	63	9	13	9	19	66	70	13	60	60	64	61	66	16	62	106	132	62	10	21	0	60	629
CMY-174	618	66	3	115	3	59	2	59	617	32	5	61	116	3	65	616	6	64	60	2	149	3	57	14	64	115	6	3	29	30	1	42	2	2	7	61	67	57	7	38	31	2	65	2	619	13	10	61	2	6	114	68	64	2	2	33	5	64	3	2	617	30	32	2	29	67	5	8	63	64	111	34	619	2	2	7	61	31	32	26	5	3	3	32	32	4	4	69	2	3	63	2	2	66	118	28	65	44	69	8	66	4	2	114	58	65	3	8	2	2	2	66	68	2	2	2	3	4	4	4	4	4	2	2	4	2	2	3	3	5	4	5	4	2	4	29	5	4	36	155	2	29	30	5	63	66	65	70	32	34	59	2	2	38	3	29	66	4	115	132	4	63	78	60	0	616
CMY-8b	23	629	619	627	618	632	617	628	2	619	618	630	628	615	630	1	621	629	631	617	636	619	627	622	627	630	617	616	623	618	617	623	618	616	623	631	632	632	622	627	618	618	629	618	22	623	613	631	618	619	624	631	629	616	618	620	617	631	619	618	3	619	619	618	618	631	620	618	628	630	627	623	23	618	617	623	630	621	622	620	618	617	619	621	621	616	618	631	617	617	632	617	618	632	627	628	628	660	630	619	631	617	616	628	632	630	619	622	618	617	617	631	631	618	618	618	618	620	620	619	620	620	618	617	620	618	616	615	618	619	619	620	618	618	619	620	617	618	618	629	618	620	619	614	631	630	628	632	619	622	630	616	618	626	619	622	631	617	628	632	618	631	633	629	616	0
