	TEM-126	TEM-72	TEM-59	TEM-34	TEM-7	TEM-132	TEM-47	TEM-16	TEM-102	TEM-116	TEM-109	TEM-43	TEM-87	TEM-183	TEM-198	TEM-195	TEM-78	TEM-121	TEM-138	TEM-206	TEM-92	TEM-158	TEM-91	TEM-11	TEM-67	TEM-17	TEM-207	TEM-176	TEM-148	TEM-166	TEM-1	TEM-112	TEM-155	TEM-122	TEM-214	TEM-71	TEM-33	TEM-2	TEM-182	TEM-22	TEM-151	TEM-128	TEM-191	TEM-188	TEM-84	TEM-52	TEM-95	TEM-133	TEM-106	TEM-107	TEM-187	TEM-110	TEM-73	TEM-145	TEM-201	TEM-21	TEM-89	TEM-162	TEM-10	TEM-120	TEM-159	TEM-205	TEM-213	TEM-192	TEM-30	TEM-217	TEM-6	TEM-55	TEM-171	TEM-26	TEM-113	TEM-83	TEM-68	TEM-163	TEM-142	TEM-42	TEM-185	TEM-63	TEM-49	TEM-152	TEM-125	TEM-88	TEM-137	TEM-96	TEM-153	TEM-209	TEM-29	TEM-28	TEM-136	TEM-118	TEM-20	TEM-169	TEM-79	TEM-186	TEM-90	TEM-156	TEM-146	TEM-129	TEM-54	TEM-134	TEM-219	TEM-178	TEM-144	TEM-114	TEM-45	TEM-104	TEM-141	TEM-177	TEM-93	TEM-149	TEM-193	TEM-124	TEM-85	TEM-15	TEM-40	TEM-216	TEM-157	TEM-199	TEM-75	TEM-160	TEM-168	TEM-130	TEM-81	TEM-194	TEM-197	TEM-139	TEM-117	TEM-80	TEM-211	TEM-143	TEM-135	TEM-115	TEM-184	TEM-101	TEM-53	TEM-127	TEM-19	TEM-12	TEM-48	TEM-164	TEM-147	TEM-131	TEM-8	TEM-3	TEM-94	TEM-82	TEM-70	TEM-86	TEM-208	TEM-150	TEM-167	TEM-76	TEM-154	TEM-105	TEM-190	TEM-111	TEM-215	TEM-24	TEM-189	TEM-57	TEM-123	TEM-108	TEM-60	TEM-196	TEM-4	TEM-220	TEM-231	TEM-232	TEM-233	TEM-227	TEM-181	TEM-228	TEM-229	TEM-230	TEM-5	TEM-9	TEM-31	TEM-32	TEM-35	TEM-36	TEM-37	TEM-39	TEM-210	TEM-212	TEM-224	TEM-225	TEM-226	TEM-234	TEM-235	TEM-236	TEM-237	TEM-238	TEM-240	TEM-241	TEM-242	TEM-243	TEM-98	TEM-99
TEM-126	0	9	39	3	86	5	8	10	12	7	6	4	10	6	3	16	10	12	10	3	9	5	5	9	10	10	3	3	3	3	3	7	8	4	3	9	3	8	5	14	11	3	8	10	8	6	3	9	2	4	15	9	6	7	4	14	38	13	4	8	7	13	11	111	3	3	7	4	6	7	10	10	9	5	11	30	8	9	12	11	14	4	10	6	5	4	7	4	7	86	10	8	4	3	6	6	7	9	6	11	5	30	4	11	9	4	4	11	6	9	22	8	11	4	5	4	9	20	87	9	6	11	7	25	8	10	104	8	11	3	1	8	9	12	9	3	8	8	11	4	5	10	11	10	10	7	3	12	3	6	12	3	7	3	10	10	3	10	7	4	14	11	17	4	11	2	6	4	9	12	6	3	8	4	5	11	3	3	4	4	4	10	4	8	10	6	5	3	5	5	6	4	4	10	3	7	10	9
TEM-72	9	0	34	10	82	10	5	5	19	10	11	9	7	9	10	13	7	7	5	10	4	12	6	4	5	11	10	10	10	10	8	8	5	9	10	2	10	3	12	7	8	10	3	3	5	7	10	8	9	9	12	6	9	11	11	7	31	16	9	5	6	13	11	117	10	10	10	9	9	10	3	7	6	10	6	21	7	8	5	6	11	9	5	9	8	9	12	9	10	84	5	13	11	10	9	9	10	6	9	4	10	26	9	4	6	11	9	6	5	6	19	15	6	9	8	11	12	13	85	4	9	10	10	22	9	5	106	11	6	10	8	7	8	3	6	10	3	5	4	11	10	9	4	3	5	10	10	7	10	9	7	10	10	10	7	7	10	7	8	9	11	16	12	11	6	9	9	11	14	5	9	10	11	11	10	8	10	8	11	11	11	7	11	5	7	7	10	10	8	8	9	9	7	5	10	12	13	14
TEM-59	39	34	0	38	50	40	37	33	47	38	39	39	37	37	38	41	35	37	35	38	36	40	38	32	33	39	38	38	38	38	36	38	35	37	38	34	38	31	40	31	35	38	33	35	33	39	38	36	39	41	33	34	37	39	39	31	5	44	39	35	36	37	33	85	38	38	38	37	37	38	35	35	38	37	36	35	35	38	37	36	39	41	35	36	38	37	34	39	40	52	31	35	39	38	37	37	38	34	37	34	38	49	39	34	34	39	37	38	39	36	47	45	36	39	36	39	40	43	53	32	37	38	38	50	39	35	74	39	38	38	38	35	38	35	34	38	33	33	36	39	38	39	34	33	37	38	38	37	38	37	37	36	38	38	35	35	38	37	38	37	41	44	40	39	36	39	37	39	42	34	37	38	39	39	40	36	38	38	39	39	39	35	39	33	37	39	40	38	36	38	37	39	37	33	40	40	40	41
TEM-34	3	10	38	0	85	4	7	9	11	6	4	5	11	5	2	15	7	11	9	2	10	3	6	8	9	9	2	2	2	2	2	6	7	3	2	8	1	7	4	13	8	2	7	9	7	7	2	8	3	5	14	8	4	6	3	13	37	12	3	7	8	14	10	110	2	2	6	3	5	6	11	8	8	4	10	29	6	10	11	8	12	5	9	5	6	3	6	3	6	85	11	6	3	2	5	5	6	8	5	10	4	29	3	10	7	3	3	12	7	10	21	9	10	3	4	3	8	19	86	6	5	10	5	24	7	9	103	6	12	2	2	7	10	11	8	2	7	7	10	3	4	11	10	9	11	4	2	11	2	5	11	2	5	2	8	9	2	9	5	3	13	10	16	3	10	3	5	3	8	11	5	2	7	3	4	10	2	4	2	1	3	8	2	7	11	7	4	2	4	6	5	5	5	9	4	6	9	8
TEM-7	86	82	50	85	0	87	84	81	94	86	86	87	83	85	85	88	83	83	83	84	83	85	85	80	81	87	85	85	85	85	83	86	81	85	84	82	85	79	87	79	83	85	81	83	81	87	85	82	86	88	81	82	85	87	86	79	55	92	84	83	84	83	81	49	85	85	86	85	85	84	83	83	85	85	84	65	83	84	85	84	85	88	81	84	86	85	82	86	86	4	79	83	86	85	85	85	86	79	85	82	85	97	85	80	82	84	85	83	87	82	94	91	82	86	84	85	87	73	5	80	85	83	86	98	87	82	26	87	85	84	85	83	83	81	80	85	81	79	84	85	86	85	80	81	85	86	85	83	85	85	85	85	84	85	83	83	85	83	86	85	88	88	86	86	84	86	85	84	90	82	85	85	87	86	85	82	85	86	86	86	86	83	86	81	82	87	87	85	84	85	85	86	85	81	85	84	84	85
TEM-132	5	10	40	4	87	0	7	9	13	8	5	5	13	7	4	17	11	11	11	4	12	6	6	8	11	11	4	4	4	4	4	8	7	5	4	8	4	9	6	15	10	4	7	9	9	9	4	10	5	5	14	10	7	8	5	15	39	14	3	9	10	16	12	112	4	4	6	5	7	8	13	11	8	6	12	29	9	12	11	8	15	7	9	7	8	5	6	1	6	85	13	9	5	4	7	7	8	10	7	10	6	31	3	10	10	5	5	12	7	12	23	11	10	5	6	5	10	21	86	10	7	12	8	26	9	11	105	9	14	4	4	7	12	11	10	4	9	9	10	5	4	13	12	11	13	8	4	11	4	7	13	4	8	4	11	11	4	9	6	5	15	12	18	5	12	5	7	5	10	13	7	4	9	5	4	12	4	6	5	5	5	11	5	9	13	9	6	4	6	8	7	7	7	9	6	8	11	10
TEM-47	8	5	37	7	84	7	0	8	16	9	8	10	10	8	7	14	8	10	6	7	7	9	7	7	8	10	7	7	7	7	5	7	8	8	7	3	7	6	9	10	9	7	4	4	6	8	7	9	8	8	11	5	8	10	8	10	34	15	6	6	9	16	12	115	7	7	9	8	8	9	8	8	1	9	5	22	8	11	4	7	12	8	6	8	9	8	11	6	9	82	8	12	8	7	8	8	9	7	8	7	7	27	6	7	7	8	8	11	6	9	20	14	5	6	7	8	11	16	83	7	6	11	9	23	8	6	106	10	9	7	7	8	11	6	7	7	4	6	3	8	9	12	7	6	6	9	7	6	7	8	6	7	9	7	8	6	7	10	7	8	12	15	15	8	5	8	8	8	13	8	8	7	10	6	7	7	7	9	8	8	8	8	8	6	10	8	7	7	7	9	8	8	8	8	9	11	12	13
TEM-16	10	5	33	9	81	9	8	0	18	9	6	6	6	8	9	12	6	6	4	9	5	11	9	1	4	8	9	9	9	9	7	9	6	8	9	5	9	2	11	6	5	9	4	6	4	8	9	5	8	8	9	5	8	10	10	6	30	15	10	6	7	12	10	116	9	9	5	8	8	7	4	6	9	9	5	24	6	7	8	5	10	10	6	8	7	8	9	8	11	81	8	12	10	9	8	8	9	3	8	1	9	26	10	5	5	10	8	7	10	5	18	14	7	8	7	10	11	12	82	3	8	7	9	21	8	4	105	10	7	9	9	4	7	6	5	9	4	4	7	10	7	8	3	2	6	9	9	8	9	8	6	9	9	9	6	4	9	6	9	8	10	15	9	10	5	10	8	10	13	4	8	9	10	10	11	5	9	9	10	10	10	6	10	4	6	8	9	9	7	9	8	10	8	2	9	11	12	13
TEM-102	12	19	47	11	94	13	16	18	0	13	14	14	20	14	11	23	18	20	18	11	19	13	15	17	18	18	11	11	11	11	11	15	16	12	11	17	11	16	13	22	19	11	16	18	16	16	11	17	12	14	21	17	14	15	12	22	46	19	12	16	17	21	19	119	11	11	15	12	14	15	20	18	17	13	19	38	16	19	20	19	22	14	18	14	15	12	15	12	15	94	20	16	12	11	14	14	15	17	14	19	13	38	12	19	17	12	12	21	16	19	29	18	19	12	13	12	15	28	95	17	14	19	15	33	14	18	112	16	21	11	11	16	19	20	17	11	16	16	19	12	13	20	19	18	20	15	11	20	11	14	20	11	15	11	18	18	11	18	15	12	22	19	25	12	19	12	14	12	17	20	12	11	14	12	13	19	11	13	12	12	12	18	12	16	20	16	13	11	13	15	14	14	14	18	13	15	18	17
TEM-116	7	10	38	6	86	8	9	9	13	0	7	7	11	3	6	15	9	11	9	6	10	8	6	8	9	7	6	6	6	6	4	4	7	5	6	8	6	7	8	13	10	6	7	9	7	5	6	8	7	9	12	8	5	7	7	13	37	6	7	7	8	8	8	113	6	6	4	5	1	4	11	9	10	6	10	29	7	10	11	10	13	9	9	5	6	5	8	7	8	86	11	9	5	6	3	3	4	10	3	10	4	29	7	10	8	7	5	12	5	10	21	13	10	7	4	7	2	19	87	8	3	12	4	24	3	11	104	5	12	6	6	7	10	11	8	6	7	7	10	7	6	11	10	9	11	4	6	11	6	3	11	6	4	6	9	9	6	9	4	5	13	12	16	7	10	7	3	7	10	11	1	6	1	7	8	10	6	6	7	7	7	9	7	7	11	7	8	6	4	6	3	7	5	9	8	8	7	10
TEM-109	6	11	39	4	86	5	8	6	14	7	0	4	10	6	5	16	9	10	8	5	9	5	7	7	10	8	5	5	5	5	3	7	8	6	5	9	3	8	7	12	8	5	8	10	8	6	5	7	4	4	13	9	4	8	6	12	36	13	6	8	9	13	11	113	5	5	3	6	6	5	10	9	9	7	9	30	6	9	12	8	12	6	10	6	5	6	7	4	9	84	12	8	6	5	6	6	7	7	6	7	5	30	6	11	8	6	6	11	8	9	22	10	11	4	5	6	9	18	85	8	6	9	5	25	6	8	104	6	11	5	5	6	9	12	9	5	8	8	11	6	5	10	9	8	10	6	5	12	5	6	10	5	5	5	8	8	5	8	5	6	12	13	15	6	9	6	6	6	11	10	6	5	8	6	7	9	5	7	4	5	6	8	4	8	10	6	5	5	5	7	6	6	6	8	5	9	10	11
TEM-43	4	9	39	5	87	5	10	6	14	7	4	0	8	6	5	16	10	10	8	5	7	7	5	7	10	8	5	5	5	5	5	7	8	4	5	9	5	8	7	12	9	5	8	10	8	4	5	7	2	2	13	9	6	7	6	12	36	13	6	8	7	11	11	112	5	5	3	4	6	5	8	10	11	5	9	30	8	7	12	9	14	4	10	6	3	4	5	4	7	85	10	8	6	5	6	6	7	9	6	7	7	30	6	11	9	6	4	9	6	7	22	8	11	4	5	6	9	18	86	9	6	11	7	25	6	10	105	8	9	5	3	6	7	12	9	5	8	8	11	6	3	8	9	8	8	7	5	12	5	6	10	5	7	5	10	8	5	8	7	4	12	11	15	6	9	4	6	6	9	10	6	5	8	6	7	9	5	3	6	6	6	10	6	8	8	4	5	5	5	5	6	6	4	8	3	7	10	9
TEM-87	10	7	37	11	83	13	10	6	20	11	10	8	0	10	11	12	8	9	6	11	3	12	7	7	8	10	11	11	11	11	9	11	9	10	11	7	11	6	13	10	9	11	6	8	6	8	11	6	8	10	13	7	10	12	12	10	34	17	11	8	7	11	12	117	11	11	9	10	10	8	6	8	11	11	7	28	8	6	10	9	11	10	7	10	7	10	13	12	12	84	8	14	12	11	10	10	11	6	10	7	11	28	10	8	7	12	10	6	10	4	18	12	8	10	9	12	13	16	85	7	10	10	11	23	10	8	106	12	5	9	9	8	4	10	6	11	6	5	9	12	11	7	6	6	6	11	11	9	11	10	8	11	10	11	8	6	11	9	11	10	10	17	12	12	7	10	10	11	15	8	10	11	12	12	12	6	11	9	12	12	12	8	12	6	3	8	11	11	9	7	10	10	8	8	8	13	14	15
TEM-183	6	9	37	5	85	7	8	8	14	3	6	6	10	0	5	14	8	10	8	5	9	7	5	7	8	6	5	5	5	5	3	3	6	4	5	7	5	6	7	12	9	5	6	8	6	4	5	7	6	8	13	7	4	6	6	12	36	9	6	6	7	11	7	112	5	5	3	4	2	3	10	8	9	5	9	28	6	9	10	9	12	8	8	4	5	4	7	6	7	85	10	8	4	5	2	2	3	9	2	9	3	28	6	9	7	6	4	11	4	9	20	12	9	6	3	6	5	18	86	7	2	11	3	23	4	10	103	4	11	5	5	6	9	10	7	5	6	6	9	6	5	10	9	8	10	3	5	10	5	2	10	5	3	5	8	8	5	8	3	4	12	11	15	6	9	6	2	6	9	10	2	5	4	6	7	9	5	5	6	6	6	8	6	6	10	6	7	5	3	5	2	6	4	8	7	7	6	9
TEM-198	3	10	38	2	85	4	7	9	11	6	5	5	11	5	0	15	9	11	9	2	10	4	6	8	9	9	2	2	2	2	2	6	7	3	2	8	2	7	4	13	10	2	7	9	7	7	2	8	3	5	14	8	5	6	3	13	37	12	3	7	8	14	10	109	2	2	6	3	5	6	11	9	8	4	10	29	7	10	11	10	13	5	9	5	6	3	6	3	6	85	11	7	3	2	5	5	6	8	5	10	4	29	3	10	8	3	3	12	7	10	21	9	10	3	4	3	8	19	86	8	5	10	6	24	7	9	102	7	12	2	2	7	10	11	8	2	7	7	10	3	4	11	10	9	11	6	2	11	2	5	11	2	6	2	9	9	2	9	6	3	13	10	16	3	10	3	5	3	8	11	5	2	7	3	4	10	2	4	3	3	3	9	3	7	11	7	4	2	4	6	5	5	5	9	4	6	9	8
TEM-195	16	13	41	15	88	17	14	12	23	15	16	16	12	14	15	0	12	15	12	15	13	16	13	11	12	16	15	15	15	15	13	15	13	14	15	11	15	10	17	16	13	15	10	12	10	16	15	12	16	18	17	11	14	16	16	16	40	21	15	12	13	19	16	122	15	15	15	14	14	14	14	12	15	15	13	32	12	14	14	13	15	18	11	14	15	14	17	16	16	89	14	18	16	15	14	14	15	12	14	13	15	32	14	12	11	16	14	16	16	12	10	22	12	16	13	16	17	22	90	11	14	16	15	13	16	14	111	16	15	13	15	12	14	14	10	15	10	9	13	16	15	15	12	12	14	15	15	13	15	14	14	15	14	15	12	12	15	15	15	14	18	21	18	16	13	16	14	15	19	14	14	15	16	16	16	12	15	15	16	16	16	12	16	10	13	16	17	15	13	13	14	16	14	12	16	17	18	19
TEM-78	10	7	35	7	83	11	8	6	18	9	9	10	8	8	9	12	0	10	6	9	7	8	9	5	6	10	9	9	9	9	7	9	8	8	9	5	8	4	11	10	3	9	4	6	2	10	9	7	10	12	11	5	7	10	10	10	34	15	10	6	7	14	10	115	9	9	9	8	8	9	8	5	9	9	7	26	3	9	8	3	5	12	6	8	9	8	11	10	11	83	8	10	10	9	8	8	9	7	8	7	9	26	10	7	4	10	8	11	10	7	18	16	7	10	7	10	11	16	84	3	8	11	8	21	10	8	104	7	9	9	9	6	9	8	5	9	4	4	7	10	9	10	7	6	8	7	9	8	9	8	8	9	8	9	2	6	9	10	8	8	12	15	13	10	7	10	8	10	13	8	8	9	10	10	11	7	9	9	7	6	8	1	9	4	8	10	11	9	7	9	8	9	8	6	11	11	12	13
TEM-121	12	7	37	11	83	11	10	6	20	11	10	10	9	10	11	15	10	0	8	11	9	11	8	7	7	10	11	11	11	11	9	11	4	10	11	7	11	6	13	10	11	11	6	8	8	10	11	5	10	12	15	9	8	12	12	10	34	17	8	8	9	12	12	118	9	11	9	10	10	7	8	10	11	11	9	26	8	7	10	9	12	12	6	10	9	10	13	10	7	87	12	14	11	11	10	10	11	5	10	7	11	30	9	3	9	12	10	3	10	7	21	16	7	10	9	12	13	16	88	7	10	5	11	25	10	8	107	12	11	10	11	8	7	8	7	11	8	6	9	12	11	6	5	6	10	11	11	6	11	10	10	11	9	11	10	8	11	2	9	10	14	17	11	12	9	12	10	10	15	8	10	11	12	12	7	7	10	11	12	12	12	10	12	8	8	10	11	11	9	10	10	12	10	8	9	13	14	13
TEM-138	10	5	35	9	83	11	6	4	18	9	8	8	6	8	9	12	6	8	0	9	3	11	9	5	6	8	9	9	9	9	7	7	8	8	9	3	9	4	11	6	7	9	4	4	4	6	9	5	8	8	11	5	8	10	10	6	30	15	10	4	7	12	10	116	9	9	7	8	8	7	4	6	7	9	3	24	6	7	6	7	10	8	6	8	7	8	11	10	11	83	6	12	10	9	8	8	9	5	8	3	9	25	10	7	5	10	8	9	8	5	18	14	7	6	7	10	11	12	84	5	8	9	9	21	6	4	105	10	5	9	9	6	7	6	5	9	2	4	5	10	9	8	3	2	4	9	9	8	9	8	4	9	9	9	6	4	9	8	9	8	8	15	11	10	3	10	8	10	13	4	8	9	10	10	11	5	9	9	10	10	10	6	10	4	6	6	7	9	7	9	8	10	8	6	9	11	12	13
TEM-206	3	10	38	2	84	4	7	9	11	6	5	5	11	5	2	15	9	11	9	0	10	4	6	8	9	9	2	2	2	2	2	6	7	3	2	8	2	7	4	13	10	2	7	9	7	7	2	8	3	5	14	8	5	6	3	13	37	12	3	7	8	14	10	109	2	2	6	3	5	6	11	9	8	4	10	29	7	10	11	10	13	5	9	5	6	3	6	3	6	84	11	7	3	2	5	5	6	8	5	10	4	29	3	10	8	3	3	12	7	10	21	9	10	3	4	2	8	19	85	8	5	10	6	24	7	9	102	7	12	2	2	7	10	11	8	2	7	7	10	3	4	11	10	9	11	6	2	11	2	5	11	2	6	2	9	9	2	9	6	3	13	10	16	3	10	3	5	3	8	11	5	2	7	3	4	10	2	4	3	3	3	9	3	7	11	7	4	2	4	6	5	5	5	9	4	6	9	8
TEM-92	9	4	36	10	83	12	7	5	19	10	9	7	3	9	10	13	7	9	3	10	0	12	8	6	7	9	10	10	10	10	8	8	9	9	10	4	10	5	12	7	8	10	5	5	5	5	10	6	7	7	12	6	9	11	11	7	31	16	11	5	6	11	11	116	10	10	8	9	9	8	3	7	8	10	4	25	7	6	7	8	11	7	7	9	6	9	12	11	12	83	5	13	11	10	9	9	10	6	9	4	10	26	11	8	6	11	9	6	7	4	19	11	8	7	8	11	12	13	84	6	9	10	10	22	7	5	105	11	2	10	8	7	4	7	6	10	3	5	6	11	10	7	4	3	3	10	10	9	10	9	5	10	10	10	7	5	10	9	10	9	7	16	12	11	4	9	9	11	14	5	9	10	11	11	12	6	10	8	11	11	11	7	11	5	3	5	8	10	8	8	9	9	7	7	8	12	13	14
TEM-158	5	12	40	3	85	6	9	11	13	8	5	7	12	7	4	16	8	11	11	4	12	0	7	10	11	11	4	4	4	4	4	8	7	5	4	10	2	9	6	15	9	4	9	11	7	9	4	8	5	7	16	10	5	8	5	15	39	14	3	9	10	14	12	111	4	4	8	5	7	6	13	10	10	6	12	31	7	10	13	9	9	7	9	7	8	5	8	5	6	87	13	7	5	4	7	7	8	8	7	12	6	31	4	10	9	5	5	12	9	10	22	11	10	5	6	5	10	21	88	9	7	10	6	26	9	11	104	5	14	3	4	9	10	13	8	4	9	7	12	5	6	11	10	11	13	7	4	11	4	7	13	4	4	4	7	11	4	9	6	5	15	12	16	5	12	5	7	3	10	13	7	4	9	5	4	10	4	6	1	2	3	7	3	9	11	9	6	4	6	7	7	7	7	11	4	8	11	10
TEM-91	5	6	38	6	85	6	7	9	15	6	7	5	7	5	6	13	9	8	9	6	8	7	0	8	9	9	6	6	6	6	4	6	4	5	6	6	6	7	8	13	10	6	5	7	7	5	6	7	5	7	14	8	5	7	7	13	37	12	4	7	6	11	10	113	6	6	6	5	5	5	9	9	8	6	10	27	7	7	9	8	12	7	6	5	4	5	8	5	5	86	9	9	7	6	5	5	6	9	5	10	6	29	3	7	8	7	5	7	3	7	19	11	7	7	4	7	8	19	87	8	5	11	6	24	7	11	104	7	10	4	4	7	7	9	7	6	7	6	8	7	6	8	9	9	9	6	6	8	6	5	11	6	5	6	9	9	6	6	4	5	13	12	15	7	10	5	5	6	10	11	5	6	7	7	5	9	6	4	7	7	7	9	7	7	8	5	8	6	4	2	5	5	3	9	5	8	9	10
TEM-11	9	4	32	8	80	8	7	1	17	8	7	7	7	7	8	11	5	7	5	8	6	10	8	0	3	9	8	8	8	8	6	8	5	7	8	4	8	1	10	7	4	8	3	5	3	9	8	6	9	9	8	4	7	9	9	7	31	14	9	5	6	13	9	115	8	8	6	7	7	8	5	5	8	8	6	23	5	8	7	4	9	11	5	7	8	7	8	7	10	80	7	11	9	8	7	7	8	4	7	2	8	25	9	4	4	9	7	8	9	6	17	15	6	9	6	9	10	13	81	2	7	8	8	20	9	5	104	9	8	8	8	3	8	5	4	8	3	3	6	9	6	9	4	3	7	8	8	7	8	7	7	8	8	8	5	5	8	7	8	7	11	14	10	9	6	9	7	9	12	5	7	8	9	9	10	6	8	8	9	9	9	5	9	3	7	9	10	8	6	8	7	9	7	1	10	10	11	12
TEM-67	10	5	33	9	81	11	8	4	18	9	10	10	8	8	9	12	6	7	6	9	7	11	9	3	0	10	9	9	9	9	7	9	6	8	9	5	9	2	11	8	7	9	4	5	4	10	9	6	10	12	10	4	7	10	10	8	32	15	10	5	6	14	10	116	8	9	9	8	8	9	6	6	9	9	7	24	6	8	7	7	10	12	6	8	9	8	11	10	11	83	8	12	9	9	8	8	9	5	8	5	9	26	10	5	5	10	8	9	10	7	18	16	6	10	7	10	11	14	83	3	8	9	9	21	10	6	104	10	9	9	9	5	9	6	4	9	4	4	6	10	9	9	5	4	7	9	9	7	9	8	7	9	9	9	6	6	9	8	9	8	12	15	11	10	6	10	8	10	13	6	8	9	10	10	11	6	7	9	10	10	10	6	10	4	8	10	11	9	7	9	8	10	8	4	11	11	12	12
TEM-17	10	11	39	9	87	11	10	8	18	7	8	8	10	6	9	16	10	10	8	9	9	11	9	9	10	0	9	9	9	9	7	7	10	8	9	9	9	8	11	12	11	9	8	10	8	6	9	7	8	10	15	9	8	9	10	12	36	13	10	8	9	12	10	116	9	8	5	8	6	5	10	10	11	9	9	30	8	9	12	11	12	10	10	8	7	8	11	10	11	87	12	12	8	9	6	6	7	9	6	9	7	30	10	11	9	10	8	11	8	9	22	14	11	8	7	10	9	18	88	9	6	11	7	25	6	10	107	8	11	9	9	8	9	12	9	9	8	8	11	10	9	10	9	8	10	7	9	12	9	6	10	9	7	9	10	8	9	10	7	8	14	15	15	10	9	10	6	10	13	10	6	9	8	10	11	9	9	9	10	10	10	10	10	8	10	8	9	9	7	9	6	10	8	10	9	11	10	13
TEM-207	3	10	38	2	85	4	7	9	11	6	5	5	11	5	2	15	9	11	9	2	10	4	6	8	9	9	0	2	2	2	2	6	7	3	2	8	2	7	4	13	10	2	7	9	7	7	2	8	3	5	14	8	5	6	3	13	37	12	3	7	8	14	10	110	2	2	6	3	5	6	11	9	8	4	10	29	7	10	11	10	13	5	7	5	6	3	6	3	6	85	11	7	3	2	5	5	6	8	5	10	4	29	3	10	8	3	3	12	7	9	21	9	10	3	4	3	8	19	86	8	5	10	6	24	7	9	103	7	12	2	2	7	10	11	8	2	7	7	10	3	4	11	10	9	11	6	2	11	2	5	11	2	6	2	9	9	2	9	6	3	13	10	16	3	10	3	5	3	8	11	5	2	7	3	4	10	2	4	3	3	3	9	3	7	11	7	4	2	4	6	5	5	5	9	4	6	9	8
TEM-176	3	10	38	2	85	4	7	9	11	6	5	5	11	5	2	15	9	11	9	2	10	4	6	8	9	9	2	0	2	2	2	6	7	3	2	8	2	7	4	13	10	2	7	9	7	7	2	8	3	5	14	8	5	6	3	13	37	12	3	7	8	14	10	110	2	2	6	3	5	6	11	9	8	4	10	29	7	10	11	10	13	5	9	5	6	3	6	3	6	85	11	7	3	2	5	5	6	8	5	10	4	29	3	10	8	3	3	12	7	10	21	9	10	3	4	3	8	19	86	8	5	10	6	24	7	9	103	7	12	2	2	7	10	11	8	2	7	7	10	3	2	11	10	9	11	6	2	11	2	5	9	2	6	2	9	9	2	9	6	3	13	10	16	3	10	3	5	3	8	11	5	2	7	3	4	10	2	4	3	3	3	9	3	7	11	7	2	2	4	6	5	5	5	9	4	6	9	8
TEM-148	3	10	38	2	85	4	7	9	11	6	5	5	11	5	2	15	9	11	9	2	10	4	6	8	9	9	2	2	0	2	2	6	7	3	2	8	2	7	4	13	10	2	7	9	7	7	2	8	3	5	14	8	5	6	3	13	37	12	3	7	8	14	10	110	2	2	6	3	5	6	11	9	8	4	10	29	7	10	11	10	13	5	9	5	6	3	6	3	6	85	11	7	3	2	5	5	6	8	5	10	4	29	3	10	8	3	3	12	7	10	19	9	10	3	4	3	8	19	86	8	5	10	6	24	7	9	103	7	12	2	2	7	10	11	8	2	7	7	10	3	4	11	10	9	11	6	2	11	2	5	11	2	6	2	9	9	2	9	6	3	13	10	16	3	10	3	5	3	8	11	5	2	7	3	4	10	2	4	3	3	3	9	3	7	11	7	4	2	4	6	5	5	5	9	4	6	9	8
TEM-166	3	10	38	2	85	4	7	9	11	6	5	5	11	5	2	15	9	11	9	2	10	4	6	8	9	9	2	2	2	0	2	6	7	3	2	8	2	7	4	13	10	2	7	9	7	7	2	8	3	5	14	8	5	6	3	13	37	12	3	7	8	14	10	110	2	2	6	3	5	6	11	9	8	4	10	29	7	10	11	10	13	5	9	5	6	3	6	3	6	85	11	7	3	2	5	5	6	8	5	10	4	29	3	10	8	3	3	12	7	10	21	9	10	3	4	3	8	19	86	8	5	10	6	24	7	9	103	7	12	2	2	7	10	11	8	2	7	7	10	3	4	11	10	9	11	6	2	11	2	5	11	2	6	2	9	9	2	9	6	3	13	10	16	3	10	3	5	3	8	11	5	2	7	3	4	10	2	4	3	3	3	9	3	7	11	7	4	2	4	6	5	5	5	9	4	6	9	8
TEM-1	3	8	36	2	83	4	5	7	11	4	3	5	9	3	2	13	7	9	7	2	8	4	4	6	7	7	2	2	2	2	0	4	5	3	2	6	2	5	4	11	8	2	5	7	5	5	2	6	3	5	12	6	3	5	3	11	35	10	3	5	6	12	8	110	2	2	4	3	3	4	9	7	6	4	8	27	5	8	9	8	11	5	7	3	4	3	6	3	6	83	9	7	3	2	3	3	4	6	3	8	2	27	3	8	6	3	3	10	5	8	19	9	8	3	2	3	6	17	84	6	3	8	4	22	5	7	101	5	10	2	2	5	8	9	6	2	5	5	8	3	4	9	8	7	9	4	2	9	2	3	9	2	4	2	7	7	2	7	4	3	11	10	14	3	8	3	3	3	8	9	3	2	5	3	4	8	2	4	3	3	3	7	3	5	9	5	4	2	2	4	3	3	3	7	4	6	7	8
TEM-112	7	8	38	6	86	8	7	9	15	4	7	7	11	3	6	15	9	11	7	6	8	8	6	8	9	7	6	6	6	6	4	0	7	5	6	6	6	7	8	11	10	6	7	7	7	3	6	8	7	7	14	8	5	7	7	9	35	10	7	5	8	12	8	113	6	6	4	5	3	4	9	9	8	6	8	27	7	10	9	10	13	7	9	5	6	5	8	7	8	86	9	9	5	6	3	3	4	10	3	8	4	28	7	10	8	7	5	12	3	10	21	13	10	5	4	7	6	17	87	8	3	12	4	24	3	9	104	5	10	6	6	7	10	9	8	6	5	7	8	7	6	11	8	7	9	4	6	11	6	3	9	6	4	6	9	9	4	9	4	5	11	12	16	7	8	7	3	7	10	9	3	6	5	7	8	10	6	6	7	7	7	9	7	7	11	5	6	6	4	6	3	7	5	7	8	8	7	10
TEM-155	8	5	35	7	81	7	8	6	16	7	8	8	9	6	7	13	8	4	8	7	9	7	4	5	6	10	7	7	7	7	5	7	0	6	7	5	7	4	9	10	9	7	4	6	6	8	7	5	8	10	13	7	6	8	8	10	34	13	4	6	7	11	9	114	7	7	7	6	6	5	8	8	9	7	9	24	6	7	8	7	10	10	4	6	7	6	9	6	5	85	10	10	8	7	6	6	7	5	6	7	7	28	5	3	7	8	6	5	6	7	19	14	5	8	5	8	9	16	86	5	6	7	7	23	8	8	103	8	11	6	7	6	7	6	5	7	6	4	7	8	7	8	5	6	10	7	7	6	7	6	10	7	5	7	8	8	7	2	5	6	12	13	11	8	9	8	6	6	11	8	6	7	8	8	5	7	7	7	8	8	8	8	8	6	8	8	9	7	5	6	6	8	6	6	7	9	10	11
TEM-122	4	9	37	3	85	5	8	8	12	5	6	4	10	4	3	14	8	10	8	3	9	5	5	7	8	8	3	3	3	3	3	5	6	0	3	7	3	6	4	12	9	3	6	8	6	6	3	7	4	6	13	7	4	5	4	12	36	11	4	6	7	13	9	109	3	3	5	2	4	5	10	6	8	1	9	28	6	9	10	9	12	6	8	4	5	2	5	4	5	85	10	6	4	3	4	4	5	9	4	9	5	28	4	9	5	4	2	11	6	9	20	9	9	4	3	4	7	18	86	7	4	11	5	23	6	10	102	6	10	3	3	6	9	10	7	3	6	6	9	4	3	10	9	8	10	3	3	10	3	4	10	3	5	3	8	8	3	8	5	2	11	9	15	4	9	4	4	4	6	10	4	3	6	4	5	9	3	3	4	4	4	8	4	6	10	6	5	3	3	5	4	6	4	8	5	5	8	7
TEM-214	3	10	38	2	84	4	7	9	11	6	5	5	11	5	2	15	9	11	9	2	10	4	6	8	9	9	2	2	2	2	2	6	7	3	0	8	2	7	4	13	10	2	7	9	7	7	2	8	3	5	14	8	5	6	3	13	37	12	3	7	8	14	10	110	2	2	6	3	5	6	11	9	8	4	10	29	7	10	11	10	13	5	9	5	6	3	6	3	6	84	11	7	3	2	5	5	6	8	5	10	4	29	3	10	8	3	3	12	7	10	21	9	10	3	4	3	8	19	85	8	5	10	6	24	7	9	102	7	12	2	2	7	10	11	8	2	7	7	10	3	4	11	10	9	11	6	2	11	2	5	11	2	6	2	9	9	2	9	6	3	13	10	16	3	10	3	5	3	8	11	5	2	7	3	4	10	2	4	3	3	3	9	3	7	11	7	4	2	4	6	5	5	5	9	4	6	9	8
TEM-71	9	2	34	8	82	8	3	5	17	8	9	9	7	7	8	11	5	7	3	8	4	10	6	4	5	9	8	8	8	8	6	6	5	7	8	0	8	3	10	7	6	8	1	1	3	7	8	6	9	9	10	4	7	9	9	7	31	14	7	3	6	13	9	115	8	8	8	7	7	8	5	5	4	8	4	21	5	8	3	4	9	9	3	7	8	7	10	7	8	82	5	11	9	8	7	7	8	6	7	4	8	24	7	4	4	9	7	8	5	6	17	15	4	7	6	9	10	13	83	4	7	10	8	20	7	5	104	9	6	8	8	5	8	3	4	8	1	3	2	9	8	9	4	3	5	8	8	5	8	7	5	8	8	8	5	5	8	7	6	7	9	14	12	9	4	9	7	9	12	5	7	8	9	9	8	6	8	8	9	9	9	5	9	3	7	7	8	8	6	8	7	9	7	5	10	10	11	12
TEM-33	3	10	38	1	85	4	7	9	11	6	3	5	11	5	2	15	8	11	9	2	10	2	6	8	9	9	2	2	2	2	2	6	7	3	2	8	0	7	4	13	9	2	7	9	7	7	2	8	3	5	14	8	3	6	3	13	37	12	3	7	8	14	10	110	2	2	6	3	5	6	11	8	8	4	10	29	5	10	11	9	11	5	9	5	6	3	6	3	6	85	11	5	3	2	5	5	6	8	5	10	4	29	3	10	7	3	3	12	7	10	21	9	10	3	4	3	8	19	86	7	5	10	4	24	7	9	103	5	12	2	2	7	10	11	8	2	7	7	10	3	4	11	10	9	11	5	2	11	2	5	11	2	4	2	7	9	2	9	4	3	13	10	16	3	10	3	5	3	8	11	5	2	7	3	4	10	2	4	1	2	3	7	1	7	11	7	4	2	4	6	5	5	5	9	4	6	9	8
TEM-2	8	3	31	7	79	9	6	2	16	7	8	8	6	6	7	10	4	6	4	7	5	9	7	1	2	8	7	7	7	7	5	7	4	6	7	3	7	0	9	6	5	7	2	4	2	8	7	5	8	10	9	3	6	8	8	6	30	13	8	4	5	12	8	114	7	7	7	6	6	7	4	4	7	7	5	22	4	7	6	5	8	10	4	6	7	6	9	8	9	81	6	10	8	7	6	6	7	3	6	3	7	24	8	3	3	8	6	7	8	5	16	14	5	8	5	8	9	12	82	1	6	7	7	19	8	4	103	8	7	7	7	4	7	4	3	7	2	2	5	8	7	8	3	2	6	7	7	6	7	6	6	7	7	7	4	4	7	6	7	6	10	13	9	8	5	8	6	8	11	4	6	7	8	8	9	5	7	7	8	8	8	4	8	2	6	8	9	7	5	7	6	8	6	2	9	9	10	11
TEM-182	5	12	40	4	87	6	9	11	13	8	7	7	13	7	4	17	11	13	11	4	12	6	8	10	11	11	4	4	4	4	4	8	9	4	4	10	4	9	0	15	12	4	9	11	9	9	4	10	5	7	16	10	7	8	5	15	39	14	5	9	8	16	12	111	4	4	8	5	7	8	13	10	8	5	12	31	9	12	13	12	14	7	11	7	8	5	8	5	8	87	13	9	5	4	7	7	8	10	7	12	6	31	5	12	9	5	5	14	9	12	23	10	12	5	5	5	10	21	88	10	7	12	8	26	9	11	104	9	12	4	4	9	12	13	10	4	9	9	12	5	6	13	12	11	13	7	4	13	4	7	13	4	8	4	11	11	4	11	8	5	14	12	18	5	12	5	7	5	9	13	7	4	9	5	6	12	4	4	5	5	4	11	5	9	13	9	6	4	6	8	7	6	7	11	6	8	11	10
TEM-22	14	7	31	13	79	15	10	6	22	13	12	12	10	12	13	16	10	10	6	13	7	15	13	7	8	12	13	13	13	13	11	11	10	12	13	7	13	6	15	0	11	13	8	8	8	10	13	9	12	12	9	9	12	14	14	2	26	19	14	8	11	10	8	114	13	13	11	12	12	11	6	10	11	13	7	20	10	11	10	11	14	12	10	12	11	12	9	14	15	81	4	10	14	13	12	12	13	7	12	5	13	29	14	9	9	14	12	11	12	9	22	18	11	10	11	14	15	14	82	7	12	11	13	25	10	6	103	14	9	13	13	10	11	8	9	13	6	8	9	14	13	12	5	4	8	13	13	12	13	12	8	13	13	13	10	8	13	10	13	12	12	19	13	14	7	14	12	14	17	6	12	13	14	14	15	9	13	13	14	14	14	10	14	8	10	10	11	13	11	13	12	14	12	8	13	15	16	17
TEM-151	11	8	35	8	83	10	9	5	19	10	8	9	9	9	10	13	3	11	7	10	8	9	10	4	7	11	10	10	10	10	8	10	9	9	10	6	9	5	12	11	0	10	5	7	3	11	10	8	11	11	10	6	8	11	11	11	34	16	11	7	8	15	11	115	10	10	8	9	9	10	9	6	10	10	8	27	6	10	9	2	8	13	7	9	10	9	10	9	12	81	9	12	11	10	9	9	10	8	9	6	10	27	11	8	5	11	9	12	11	8	19	17	8	11	8	11	12	17	82	4	9	12	9	22	11	9	104	8	10	10	10	5	10	9	6	10	5	5	8	11	8	11	8	7	9	8	10	9	10	9	9	10	9	10	4	7	10	11	9	9	13	16	14	11	8	11	9	11	14	9	9	10	11	11	12	8	10	10	8	7	9	4	10	5	9	11	12	10	8	10	9	11	9	5	12	12	13	14
TEM-128	3	10	38	2	85	4	7	9	11	6	5	5	11	5	2	15	9	11	9	2	10	4	6	8	9	9	2	2	2	2	2	6	7	3	2	8	2	7	4	13	10	0	7	9	7	7	2	8	3	5	14	8	5	6	3	13	37	12	3	7	8	14	10	110	2	2	6	3	5	6	11	9	8	4	10	29	7	10	11	10	13	5	9	5	6	3	6	3	6	85	11	7	3	2	5	5	6	8	5	10	4	29	3	10	8	3	3	12	7	10	21	9	10	3	4	3	8	19	86	8	5	10	6	24	7	9	103	7	12	2	2	7	10	11	8	2	7	7	10	3	4	11	10	9	11	6	2	11	2	5	11	2	6	2	9	9	2	9	6	3	13	10	16	3	10	3	5	3	8	11	5	2	7	3	4	10	2	4	3	3	3	9	3	7	11	7	4	2	4	6	5	5	5	9	4	6	9	8
TEM-191	8	3	33	7	81	7	4	4	16	7	8	8	6	6	7	10	4	6	4	7	5	9	5	3	4	8	7	7	7	7	5	7	4	6	7	1	7	2	9	8	5	7	0	2	2	8	7	5	8	10	9	3	6	8	8	8	32	13	6	4	5	12	8	114	7	7	7	6	6	7	6	4	5	7	5	22	4	7	4	3	8	10	2	6	7	6	9	6	7	81	6	10	8	7	6	6	7	5	6	5	7	24	6	3	3	8	6	7	6	5	16	14	3	8	5	8	9	14	82	3	6	9	7	19	8	6	103	8	7	7	7	4	7	4	3	7	2	2	3	8	7	8	5	4	6	7	7	4	7	6	6	7	7	7	4	4	7	6	5	6	10	13	11	8	5	8	6	8	11	6	6	7	8	8	7	5	7	7	8	8	8	4	8	2	6	8	9	7	5	7	6	8	6	4	9	9	10	11
TEM-188	10	3	35	9	83	9	4	6	18	9	10	10	8	8	9	12	6	8	4	9	5	11	7	5	5	10	9	9	9	9	7	7	6	8	9	1	9	4	11	8	7	9	2	0	4	8	9	5	10	10	9	3	8	10	10	8	32	15	8	2	5	14	10	116	9	9	9	8	8	9	6	6	5	9	5	22	6	7	2	5	10	10	4	8	9	8	11	8	9	83	6	12	10	9	8	8	9	7	8	5	9	25	8	5	5	10	8	9	6	7	18	16	3	8	7	10	11	14	82	5	8	11	9	21	8	6	103	10	7	9	9	4	9	4	3	9	2	4	1	10	9	8	5	4	4	9	9	4	9	8	4	9	9	9	6	6	9	8	7	8	10	15	13	10	3	10	8	10	13	6	8	9	10	10	9	5	9	9	10	10	10	6	10	4	8	8	9	9	7	9	8	10	8	6	11	11	12	13
TEM-84	8	5	33	7	81	9	6	4	16	7	8	8	6	6	7	10	2	8	4	7	5	7	7	3	4	8	7	7	7	7	5	7	6	6	7	3	7	2	9	8	3	7	2	4	0	8	7	5	8	10	9	3	6	8	8	8	32	13	8	4	5	12	8	113	7	7	7	6	6	7	6	4	7	7	5	24	4	7	6	3	6	10	4	6	7	6	9	8	9	81	6	10	8	7	6	6	7	5	6	5	7	24	8	5	3	8	6	9	8	5	16	14	5	8	5	8	9	14	82	3	6	9	7	19	8	6	102	6	7	7	7	4	7	6	3	7	2	2	5	8	7	8	5	4	6	7	7	6	7	6	6	7	7	7	2	4	7	8	7	6	10	13	11	8	5	8	6	8	11	6	6	7	8	8	9	5	7	7	6	6	6	2	8	2	6	8	9	7	5	7	6	8	6	4	9	9	10	11
TEM-52	6	7	39	7	87	9	8	8	16	5	6	4	8	4	7	16	10	10	6	7	5	9	5	9	10	6	7	7	7	7	5	3	8	6	7	7	7	8	9	10	11	7	8	8	8	0	7	7	4	4	15	9	6	8	8	10	34	11	8	6	7	9	9	114	7	7	3	6	4	3	6	10	9	7	7	28	8	7	10	11	14	4	10	6	3	6	9	8	9	87	8	10	6	7	4	4	5	9	4	7	5	29	8	11	9	8	6	9	2	7	22	10	11	4	5	8	7	16	88	9	4	11	5	25	2	8	105	6	7	7	5	8	7	10	9	7	6	8	9	8	7	8	7	6	6	5	7	12	7	4	8	7	5	7	10	8	7	8	5	6	10	13	15	8	7	6	4	8	11	8	4	7	6	8	9	9	7	5	8	8	8	10	8	8	8	2	5	7	5	5	4	6	4	10	5	9	8	11
TEM-95	3	10	38	2	85	4	7	9	11	6	5	5	11	5	2	15	9	11	9	2	10	4	6	8	9	9	2	2	2	2	2	6	7	3	2	8	2	7	4	13	10	2	7	9	7	7	0	8	3	5	14	8	5	6	3	13	37	12	3	7	8	14	10	110	2	2	6	3	5	6	11	9	8	4	10	29	7	10	11	10	13	5	9	5	6	3	6	3	6	85	11	7	3	2	5	5	6	8	5	10	4	28	3	10	8	3	3	12	7	10	21	9	10	3	4	3	8	19	86	8	5	10	6	24	7	9	103	7	12	2	2	7	10	11	8	2	7	7	10	3	4	11	10	9	11	6	2	11	2	5	11	2	6	2	9	9	2	9	6	3	13	10	16	3	10	3	5	3	8	11	5	2	7	3	4	10	2	4	3	3	3	9	3	7	11	7	4	2	4	6	5	5	5	9	4	6	9	8
TEM-133	9	8	36	8	82	10	9	5	17	8	7	7	6	7	8	12	7	5	5	8	6	8	7	6	6	7	8	8	8	8	6	8	5	7	8	6	8	5	10	9	8	8	5	5	5	7	8	0	7	9	10	4	7	9	9	9	33	14	7	3	4	9	9	115	8	8	6	7	7	4	7	7	10	8	6	27	5	2	7	8	9	9	5	7	6	7	10	9	8	84	9	11	9	8	7	7	8	4	7	6	8	27	8	6	6	9	7	6	9	4	18	13	4	7	6	9	10	15	83	6	7	6	8	22	7	7	102	9	8	7	8	3	4	9	2	8	5	3	6	9	8	3	4	5	5	8	8	5	8	7	5	8	6	8	7	5	8	5	8	7	11	14	10	9	4	9	7	7	12	7	7	8	9	9	8	2	8	8	9	9	9	7	9	5	5	7	8	8	6	7	7	9	7	7	6	10	11	12
TEM-106	2	9	39	3	86	5	8	8	12	7	4	2	8	6	3	16	10	10	8	3	7	5	5	9	10	8	3	3	3	3	3	7	8	4	3	9	3	8	5	12	11	3	8	10	8	4	3	7	0	2	15	9	6	7	4	12	36	13	4	8	7	11	11	111	3	3	5	4	6	5	8	10	9	5	9	30	8	7	12	11	14	2	10	6	3	4	7	4	7	86	10	8	4	3	6	6	7	7	6	9	5	30	4	11	9	4	4	9	6	7	22	6	11	2	5	4	9	18	87	9	6	9	7	25	6	8	104	8	9	3	1	8	7	12	9	3	8	8	11	4	5	8	9	8	8	7	3	12	3	6	10	3	7	3	10	8	3	8	7	4	12	11	15	4	9	2	6	4	9	10	6	3	8	4	5	9	3	3	4	4	4	10	4	8	8	4	3	3	5	5	6	4	4	10	1	7	10	9
TEM-107	4	9	41	5	88	5	8	8	14	9	4	2	10	8	5	18	12	12	8	5	7	7	7	9	12	10	5	5	5	5	5	7	10	6	5	9	5	10	7	12	11	5	10	10	10	4	5	9	2	0	15	11	8	9	6	12	36	15	6	8	9	13	13	113	5	5	5	6	8	7	8	12	9	7	9	30	10	9	12	11	16	2	12	8	5	6	7	4	9	86	10	10	6	5	8	8	9	9	8	7	7	31	6	13	11	6	6	11	6	9	24	8	13	2	7	6	11	18	87	11	8	11	9	27	6	8	106	10	9	5	3	8	9	12	11	5	8	10	11	6	5	10	9	8	8	9	5	14	5	8	10	5	9	5	12	10	5	10	9	6	12	13	17	6	9	4	8	6	11	10	8	5	10	6	7	11	5	5	6	6	6	12	6	10	10	4	3	5	7	7	8	6	6	10	3	9	12	11
TEM-187	15	12	33	14	81	14	11	9	21	12	13	13	13	13	14	17	11	15	11	14	12	16	14	8	10	15	14	14	14	14	12	14	13	13	14	10	14	9	16	9	10	14	9	9	9	15	14	10	15	15	0	6	13	15	15	9	32	18	15	9	10	11	9	114	14	14	12	13	13	14	13	11	12	14	10	22	11	12	9	10	15	17	11	13	14	13	8	13	16	77	7	11	15	14	13	13	14	12	13	10	14	31	15	12	10	15	13	16	15	12	23	21	8	15	12	15	14	21	76	10	11	16	14	26	13	13	101	15	14	14	14	7	14	13	8	14	9	9	8	15	12	13	12	11	9	14	14	9	14	13	9	14	14	14	11	9	14	15	14	13	17	20	18	15	8	15	13	15	18	13	11	14	13	13	16	8	14	14	15	15	15	11	15	9	13	15	16	14	12	14	13	15	13	9	16	16	17	18
TEM-110	9	6	34	8	82	10	5	5	17	8	9	9	7	7	8	11	5	9	5	8	6	10	8	4	4	9	8	8	8	8	6	8	7	7	8	4	8	3	10	9	6	8	3	3	3	9	8	4	9	11	6	0	7	9	9	9	33	14	9	3	4	13	9	115	8	8	8	7	7	8	7	5	6	8	4	23	5	6	3	6	9	11	5	7	8	7	10	9	10	80	7	11	9	8	7	7	8	6	7	6	8	25	9	6	4	9	7	10	9	6	17	15	2	9	6	9	10	15	79	4	5	10	8	20	9	7	102	9	8	8	8	3	8	7	2	8	3	3	2	9	8	7	6	5	3	8	8	3	8	7	3	8	8	8	5	3	8	9	8	7	11	14	12	9	2	9	7	9	12	7	7	8	9	7	10	2	8	8	9	9	9	5	9	3	7	9	10	8	6	8	7	9	7	5	10	10	11	12
TEM-73	6	9	37	4	85	7	8	8	14	5	4	6	10	4	5	14	7	8	8	5	9	5	5	7	7	8	5	5	5	5	3	5	6	4	5	7	3	6	7	12	8	5	6	8	6	6	5	7	6	8	13	7	0	6	6	12	36	11	6	6	7	13	9	112	3	5	5	4	4	5	10	7	9	5	9	28	4	9	10	8	10	8	8	4	5	4	7	6	7	85	10	6	5	5	4	4	5	9	4	9	5	28	6	9	6	6	4	11	6	9	20	12	9	6	3	6	7	18	86	6	4	11	3	23	6	10	103	4	11	5	5	6	9	10	7	5	6	6	9	6	5	10	9	8	10	4	5	10	5	4	10	5	3	5	6	8	5	8	3	4	12	11	15	6	9	6	4	6	9	10	4	5	6	6	7	9	4	5	4	5	6	6	4	6	10	6	7	5	3	5	4	6	4	8	7	7	8	7
TEM-145	7	11	39	6	87	8	10	10	15	7	8	7	12	6	6	16	10	12	10	6	11	8	7	9	10	9	6	6	6	6	5	7	8	5	6	9	6	8	8	14	11	6	8	10	8	8	6	9	7	9	15	9	6	0	7	14	38	13	7	8	9	15	11	112	6	6	7	5	6	7	12	10	11	6	11	30	8	11	12	11	14	9	10	6	7	5	8	7	8	87	12	9	7	6	6	6	5	11	5	11	7	30	7	11	9	7	5	13	8	11	22	13	11	7	5	7	9	20	88	9	6	13	7	25	8	12	105	8	13	6	6	8	11	12	9	6	8	8	11	7	6	12	11	10	12	7	6	12	6	6	12	6	7	6	10	10	6	10	7	5	14	12	17	7	11	7	6	7	10	12	6	6	8	7	8	11	6	6	7	7	7	10	7	8	12	8	8	6	5	7	6	8	6	10	8	8	10	10
TEM-201	4	11	39	3	86	5	8	10	12	7	6	6	12	6	3	16	10	12	10	3	11	5	7	9	10	10	3	3	3	3	3	7	8	4	3	9	3	8	5	14	11	3	8	10	8	8	3	9	4	6	15	9	6	7	0	14	38	13	4	8	9	15	11	110	3	3	7	4	6	7	12	10	9	5	11	30	8	11	10	11	14	6	10	6	7	4	7	4	5	86	12	8	4	3	6	6	7	9	6	11	5	30	4	11	9	4	4	13	8	11	22	10	11	4	5	4	9	20	87	9	6	11	7	25	8	10	104	8	13	3	3	8	11	12	9	3	8	8	11	4	5	12	11	10	12	7	3	12	3	6	12	3	7	3	10	10	3	10	7	4	14	11	17	4	11	4	6	4	9	12	6	3	8	4	5	11	3	5	4	4	4	10	4	8	12	8	5	3	5	7	4	6	6	10	5	7	10	9
TEM-21	14	7	31	13	79	15	10	6	22	13	12	12	10	12	13	16	10	10	6	13	7	15	13	7	8	12	13	13	13	13	11	9	10	12	13	7	13	6	15	2	11	13	8	8	8	10	13	9	12	12	9	9	12	14	14	0	26	19	14	8	11	10	8	114	13	13	11	12	12	11	6	10	11	13	7	20	10	11	10	11	14	12	10	12	11	12	9	14	15	81	4	10	14	13	12	12	13	7	12	5	13	29	14	9	9	14	12	11	12	9	22	18	11	10	11	14	15	14	82	7	12	11	13	25	10	6	103	14	9	13	13	10	11	8	9	13	6	8	9	14	13	12	5	4	8	13	13	12	13	12	8	13	13	13	10	8	11	10	13	12	12	19	13	14	7	14	12	14	17	6	12	13	14	14	15	9	13	13	14	14	14	10	14	8	10	10	11	13	11	13	12	14	12	6	13	15	16	17
TEM-89	38	31	5	37	55	39	34	30	46	37	36	36	34	36	37	40	34	34	30	37	31	39	37	31	32	36	37	37	37	37	35	35	34	36	37	31	37	30	39	26	34	37	32	32	32	34	37	33	36	36	32	33	36	38	38	26	0	43	38	32	35	34	32	90	37	37	35	36	36	35	30	34	35	36	31	32	34	35	34	35	38	36	34	35	35	36	33	38	39	57	28	34	38	37	36	36	37	31	36	29	37	48	38	33	33	38	36	35	36	33	46	42	35	34	35	38	39	38	58	31	36	35	37	49	34	30	79	38	33	37	37	34	35	32	33	37	30	32	33	38	37	36	29	28	32	37	37	36	37	36	32	35	37	37	34	32	37	34	37	36	36	43	37	38	31	38	36	38	41	29	36	37	38	38	39	33	37	37	38	38	38	34	38	32	34	34	35	37	35	37	36	38	36	32	37	39	39	40
TEM-162	13	16	44	12	92	14	15	15	19	6	13	13	17	9	12	21	15	17	15	12	16	14	12	14	15	13	12	12	12	12	10	10	13	11	12	14	12	13	14	19	16	12	13	15	13	11	12	14	13	15	18	14	11	13	13	19	43	0	13	13	14	14	14	119	12	12	10	11	7	10	17	15	16	12	16	35	13	16	17	16	19	15	15	11	12	11	14	13	14	92	17	15	11	12	9	9	10	16	9	16	10	35	13	16	14	13	11	18	11	16	27	19	16	13	10	13	6	25	93	14	9	18	10	30	9	17	110	11	18	12	12	13	16	17	14	12	13	13	16	13	12	17	16	15	17	10	12	17	12	9	17	12	10	12	15	15	12	15	10	11	19	18	22	13	16	13	9	13	16	17	7	12	7	13	14	16	12	12	13	13	13	15	13	13	17	13	14	12	10	12	9	13	11	15	14	14	13	16
TEM-10	4	9	39	3	84	3	6	10	12	7	6	6	11	6	3	15	10	8	10	3	11	3	4	9	10	10	3	3	3	3	3	7	4	4	3	7	3	8	5	14	11	3	6	8	8	8	3	7	4	6	15	9	6	7	4	14	38	13	0	8	9	13	11	111	3	3	7	4	6	5	12	10	7	5	11	28	8	9	10	9	12	6	6	6	7	4	7	2	3	86	12	8	4	3	6	6	7	7	6	11	5	30	1	7	9	4	4	9	6	9	21	10	7	4	5	4	9	20	87	9	6	9	7	25	8	10	104	8	13	2	3	8	9	10	7	3	8	6	9	4	5	10	9	10	12	7	3	8	3	6	12	3	5	3	10	10	3	6	5	4	14	11	15	4	11	4	6	2	9	12	6	3	8	4	1	9	3	5	4	4	4	10	4	8	10	8	5	3	5	6	6	6	6	10	3	7	10	9
TEM-120	8	5	35	7	83	9	6	6	16	7	8	8	8	6	7	12	6	8	4	7	5	9	7	5	5	8	7	7	7	7	5	5	6	6	7	3	7	4	9	8	7	7	4	2	4	6	7	3	8	8	9	3	6	8	8	8	32	13	8	0	3	12	8	114	7	7	7	6	6	7	6	6	7	7	5	24	4	5	4	7	10	8	6	6	7	6	9	8	9	83	6	10	8	7	6	6	7	7	6	5	7	25	8	7	5	8	6	9	6	7	18	14	5	6	5	8	9	14	82	5	6	9	7	21	6	6	101	8	7	7	7	2	7	6	3	7	2	4	3	8	7	6	5	4	4	7	7	6	7	6	4	7	7	7	6	6	7	8	7	6	10	13	13	8	3	8	6	8	11	6	6	7	8	8	9	5	7	7	8	8	8	6	8	4	8	6	7	7	5	7	6	8	6	6	9	9	10	11
TEM-159	7	6	36	8	84	10	9	7	17	8	9	7	7	7	8	13	7	9	7	8	6	10	6	6	6	9	8	8	8	8	6	8	7	7	8	6	8	5	8	11	8	8	5	5	5	7	8	4	7	9	10	4	7	9	9	11	35	14	9	3	0	11	9	115	8	8	8	7	7	8	7	7	10	8	8	27	5	4	7	8	10	9	7	7	6	7	10	9	10	84	7	11	9	8	7	7	8	8	7	8	8	27	9	8	6	9	7	8	7	6	19	13	6	9	5	9	10	17	83	6	7	10	8	22	9	9	102	9	8	8	6	3	6	9	4	8	5	5	6	9	8	5	8	7	5	8	8	7	8	7	7	8	8	8	7	7	8	9	8	7	13	14	14	9	6	7	7	9	12	9	7	8	9	9	10	6	8	4	9	9	8	7	9	5	7	7	10	8	6	6	7	6	5	7	8	10	11	12
TEM-205	13	13	37	14	83	16	16	12	21	8	13	11	11	11	14	19	14	12	12	14	11	14	11	13	14	12	14	14	14	14	12	12	11	13	14	13	14	12	16	10	15	14	12	14	12	9	14	9	11	13	11	13	13	15	15	10	34	14	13	12	11	0	6	115	14	14	10	13	9	8	12	14	17	14	13	28	12	9	16	15	16	13	12	13	10	13	10	15	14	85	8	11	13	14	11	11	12	11	11	13	12	34	14	13	13	15	13	11	11	9	25	17	13	13	12	15	10	22	86	13	11	13	12	29	9	14	104	13	13	13	12	12	9	16	11	14	12	10	15	15	14	10	11	12	12	12	14	14	14	11	14	14	10	14	14	12	14	11	12	13	17	20	17	15	13	13	11	13	18	14	9	14	9	15	14	11	14	12	15	15	15	14	15	12	10	11	14	14	12	11	11	13	11	14	10	16	15	18
TEM-213	11	11	33	10	81	12	12	10	19	8	11	11	12	7	10	16	10	12	10	10	11	12	10	9	10	10	10	10	10	10	8	8	9	9	10	9	10	8	12	8	11	10	8	10	8	9	10	9	11	13	9	9	9	11	11	8	32	14	11	8	9	6	0	111	10	10	8	9	7	8	12	10	13	10	11	24	8	11	12	11	14	13	10	9	10	9	6	11	12	81	6	7	9	10	7	7	8	11	7	11	8	30	11	11	9	11	9	13	9	11	22	17	11	11	8	11	10	20	82	9	7	13	8	25	9	12	100	9	13	10	10	8	11	12	9	10	8	8	11	11	10	12	11	10	12	8	10	12	10	7	12	10	8	10	10	10	10	11	8	9	15	16	17	11	11	11	7	11	13	12	7	10	9	11	12	11	10	10	11	11	11	10	11	8	12	11	12	10	8	10	7	11	9	10	12	12	11	14
TEM-192	111	117	85	110	49	112	115	116	119	113	113	112	117	112	109	122	115	118	116	109	116	111	113	115	116	116	110	110	110	110	110	113	114	109	110	115	110	114	111	114	115	110	114	116	113	114	110	115	111	113	114	115	112	112	110	114	90	119	111	114	115	115	111	0	110	110	113	110	112	113	117	115	115	109	117	100	114	117	117	116	119	113	116	111	112	110	107	111	112	49	112	108	111	110	112	112	113	116	112	117	112	130	111	117	114	109	110	118	114	117	128	114	117	111	111	110	114	108	50	115	112	118	113	131	114	117	25	113	117	110	110	114	116	116	115	110	114	114	117	110	111	118	117	116	118	112	110	118	110	112	118	110	113	110	115	116	110	116	113	110	117	112	123	111	117	111	112	111	113	117	112	110	114	111	112	117	110	111	110	110	110	115	111	114	117	113	112	109	111	113	111	113	112	116	112	111	111	110
TEM-30	3	10	38	2	85	4	7	9	11	6	5	5	11	5	2	15	9	9	9	2	10	4	6	8	8	9	2	2	2	2	2	6	7	3	2	8	2	7	4	13	10	2	7	9	7	7	2	8	3	5	14	8	3	6	3	13	37	12	3	7	8	14	10	110	0	2	6	3	5	6	11	9	8	4	10	29	7	10	11	10	13	5	9	5	6	3	6	3	6	85	11	7	2	2	5	5	6	8	5	10	4	29	3	10	8	3	3	12	7	10	21	9	10	3	4	3	8	19	86	8	5	10	6	24	7	9	103	7	12	2	2	7	10	11	8	2	7	7	10	3	4	11	10	9	11	6	2	11	2	5	11	2	6	2	9	9	2	9	6	3	13	10	16	3	10	3	5	3	8	11	5	2	7	3	4	10	1	4	3	3	3	9	3	7	11	7	4	2	4	6	5	5	5	9	4	6	9	6
TEM-217	3	10	38	2	85	4	7	9	11	6	5	5	11	5	2	15	9	11	9	2	10	4	6	8	9	8	2	2	2	2	2	6	7	3	2	8	2	7	4	13	10	2	7	9	7	7	2	8	3	5	14	8	5	6	3	13	37	12	3	7	8	14	10	110	2	0	6	3	5	6	11	9	8	4	10	29	7	10	11	10	13	5	9	5	6	3	6	3	6	85	11	7	3	2	5	5	6	8	5	10	4	29	3	10	8	3	3	12	7	10	21	9	10	3	4	3	8	19	86	8	5	10	6	24	7	9	103	7	12	2	2	7	10	11	8	2	7	7	10	3	4	11	10	9	11	6	2	11	2	5	11	2	6	2	9	9	2	9	6	3	13	10	16	3	10	3	5	3	8	11	5	2	7	3	4	10	2	4	3	3	3	9	3	7	11	7	4	2	4	6	5	5	5	9	4	6	9	8
TEM-6	7	10	38	6	86	6	9	5	15	4	3	3	9	3	6	15	9	9	7	6	8	8	6	6	9	5	6	6	6	6	4	4	7	5	6	8	6	7	8	11	8	6	7	9	7	3	6	6	5	5	12	8	5	7	7	11	35	10	7	7	8	10	8	113	6	6	0	5	3	2	9	9	10	6	8	29	7	8	11	8	13	7	9	5	4	5	6	5	8	84	11	9	5	6	3	3	4	8	3	6	4	29	7	10	8	7	5	10	5	8	21	11	10	5	4	7	6	17	85	8	3	10	4	24	3	9	104	5	10	6	6	5	8	11	8	6	7	7	10	7	4	9	8	7	9	4	6	11	6	3	9	6	4	6	9	7	6	7	4	5	11	12	14	7	8	7	3	7	10	9	3	6	5	7	8	8	6	6	7	7	7	9	7	7	9	5	6	6	4	6	3	7	5	7	6	8	7	10
TEM-55	4	9	37	3	85	5	8	8	12	5	6	4	10	4	3	14	8	10	8	3	9	5	5	7	8	8	3	3	3	3	3	5	6	2	3	7	3	6	5	12	9	3	6	8	6	6	3	7	4	6	13	7	4	5	4	12	36	11	4	6	7	13	9	110	3	3	5	0	4	5	10	8	9	3	9	28	6	9	10	9	12	6	8	4	5	2	5	4	5	85	10	6	4	3	4	4	5	9	4	9	5	28	4	9	7	4	2	11	6	9	20	10	9	4	3	4	7	18	86	7	4	11	5	23	6	10	103	6	11	3	3	6	9	10	7	3	6	6	9	4	3	10	9	8	10	5	3	10	3	4	10	3	5	3	8	8	3	8	5	2	12	9	15	4	9	4	4	4	7	10	4	3	6	4	5	9	3	3	4	4	4	8	4	6	10	6	5	3	3	5	4	6	4	8	5	5	8	7
TEM-171	6	9	37	5	85	7	8	8	14	1	6	6	10	2	5	14	8	10	8	5	9	7	5	7	8	6	5	5	5	5	3	3	6	4	5	7	5	6	7	12	9	5	6	8	6	4	5	7	6	8	13	7	4	6	6	12	36	7	6	6	7	9	7	112	5	5	3	4	0	3	10	8	9	5	9	28	6	9	10	9	12	8	8	4	5	4	7	6	7	85	10	8	4	5	2	2	3	9	2	9	3	28	6	9	7	6	4	11	4	9	20	12	9	6	3	6	3	18	86	7	2	11	3	23	4	10	103	4	11	5	5	6	9	10	7	5	6	6	9	6	5	10	9	8	10	3	5	10	5	2	10	5	3	5	8	8	5	8	3	4	12	11	15	6	9	6	2	6	9	10	2	5	2	6	7	9	5	5	6	6	6	8	6	6	10	6	7	5	3	5	2	6	4	8	7	7	6	9
TEM-26	7	10	38	6	84	8	9	7	15	4	5	5	8	3	6	14	9	7	7	6	8	6	5	8	9	5	6	6	6	6	4	4	5	5	6	8	6	7	8	11	10	6	7	9	7	3	6	4	5	7	14	8	5	7	7	11	35	10	5	7	8	8	8	113	6	6	2	5	3	0	9	9	10	6	8	29	7	6	11	10	11	7	7	5	4	5	8	7	6	86	11	9	5	6	3	3	4	6	3	8	4	29	6	8	8	7	5	8	5	6	20	11	8	5	4	7	6	17	87	8	3	8	4	24	3	9	104	5	10	5	6	7	6	11	6	6	7	5	10	7	6	7	6	7	9	4	6	9	6	3	9	6	2	6	9	7	6	5	4	5	11	12	12	7	8	7	3	5	10	9	3	6	5	7	6	6	6	6	7	7	7	9	7	7	7	5	6	6	4	5	3	7	5	9	4	8	7	10
TEM-113	10	3	35	11	83	13	8	4	20	11	10	8	6	10	11	14	8	8	4	11	3	13	9	5	6	10	11	11	11	11	9	9	8	10	11	5	11	4	13	6	9	11	6	6	6	6	11	7	8	8	13	7	10	12	12	6	30	17	12	6	7	12	12	117	11	11	9	10	10	9	0	8	9	11	5	24	8	7	8	9	12	8	8	10	7	10	13	12	13	85	6	14	12	11	10	10	11	5	10	3	11	27	12	7	7	12	10	7	8	5	20	14	9	8	9	12	13	12	86	5	10	9	11	23	8	4	106	12	5	11	9	8	7	6	7	11	4	6	7	12	11	8	3	2	4	11	11	10	11	10	6	11	11	11	8	6	11	8	11	10	10	17	11	12	5	10	10	12	15	4	10	11	12	12	13	7	11	9	12	12	12	8	12	6	6	6	9	11	9	9	10	10	8	6	9	13	14	15
TEM-83	10	7	35	8	83	11	8	6	18	9	9	10	8	8	9	12	5	10	6	9	7	10	9	5	6	10	9	9	9	9	7	9	8	6	9	5	8	4	10	10	6	9	4	6	4	10	9	7	10	12	11	5	7	10	10	10	34	15	10	6	7	14	10	115	9	9	9	8	8	9	8	0	8	7	7	26	5	9	8	6	9	12	6	8	9	8	11	10	11	83	8	11	10	9	8	8	9	7	8	7	9	26	10	7	1	10	8	11	10	7	18	15	7	10	7	10	11	16	84	4	8	11	8	21	10	8	104	9	8	9	9	6	9	8	5	9	4	4	7	10	9	10	7	6	8	6	9	8	9	8	8	9	8	9	5	6	9	10	8	8	11	15	13	10	7	10	8	10	12	8	8	9	10	10	11	7	9	9	9	9	10	5	9	4	8	10	11	9	7	9	8	10	8	6	11	11	12	13
TEM-68	9	6	38	8	85	8	1	9	17	10	9	11	11	9	8	15	9	11	7	8	8	10	8	8	9	11	8	8	8	8	6	8	9	8	8	4	8	7	8	11	10	8	5	5	7	9	8	10	9	9	12	6	9	11	9	11	35	16	7	7	10	17	13	115	8	8	10	9	9	10	9	8	0	9	6	23	9	12	5	8	13	9	7	9	10	9	12	7	10	83	9	13	9	8	9	9	10	8	9	8	8	28	7	8	7	9	9	12	7	10	21	14	6	7	8	9	12	17	84	8	7	12	10	24	9	7	106	11	8	8	8	9	12	7	8	8	5	7	4	9	10	13	8	7	7	9	8	7	8	9	7	8	10	8	9	7	8	11	8	9	12	16	16	9	6	9	9	9	13	9	9	8	11	7	8	8	8	10	9	9	9	9	9	7	11	9	8	8	8	10	9	9	9	9	10	12	13	14
TEM-163	5	10	37	4	85	6	9	9	13	6	7	5	11	5	4	15	9	11	9	4	10	6	6	8	9	9	4	4	4	4	4	6	7	1	4	8	4	7	5	13	10	4	7	9	7	7	4	8	5	7	14	8	5	6	5	13	36	12	5	7	8	14	10	109	4	4	6	3	5	6	11	7	9	0	10	28	7	10	11	10	13	7	9	5	6	3	6	5	6	85	11	7	5	4	5	5	6	10	5	10	6	29	5	10	6	5	3	12	7	10	21	10	10	5	4	5	8	19	86	8	5	12	6	24	7	11	102	7	11	4	4	7	10	11	8	4	7	7	10	5	4	11	10	9	11	4	4	11	4	5	11	4	6	4	9	9	4	9	6	3	12	10	16	5	10	5	5	5	7	11	5	4	7	5	6	10	4	4	5	5	5	9	5	7	11	7	6	4	4	6	5	7	5	9	6	6	7	6
TEM-142	11	6	36	10	84	12	5	5	19	10	9	9	7	9	10	13	7	9	3	10	4	12	10	6	7	9	10	10	10	10	8	8	9	9	10	4	10	5	12	7	8	10	5	5	5	7	10	6	9	9	10	4	9	11	11	7	31	16	11	5	8	13	11	117	10	10	8	9	9	8	5	7	6	10	0	23	7	8	5	8	11	9	7	9	8	9	12	11	12	82	7	13	11	10	9	9	10	6	9	4	10	26	11	8	6	11	9	10	9	6	19	15	6	7	8	11	12	13	83	6	7	10	10	22	7	5	106	11	6	10	10	7	8	7	6	10	3	5	4	11	10	9	4	3	3	10	10	7	10	9	3	10	10	10	7	1	10	9	10	9	9	16	12	11	2	11	9	11	14	5	9	10	11	9	12	4	10	10	11	11	11	7	11	5	7	7	8	10	8	10	9	11	9	7	10	12	13	14
TEM-42	30	21	35	29	65	29	22	24	38	29	30	30	28	28	29	32	26	26	24	29	25	31	27	23	24	30	29	29	29	29	27	27	24	28	29	21	29	22	31	20	27	29	22	22	24	28	29	27	30	30	22	23	28	30	30	20	32	35	28	24	27	28	24	100	29	29	29	28	28	29	24	26	23	28	23	0	26	29	22	25	30	30	24	28	29	28	25	28	29	65	20	26	30	29	28	28	29	25	28	23	29	45	28	23	25	30	28	27	26	27	38	36	23	28	27	30	31	14	66	23	26	29	29	41	28	24	89	30	27	29	29	26	29	22	25	29	22	24	21	30	29	30	23	22	24	29	29	24	29	28	24	29	29	29	26	24	29	26	27	28	30	31	31	30	23	30	28	30	33	24	28	29	30	28	29	25	29	29	30	30	30	26	30	24	28	28	29	29	27	29	28	30	28	24	31	31	27	28
TEM-185	8	7	35	6	83	9	8	6	16	7	6	8	8	6	7	12	3	8	6	7	7	7	7	5	6	8	7	7	7	7	5	7	6	6	7	5	5	4	9	10	6	7	4	6	4	8	7	5	8	10	11	5	4	8	8	10	34	13	8	4	5	12	8	114	7	7	7	6	6	7	8	5	9	7	7	26	0	7	8	6	6	10	6	6	7	6	9	8	9	83	8	7	8	7	6	6	7	7	6	7	7	26	8	7	4	8	6	9	8	7	18	14	7	8	5	8	9	16	84	4	6	9	5	21	8	8	103	6	9	7	7	4	7	8	5	7	4	4	7	8	7	8	7	6	8	6	7	8	7	6	8	7	5	7	3	6	7	8	5	6	12	13	13	8	7	8	6	8	11	8	6	7	8	8	9	7	7	7	6	7	8	2	6	4	8	8	9	7	5	7	6	7	6	6	9	9	10	11
TEM-63	9	8	38	10	84	12	11	7	19	10	9	7	6	9	10	14	9	7	7	10	6	10	7	8	8	9	10	10	10	10	8	10	7	9	10	8	10	7	12	11	10	10	7	7	7	7	10	2	7	9	12	6	9	11	11	11	35	16	9	5	4	9	11	117	10	10	8	9	9	6	7	9	12	10	8	29	7	0	9	10	11	9	7	9	6	9	12	11	10	86	9	13	11	10	9	9	10	6	9	8	10	29	10	8	8	11	9	6	9	4	20	13	6	9	8	11	12	17	85	8	9	8	10	24	9	9	104	11	8	9	8	5	4	11	4	10	7	5	8	11	10	3	6	7	5	10	10	7	10	9	7	10	8	10	9	7	10	7	10	9	13	16	12	11	6	9	9	9	14	9	9	10	11	11	10	4	10	8	11	11	11	9	11	7	5	7	10	10	8	7	9	9	7	9	6	12	13	14
TEM-49	12	5	37	11	85	11	4	8	20	11	12	12	10	10	11	14	8	10	6	11	7	13	9	7	7	12	11	11	11	11	9	9	8	10	11	3	11	6	13	10	9	11	4	2	6	10	11	7	12	12	9	3	10	12	10	10	34	17	10	4	7	16	12	117	11	11	11	10	10	11	8	8	5	11	5	22	8	9	0	7	12	12	6	10	11	10	13	10	9	83	8	14	12	11	10	10	11	9	10	7	11	27	10	7	7	12	10	11	8	9	20	18	3	10	9	12	13	16	82	7	8	13	11	23	10	8	105	12	9	11	11	6	11	6	5	11	4	6	1	12	11	10	7	6	4	11	11	4	11	10	4	11	11	11	8	6	11	10	9	10	12	17	15	12	3	12	10	12	15	8	10	11	12	10	11	5	11	11	12	12	12	8	12	6	10	10	11	11	9	11	8	12	10	8	13	13	14	15
TEM-152	11	6	36	8	84	8	7	5	19	10	8	9	9	9	10	13	3	9	7	10	8	9	8	4	7	11	10	10	10	10	8	10	7	9	10	4	9	5	12	11	2	10	3	5	3	11	10	8	11	11	10	6	8	11	11	11	35	16	9	7	8	15	11	116	10	10	8	9	9	10	9	6	8	10	8	25	6	10	7	0	8	13	5	9	10	9	10	7	10	82	9	12	11	10	9	9	10	8	9	6	10	27	9	6	5	11	9	10	9	8	19	17	6	11	8	11	12	17	83	4	9	12	9	22	11	9	105	8	10	10	10	5	10	7	6	10	5	5	6	11	8	11	8	7	9	8	10	7	10	9	9	10	9	10	4	7	10	9	7	9	13	16	14	11	8	11	9	11	14	9	9	10	11	11	10	8	10	10	8	7	9	4	10	5	9	11	12	10	8	10	9	11	9	5	12	12	13	14
TEM-125	14	11	39	12	85	15	12	10	22	13	12	14	11	12	13	15	5	12	10	13	11	9	12	9	10	12	13	13	13	13	11	13	10	12	13	9	11	8	14	14	8	13	8	10	6	14	13	9	14	16	15	9	10	14	14	14	38	19	12	10	10	16	14	119	13	13	13	12	12	11	12	9	13	13	11	30	6	11	12	8	0	16	8	12	13	12	15	14	13	87	12	13	14	13	12	12	13	9	12	11	13	30	13	9	8	14	12	13	14	9	21	20	9	14	9	14	15	20	88	8	12	13	11	25	14	12	108	10	13	12	13	10	11	12	7	13	8	6	11	14	13	12	9	10	12	12	13	10	13	12	12	13	9	13	5	10	13	12	11	12	16	19	15	14	11	14	12	12	17	12	12	13	14	14	13	9	13	12	10	11	11	4	12	8	10	14	15	13	11	12	12	11	12	10	13	15	16	17
TEM-88	4	9	41	5	88	7	8	10	14	9	6	4	10	8	5	18	12	12	8	5	7	7	7	11	12	10	5	5	5	5	5	7	10	6	5	9	5	10	7	12	13	5	10	10	10	4	5	9	2	2	17	11	8	9	6	12	36	15	6	8	9	13	13	113	5	5	7	6	8	7	8	12	9	7	9	30	10	9	12	13	16	0	12	8	5	6	9	6	9	88	10	10	6	5	8	8	9	9	8	9	7	31	6	13	11	6	6	11	6	9	24	8	13	2	7	6	11	18	89	11	8	11	9	26	6	8	106	10	9	5	3	10	9	12	11	5	8	10	11	6	7	10	9	8	8	9	5	14	5	8	10	5	9	5	12	10	5	10	9	6	12	13	17	6	9	4	8	6	11	10	8	5	10	6	7	11	5	5	6	6	6	12	6	10	10	4	3	5	7	7	8	6	6	12	3	9	12	11
TEM-137	10	5	35	9	81	9	6	6	18	9	10	10	7	8	9	11	6	6	6	9	7	9	6	5	6	10	7	9	9	9	7	9	4	8	9	3	9	4	11	10	7	9	2	4	4	10	9	5	10	12	11	5	8	10	10	10	34	15	6	6	7	12	10	116	9	9	9	8	8	7	8	6	7	9	7	24	6	7	6	5	8	12	0	8	9	8	11	8	7	83	8	12	10	9	8	8	9	5	8	7	9	26	7	3	5	10	8	7	8	4	17	16	3	10	7	10	11	16	84	5	8	9	9	21	10	8	105	10	9	8	9	6	7	6	3	9	4	2	5	10	9	8	5	6	8	9	9	4	9	8	8	9	7	9	6	6	9	6	7	8	12	15	11	10	7	10	8	8	13	8	8	9	10	10	7	5	9	9	10	10	10	6	10	4	6	10	11	9	7	8	8	10	8	6	9	11	12	13
TEM-96	6	9	36	5	84	7	8	8	14	5	6	6	10	4	5	14	8	10	8	5	9	7	5	7	8	8	5	5	5	5	3	5	6	4	5	7	5	6	7	12	9	5	6	8	6	6	5	7	6	8	13	7	4	6	6	12	35	11	6	6	7	13	9	111	5	5	5	4	4	5	10	8	9	5	9	28	6	9	10	9	12	8	8	0	5	4	7	6	7	84	10	8	6	5	4	4	5	9	4	9	5	28	6	9	7	6	4	11	6	9	20	12	9	6	3	6	7	18	85	7	4	11	5	23	6	10	102	6	11	5	5	6	9	10	7	5	6	6	9	6	5	10	9	8	10	5	5	10	5	4	10	5	5	5	8	8	5	8	5	4	12	11	15	6	9	6	4	6	9	10	4	5	6	6	7	9	5	5	6	6	6	8	6	6	10	6	7	5	3	5	4	6	4	8	7	7	8	9
TEM-153	5	8	38	6	86	8	9	7	15	6	5	3	7	5	6	15	9	9	7	6	6	8	4	8	9	7	6	6	6	6	4	6	7	5	6	8	6	7	8	11	10	6	7	9	7	3	6	6	3	5	14	8	5	7	7	11	35	12	7	7	6	10	10	112	6	6	4	5	5	4	7	9	10	6	8	29	7	6	11	10	13	5	9	5	0	5	8	7	8	86	9	9	7	6	5	5	6	8	5	8	6	29	7	10	8	7	5	8	5	6	21	9	10	5	4	7	8	17	87	8	5	10	6	24	5	9	104	7	8	6	4	7	6	11	8	6	7	7	10	7	6	7	8	7	7	6	6	11	6	5	9	6	6	6	9	7	6	7	6	5	11	12	14	7	8	5	5	7	10	9	5	6	7	7	8	8	6	4	7	7	7	9	7	7	7	3	6	6	4	4	5	5	3	9	4	8	9	10
TEM-209	4	9	37	3	85	5	8	8	12	5	6	4	10	4	3	14	8	10	8	3	9	5	5	7	8	8	3	3	3	3	3	5	6	2	3	7	3	6	5	12	9	3	6	8	6	6	3	7	4	6	13	7	4	5	4	12	36	11	4	6	7	13	9	110	3	3	5	2	4	5	10	8	9	3	9	28	6	9	10	9	12	6	8	4	5	0	5	4	5	85	10	6	4	3	4	4	5	9	4	9	5	28	4	9	7	4	2	11	6	9	20	10	9	4	3	4	7	18	86	7	4	11	5	23	6	10	103	6	11	3	3	6	9	10	7	3	6	6	9	4	3	10	9	8	10	5	3	10	3	4	10	3	5	3	8	8	3	8	5	2	12	9	15	4	9	4	4	4	7	10	4	3	6	4	5	9	3	3	4	4	4	8	4	6	10	6	5	3	3	5	4	6	4	8	5	5	8	7
TEM-29	7	12	34	6	82	6	11	9	15	8	7	5	13	7	6	17	11	13	11	6	12	8	8	8	11	11	6	6	6	6	6	8	9	5	6	10	6	9	8	9	10	6	9	11	9	9	6	10	7	7	8	10	7	8	7	9	33	14	7	9	10	10	6	107	6	6	6	5	7	8	13	11	12	6	12	25	9	12	13	10	15	9	11	7	8	5	0	5	8	80	7	3	7	6	7	7	8	12	7	10	8	31	7	12	10	7	5	14	9	12	23	13	12	7	6	7	10	21	81	10	7	14	8	26	9	13	100	9	14	6	6	7	12	13	10	6	9	9	12	7	4	13	12	11	13	8	6	13	6	7	13	6	8	6	11	11	6	11	8	5	15	12	18	7	12	7	7	7	10	13	7	6	9	7	8	12	6	6	7	7	7	11	7	9	13	9	8	6	6	8	7	9	7	9	8	8	11	10
TEM-28	4	9	39	3	86	1	6	8	12	7	4	4	12	6	3	16	10	10	10	3	11	5	5	7	10	10	3	3	3	3	3	7	6	4	3	7	3	8	5	14	9	3	6	8	8	8	3	9	4	4	13	9	6	7	4	14	38	13	2	8	9	15	11	111	3	3	5	4	6	7	12	10	7	5	11	28	8	11	10	7	14	6	8	6	7	4	5	0	5	84	12	8	4	3	6	6	7	9	6	9	5	30	2	9	9	4	4	11	6	11	22	10	9	4	5	4	9	20	85	9	6	11	7	25	8	10	104	8	13	3	3	6	11	10	9	3	8	8	9	4	3	12	11	10	12	7	3	10	3	6	12	3	7	3	10	10	3	8	5	4	14	11	17	4	11	4	6	4	9	12	6	3	8	4	3	11	3	5	4	4	4	10	4	8	12	8	5	3	5	7	6	6	6	8	5	7	10	9
TEM-136	7	10	40	6	86	6	9	11	15	8	9	7	12	7	6	16	11	7	11	6	12	6	5	10	11	11	6	6	6	6	6	8	5	5	6	8	6	9	8	15	12	6	7	9	9	9	6	8	7	9	16	10	7	8	5	15	39	14	3	9	10	14	12	112	6	6	8	5	7	6	13	11	10	6	12	29	9	10	9	10	13	9	7	7	8	5	8	5	0	88	13	9	7	6	7	7	8	10	7	12	8	31	4	6	10	7	5	8	7	10	22	13	8	7	6	7	10	21	89	10	7	10	8	26	9	13	106	9	14	5	6	9	10	11	8	6	9	7	10	7	6	9	10	11	13	8	6	7	6	7	13	6	6	6	11	11	6	5	6	5	15	12	16	7	12	7	7	5	10	13	7	6	9	7	2	10	6	6	7	7	7	11	7	9	11	9	8	6	6	7	5	9	7	11	6	8	11	10
TEM-118	86	84	52	85	4	85	82	81	94	86	84	85	84	85	85	89	83	87	83	84	83	87	86	80	83	87	85	85	85	85	83	86	85	85	84	82	85	81	87	81	81	85	81	83	81	87	85	84	86	86	77	80	85	87	86	81	57	92	86	83	84	85	81	49	85	85	84	85	85	86	85	83	83	85	82	65	83	86	83	82	87	88	83	84	86	85	80	84	88	0	79	83	86	85	85	85	86	83	85	82	85	97	86	84	82	84	85	87	87	84	95	91	82	86	84	85	87	75	1	82	83	87	86	98	87	84	26	87	85	85	85	81	85	83	82	85	81	81	82	85	84	87	84	83	83	86	85	83	85	85	83	85	86	85	83	81	85	87	86	85	88	88	90	86	82	86	85	86	90	84	85	85	87	84	87	82	85	86	86	86	86	83	86	81	84	87	87	85	84	86	85	86	85	81	87	84	84	85
TEM-20	10	5	31	11	79	13	8	8	20	11	12	10	8	10	11	14	8	12	6	11	5	13	9	7	8	12	11	11	11	11	9	9	10	10	11	5	11	6	13	4	9	11	6	6	6	8	11	9	10	10	7	7	10	12	12	4	28	17	12	6	7	8	6	112	11	11	11	10	10	11	6	8	9	11	7	20	8	9	8	9	12	10	8	10	9	10	7	12	13	79	0	8	12	11	10	10	11	9	10	7	11	27	12	9	7	12	10	11	8	7	20	16	9	10	9	12	13	16	80	7	10	13	11	23	10	8	101	12	7	11	9	8	9	8	7	11	4	6	7	12	11	10	7	6	6	11	11	10	11	10	8	11	11	11	8	8	11	12	11	10	12	17	15	12	7	10	10	12	15	8	10	11	12	12	13	9	11	9	12	12	12	8	12	6	8	8	11	11	9	9	10	10	8	8	11	13	14	15
TEM-169	8	13	35	6	83	9	12	12	16	9	8	8	14	8	7	18	10	14	12	7	13	7	9	11	12	12	7	7	7	7	7	9	10	6	7	11	5	10	9	10	12	7	10	12	10	10	7	11	8	10	11	11	6	9	8	10	34	15	8	10	11	11	7	108	7	7	9	6	8	9	14	11	13	7	13	26	7	13	14	12	13	10	12	8	9	6	3	8	9	83	8	0	8	7	8	8	9	13	8	13	9	32	8	13	10	8	6	15	10	13	24	14	13	8	7	8	11	22	84	10	8	15	7	27	10	14	101	8	15	7	7	10	13	14	11	7	10	10	13	8	7	14	13	12	14	8	7	14	7	8	14	7	7	7	8	12	7	12	7	6	16	13	19	8	13	8	8	8	11	14	8	7	10	8	9	13	7	7	6	7	8	9	6	10	14	10	9	7	7	9	8	9	8	12	9	9	12	11
TEM-79	4	11	39	3	86	5	8	10	12	5	6	6	12	4	3	16	10	11	10	3	11	5	7	9	9	8	3	3	3	3	3	5	8	4	3	9	3	8	5	14	11	3	8	10	8	6	3	9	4	6	15	9	5	7	4	14	38	11	4	8	9	13	9	111	2	3	5	4	4	5	12	10	9	5	11	30	8	11	12	11	14	6	10	6	7	4	7	4	7	86	12	8	0	3	4	4	5	9	4	11	3	30	4	11	9	4	4	13	6	11	22	10	11	4	5	4	7	20	87	9	4	11	5	25	6	10	104	6	13	3	3	8	11	12	9	3	8	8	11	4	5	12	11	10	12	5	3	12	3	4	12	3	5	3	10	10	3	10	5	4	14	11	17	4	11	4	4	4	9	12	4	3	6	4	5	11	2	5	4	4	4	10	4	8	12	8	5	3	5	7	4	6	6	10	5	7	8	8
TEM-186	3	10	38	2	85	4	7	9	11	6	5	5	11	5	2	15	9	11	9	2	10	4	6	8	9	9	2	2	2	2	2	6	7	3	2	8	2	7	4	13	10	2	7	9	7	7	2	8	3	5	14	8	5	6	3	13	37	12	3	7	8	14	10	110	2	2	6	3	5	6	11	9	8	4	10	29	7	10	11	10	13	5	9	5	6	3	6	3	6	85	11	7	3	0	5	5	6	8	5	10	4	29	3	10	8	3	3	12	7	10	21	9	10	3	4	3	8	19	86	8	5	10	6	24	7	9	103	7	12	2	2	7	10	11	8	2	7	7	10	3	4	11	10	9	11	6	2	11	2	5	11	2	6	2	9	9	2	9	6	3	13	10	16	3	10	3	5	3	8	11	5	2	7	3	4	10	2	4	3	3	3	9	3	7	11	7	4	2	4	6	5	5	5	9	4	6	9	8
TEM-90	6	9	37	5	85	7	8	8	14	3	6	6	10	2	5	14	8	10	8	5	9	7	5	7	8	6	5	5	5	5	3	3	6	4	5	7	5	6	7	12	9	5	6	8	6	4	5	7	6	8	13	7	4	6	6	12	36	9	6	6	7	11	7	112	5	5	3	4	2	3	10	8	9	5	9	28	6	9	10	9	12	8	8	4	5	4	7	6	7	85	10	8	4	5	0	2	3	9	2	9	3	28	6	9	7	6	4	11	4	9	20	12	9	6	3	6	5	18	86	7	2	11	3	23	4	10	103	4	11	5	5	6	9	10	7	5	6	6	9	6	5	10	9	8	10	3	5	10	5	2	10	5	3	5	8	8	5	8	3	4	12	11	15	6	9	6	2	6	9	10	2	5	4	6	7	9	5	5	6	6	6	8	6	6	10	6	7	5	3	5	2	6	4	8	7	7	6	9
TEM-156	6	9	37	5	85	7	8	8	14	3	6	6	10	2	5	14	8	10	8	5	9	7	5	7	8	6	5	5	5	5	3	3	6	4	5	7	5	6	7	12	9	5	6	8	6	4	5	7	6	8	13	7	4	6	6	12	36	9	6	6	7	11	7	112	5	5	3	4	2	3	10	8	9	5	9	28	6	9	10	9	12	8	8	4	5	4	7	6	7	85	10	8	4	5	2	0	3	9	2	9	3	28	6	9	7	6	4	11	4	9	20	12	9	6	3	6	5	17	86	7	2	11	3	23	4	10	103	4	11	5	5	6	9	10	7	5	6	6	9	6	5	10	9	8	10	3	5	10	5	2	10	5	3	5	8	8	5	8	3	4	12	11	15	6	9	6	2	6	9	10	2	5	4	6	7	9	5	5	6	6	6	8	6	6	10	6	7	5	3	5	2	6	4	8	7	7	6	9
TEM-146	7	10	38	6	86	8	9	9	15	4	7	7	11	3	6	15	9	11	9	6	10	8	6	8	9	7	6	6	6	6	4	4	7	5	6	8	6	7	8	13	10	6	7	9	7	5	6	8	7	9	14	8	5	5	7	13	37	10	7	7	8	12	8	113	6	6	4	5	3	4	11	9	10	6	10	29	7	10	11	10	13	9	9	5	6	5	8	7	8	86	11	9	5	6	3	3	0	10	2	10	4	29	7	10	8	7	5	12	5	10	21	13	10	7	4	7	6	19	87	8	3	12	4	24	5	11	104	5	12	6	6	7	10	11	8	6	7	7	10	7	6	11	10	9	11	4	6	11	6	3	11	6	4	6	9	9	6	9	4	5	13	12	16	7	10	7	3	7	10	11	3	6	5	7	8	10	6	6	7	7	7	9	7	7	11	7	8	6	4	6	3	7	5	9	8	8	7	10
TEM-129	9	6	34	8	79	10	7	3	17	10	7	9	6	9	8	12	7	5	5	8	6	8	9	4	5	9	8	8	8	8	6	10	5	9	8	6	8	3	10	7	8	8	5	7	5	9	8	4	7	9	12	6	9	11	9	7	31	16	7	7	8	11	11	116	8	8	8	9	9	6	5	7	8	10	6	25	7	6	9	8	9	9	5	9	8	9	12	9	10	83	9	13	9	8	9	9	10	0	9	4	8	27	8	4	6	9	9	6	11	4	18	13	6	7	8	9	12	13	84	4	9	4	10	22	9	3	105	11	8	7	8	7	6	7	4	8	5	3	8	9	10	7	2	3	7	10	8	7	8	9	7	8	8	8	7	5	8	5	10	9	11	16	8	9	6	9	9	7	14	5	9	8	11	9	8	4	8	10	9	9	9	7	9	5	5	9	8	8	8	9	9	9	9	5	6	12	13	14
TEM-54	6	9	37	5	85	7	8	8	14	3	6	6	10	2	5	14	8	10	8	5	9	7	5	7	8	6	5	5	5	5	3	3	6	4	5	7	5	6	7	12	9	5	6	8	6	4	5	7	6	8	13	7	4	5	6	12	36	9	6	6	7	11	7	112	5	5	3	4	2	3	10	8	9	5	9	28	6	9	10	9	12	8	8	4	5	4	7	6	7	85	10	8	4	5	2	2	2	9	0	9	3	28	6	9	7	6	4	11	4	9	20	12	9	6	3	6	5	18	86	7	2	11	3	23	4	10	103	4	11	5	5	6	9	10	7	5	6	6	9	6	5	10	9	8	10	3	5	10	5	2	10	5	3	5	8	8	5	8	3	4	12	11	15	6	9	6	2	6	9	10	2	5	4	6	7	9	5	5	6	6	6	8	6	6	10	6	7	5	3	5	2	6	4	8	7	7	6	9
TEM-134	11	4	34	10	82	10	7	1	19	10	7	7	7	9	10	13	7	7	3	10	4	12	10	2	5	9	10	10	10	10	8	8	7	9	10	4	10	3	12	5	6	10	5	5	5	7	10	6	9	7	10	6	9	11	11	5	29	16	11	5	8	13	11	117	10	10	6	9	9	8	3	7	8	10	4	23	7	8	7	6	11	9	7	9	8	9	10	9	12	82	7	13	11	10	9	9	10	4	9	0	10	26	11	6	6	11	9	8	9	6	19	15	8	7	8	11	12	11	83	4	9	8	10	22	7	3	106	11	6	10	10	5	8	5	6	10	3	5	6	11	8	9	2	1	5	10	10	9	10	9	5	10	10	10	7	5	10	7	10	9	9	16	10	11	4	11	9	11	14	3	9	10	11	11	12	6	10	10	11	11	11	7	11	5	7	7	8	10	8	10	9	11	9	3	10	12	13	14
TEM-219	5	10	38	4	85	6	7	9	13	4	5	7	11	3	4	15	9	11	9	4	10	6	6	8	9	7	4	4	4	4	2	4	7	5	4	8	4	7	6	13	10	4	7	9	7	5	4	8	5	7	14	8	5	7	5	13	37	10	5	7	8	12	8	112	4	4	4	5	3	4	11	9	8	6	10	29	7	10	11	10	13	7	9	5	6	5	8	5	8	85	11	9	3	4	3	3	4	8	3	10	0	29	5	10	8	5	5	12	5	10	21	11	10	5	4	5	6	19	86	8	3	10	4	24	5	9	103	5	12	4	4	7	10	11	8	4	7	7	10	5	6	11	10	9	11	4	4	11	4	3	11	4	4	4	9	9	4	9	4	5	13	12	16	5	10	5	3	5	10	11	3	4	5	5	6	10	4	6	5	5	5	9	5	7	11	7	6	4	4	6	3	5	5	9	6	8	7	10
TEM-178	30	26	49	29	97	31	27	26	38	29	30	30	28	28	29	32	26	30	25	29	26	31	29	25	26	30	29	29	29	29	27	28	28	28	29	24	29	24	31	29	27	29	24	25	24	29	28	27	30	31	31	25	28	30	30	29	48	35	30	25	27	34	30	130	29	29	29	28	28	29	27	26	28	29	26	45	26	29	27	27	30	31	26	28	29	28	31	30	31	97	27	32	30	29	28	28	29	27	28	26	29	0	30	27	25	30	28	31	29	27	38	36	27	29	27	28	31	35	98	25	28	31	29	41	29	27	119	30	28	29	29	26	29	27	25	29	23	24	26	30	29	30	26	25	27	29	29	28	29	28	27	29	29	29	26	26	29	30	29	28	31	35	33	30	26	30	28	30	33	27	28	29	30	30	31	27	29	29	30	30	30	26	30	24	28	29	30	29	27	29	28	30	28	26	31	31	32	33
TEM-144	4	9	39	3	85	3	6	10	12	7	6	6	10	6	3	14	10	9	10	3	11	4	3	9	10	10	3	3	3	3	3	7	5	4	3	7	3	8	5	14	11	3	6	8	8	8	3	8	4	6	15	9	6	7	4	14	38	13	1	8	9	14	11	111	3	3	7	4	6	6	12	10	7	5	11	28	8	10	10	9	13	6	7	6	7	4	7	2	4	86	12	8	4	3	6	6	7	8	6	11	5	30	0	8	9	4	4	10	6	10	20	10	8	4	5	4	9	20	87	9	6	10	7	25	8	10	104	8	13	1	3	8	10	10	8	3	8	7	9	4	5	11	10	10	12	7	3	9	3	6	12	3	6	3	10	10	3	7	5	4	14	11	16	4	11	4	6	3	9	12	6	3	8	4	2	10	3	5	4	4	4	10	4	8	11	8	5	3	5	5	6	6	6	10	4	7	10	9
TEM-114	11	4	34	10	80	10	7	5	19	10	11	11	8	9	10	12	7	3	7	10	8	10	7	4	5	11	10	10	10	10	8	10	3	9	10	4	10	3	12	9	8	10	3	5	5	11	10	6	11	13	12	6	9	11	11	9	33	16	7	7	8	13	11	117	10	10	10	9	9	8	7	7	8	10	8	23	7	8	7	6	9	13	3	9	10	9	12	9	6	84	9	13	11	10	9	9	10	4	9	6	10	27	8	0	6	11	9	4	9	6	18	17	4	11	8	11	12	15	85	4	9	6	10	22	11	7	106	11	10	9	10	7	8	5	4	10	5	3	6	11	10	7	4	5	9	10	10	3	10	9	9	10	8	10	7	7	10	3	8	9	13	16	10	11	8	11	9	9	14	7	9	10	11	11	6	6	10	10	11	11	11	7	11	5	7	11	12	10	8	9	9	11	9	5	10	12	13	14
TEM-45	9	6	34	7	82	10	7	5	17	8	8	9	7	7	8	11	4	9	5	8	6	9	8	4	5	9	8	8	8	8	6	8	7	5	8	4	7	3	9	9	5	8	3	5	3	9	8	6	9	11	10	4	6	9	9	9	33	14	9	5	6	13	9	114	8	8	8	7	7	8	7	1	7	6	6	25	4	8	7	5	8	11	5	7	8	7	10	9	10	82	7	10	9	8	7	7	8	6	7	6	8	25	9	6	0	9	7	10	9	6	17	14	6	9	6	9	10	15	83	3	7	10	7	20	9	7	103	8	7	8	8	5	8	7	4	8	3	3	6	9	8	9	6	5	7	5	8	7	8	7	7	8	7	8	4	5	8	9	7	7	10	14	12	9	6	9	7	9	11	7	7	8	9	9	10	6	8	8	8	8	9	4	8	3	7	9	10	8	6	8	7	9	7	5	10	10	11	12
TEM-104	4	11	39	3	84	5	8	10	12	7	6	6	12	6	3	16	10	12	10	3	11	5	7	9	10	10	3	3	3	3	3	7	8	4	3	9	3	8	5	14	11	3	8	10	8	8	3	9	4	6	15	9	6	7	4	14	38	13	4	8	9	15	11	109	3	3	7	4	6	7	12	10	9	5	11	30	8	11	12	11	14	6	10	6	7	4	7	4	7	84	12	8	4	3	6	6	7	9	6	11	5	30	4	11	9	0	4	13	8	11	22	10	11	4	5	4	9	20	85	9	6	11	7	25	8	10	102	8	13	3	3	8	11	8	9	3	8	8	11	4	5	12	11	10	12	7	3	12	3	6	12	3	7	3	10	10	3	10	7	4	14	11	17	4	11	4	6	4	9	12	6	3	8	4	5	11	3	5	4	4	4	10	4	8	12	8	5	3	5	7	6	6	6	10	5	7	10	9
TEM-141	4	9	37	3	85	5	8	8	12	5	6	4	10	4	3	14	8	10	8	3	9	5	5	7	8	8	3	3	3	3	3	5	6	2	3	7	3	6	5	12	9	3	6	8	6	6	3	7	4	6	13	7	4	5	4	12	36	11	4	6	7	13	9	110	3	3	5	2	4	5	10	8	9	3	9	28	6	9	10	9	12	6	8	4	5	2	5	4	5	85	10	6	4	3	4	4	5	9	4	9	5	28	4	9	7	4	0	11	6	9	20	10	9	4	3	4	7	18	86	7	4	11	5	23	6	10	103	6	11	3	3	6	9	10	7	3	6	6	9	4	3	10	9	8	10	5	3	10	3	4	10	3	5	3	8	8	3	8	5	2	12	9	15	4	9	4	4	4	7	10	4	3	6	4	5	9	3	3	4	4	4	8	4	6	10	6	5	3	3	5	4	6	4	8	5	5	8	7
TEM-177	11	6	38	12	83	12	11	7	21	12	11	9	6	11	12	16	11	3	9	12	6	12	7	8	9	11	12	12	12	12	10	12	5	11	12	8	12	7	14	11	12	12	7	9	9	9	12	6	9	11	16	10	11	13	13	11	35	18	9	9	8	11	13	118	12	12	10	11	11	8	7	11	12	12	10	27	9	6	11	10	13	11	7	11	8	11	14	11	8	87	11	15	13	12	11	11	12	6	11	8	12	31	10	4	10	13	11	0	9	6	22	13	8	11	10	13	14	17	88	8	11	6	12	26	11	9	107	13	8	11	10	9	4	9	8	12	9	7	10	13	12	5	6	7	9	12	12	7	12	11	11	12	10	12	11	9	12	3	10	11	13	18	12	13	10	11	11	11	16	9	11	12	13	13	8	8	12	10	13	13	13	11	13	9	5	9	12	12	10	9	11	11	9	9	8	14	15	16
TEM-93	6	5	39	7	87	7	6	10	16	5	8	6	10	4	7	16	10	10	8	7	7	9	3	9	10	8	7	7	7	7	5	3	6	6	7	5	7	8	9	12	11	7	6	6	8	2	7	9	6	6	15	9	6	8	8	12	36	11	6	6	7	11	9	114	7	7	5	6	4	5	8	10	7	7	9	26	8	9	8	9	14	6	8	6	5	6	9	6	7	87	8	10	6	7	4	4	5	11	4	9	5	29	6	9	9	8	6	9	0	9	22	12	9	6	5	8	7	18	88	9	4	13	5	25	4	10	105	6	9	7	5	8	9	8	9	7	6	8	7	8	7	10	9	8	8	5	7	10	7	4	10	7	5	7	10	10	7	8	3	6	12	13	17	8	9	6	4	8	11	10	4	7	6	8	7	11	7	5	8	8	8	10	8	8	10	4	7	7	5	5	4	6	4	10	7	9	8	11
TEM-149	9	6	36	10	82	12	9	5	19	10	9	7	4	9	10	12	7	7	5	10	4	10	7	6	7	9	9	10	10	10	8	10	7	9	10	6	10	5	12	9	8	10	5	7	5	7	10	4	7	9	12	6	9	11	11	9	33	16	9	7	6	9	11	117	10	10	8	9	9	6	5	7	10	10	6	27	7	4	9	8	9	9	4	9	6	9	12	11	10	84	7	13	11	10	9	9	10	4	9	6	10	27	10	6	6	11	9	6	9	0	18	13	6	9	8	11	12	15	85	6	9	8	10	22	9	7	106	11	6	9	8	7	4	9	4	10	5	3	8	11	10	5	4	5	5	10	10	7	10	9	7	10	8	10	7	5	10	7	10	9	11	16	10	11	6	9	9	9	14	7	9	10	11	11	10	4	10	8	11	11	11	7	11	5	3	7	10	10	8	7	9	9	7	7	6	12	13	14
TEM-193	22	19	47	21	94	23	20	18	29	21	22	22	18	20	21	10	18	21	18	21	19	22	19	17	18	22	21	21	19	21	19	21	19	20	21	17	21	16	23	22	19	21	16	18	16	22	21	18	22	24	23	17	20	22	22	22	46	27	21	18	19	25	22	128	21	21	21	20	20	20	20	18	21	21	19	38	18	20	20	19	21	24	17	20	21	20	23	22	22	95	20	24	22	21	20	20	21	18	20	19	21	38	20	18	17	22	20	22	22	18	0	28	18	22	19	22	23	28	96	17	20	22	21	21	22	20	117	22	21	19	21	18	20	20	16	21	16	15	19	22	21	21	18	18	20	21	21	19	21	20	20	21	20	21	18	18	21	21	21	20	24	27	24	22	19	22	20	21	25	20	20	21	22	22	22	18	21	21	22	22	22	18	22	16	19	22	23	21	19	19	20	22	20	18	22	23	24	25
TEM-124	8	15	45	9	91	11	14	14	18	13	10	8	12	12	9	22	16	16	14	9	11	11	11	15	16	14	9	9	9	9	9	13	14	9	9	15	9	14	10	18	17	9	14	16	14	10	9	13	6	8	21	15	12	13	10	18	42	19	10	14	13	17	17	114	9	9	11	10	12	11	14	15	14	10	15	36	14	13	18	17	20	8	16	12	9	10	13	10	13	91	16	14	10	9	12	12	13	13	12	15	11	36	10	17	14	10	10	13	12	13	28	0	17	8	11	10	15	24	92	15	12	15	13	31	12	14	107	14	12	9	7	14	11	18	15	9	14	14	17	10	11	14	15	14	14	12	9	18	9	12	16	9	13	9	16	14	9	14	13	10	6	17	21	10	15	8	12	10	11	16	12	9	14	10	11	15	9	9	10	10	10	16	10	14	12	10	9	9	11	11	12	10	10	16	7	13	16	15
TEM-85	11	6	36	10	82	10	5	7	19	10	11	11	8	9	10	12	7	7	7	10	8	10	7	6	6	11	10	10	10	10	8	10	5	9	10	4	10	5	12	11	8	10	3	3	5	11	10	4	11	13	8	2	9	11	11	11	35	16	7	5	6	13	11	117	10	10	10	9	9	8	9	7	6	10	6	23	7	6	3	6	9	13	3	9	10	9	12	9	8	82	9	13	11	10	9	9	10	6	9	8	10	27	8	4	6	11	9	8	9	6	18	17	0	11	8	11	12	17	81	6	7	10	10	22	11	9	104	11	10	9	10	5	8	7	2	10	5	3	2	11	10	7	6	7	5	10	10	1	10	9	5	10	8	10	7	5	10	7	8	9	13	16	12	11	4	11	9	9	14	9	9	10	11	9	8	2	10	10	11	11	11	7	11	5	7	11	12	10	8	9	9	11	9	7	10	12	13	14
TEM-15	4	9	39	3	86	5	6	8	12	7	4	4	10	6	3	16	10	10	6	3	7	5	7	9	10	8	3	3	3	3	3	5	8	4	3	7	3	8	5	10	11	3	8	8	8	4	3	7	2	2	15	9	6	7	4	10	34	13	4	6	9	13	11	111	3	3	5	4	6	5	8	10	7	5	7	28	8	9	10	11	14	2	10	6	5	4	7	4	7	86	10	8	4	3	6	6	7	7	6	7	5	29	4	11	9	4	4	11	6	9	22	8	11	0	5	4	9	16	87	9	6	9	7	25	4	6	104	8	9	3	3	8	9	10	9	3	6	8	9	4	5	10	7	6	8	7	3	12	3	6	8	3	7	3	10	8	3	8	7	4	10	11	15	4	7	4	6	4	9	8	6	3	8	4	5	9	3	5	4	4	4	10	4	8	10	4	1	3	5	7	6	6	6	10	3	7	10	9
TEM-40	5	8	36	4	84	6	7	7	13	4	5	5	9	3	4	13	7	9	7	4	8	6	4	6	7	7	4	4	4	4	2	4	5	3	4	6	4	5	5	11	8	4	5	7	5	5	4	6	5	7	12	6	3	5	5	11	35	10	5	5	5	12	8	111	4	4	4	3	3	4	9	7	8	4	8	27	5	8	9	8	9	7	7	3	4	3	6	5	6	84	9	7	5	4	3	3	4	8	3	8	4	27	5	8	6	5	3	10	5	8	19	11	8	5	0	5	6	17	85	6	3	10	4	22	5	9	102	5	10	4	4	5	8	9	6	4	5	5	8	5	4	9	8	7	9	4	4	9	4	3	9	4	4	4	7	7	4	7	4	3	11	10	14	5	8	5	3	5	8	9	3	4	5	5	6	8	4	3	5	5	4	7	5	5	9	5	6	4	2	4	3	3	3	7	6	6	7	8
TEM-216	4	11	39	3	85	5	8	10	12	7	6	6	12	6	3	16	10	12	10	2	11	5	7	9	10	10	3	3	3	3	3	7	8	4	3	9	3	8	5	14	11	3	8	10	8	8	3	9	4	6	15	9	6	7	4	14	38	13	4	8	9	15	11	110	3	3	7	4	6	7	12	10	9	5	11	30	8	11	12	11	14	6	10	6	7	4	7	4	7	85	12	8	4	3	6	6	7	9	6	11	5	28	4	11	9	4	4	13	8	11	22	10	11	4	5	0	9	20	86	9	6	11	7	25	8	10	103	8	13	3	3	8	11	12	9	3	8	8	11	4	5	12	11	10	12	7	3	12	3	6	12	3	7	3	10	10	3	10	7	4	14	11	17	4	11	4	6	4	9	12	6	3	8	4	5	11	3	5	4	4	4	10	4	8	12	8	5	3	5	7	6	6	6	10	5	7	10	9
TEM-157	9	12	40	8	87	10	11	11	15	2	9	9	13	5	8	17	11	13	11	8	12	10	8	10	11	9	8	8	8	8	6	6	9	7	8	10	8	9	10	15	12	8	9	11	9	7	8	10	9	11	14	10	7	9	9	15	39	6	9	9	10	10	10	114	8	8	6	7	3	6	13	11	12	8	12	31	9	12	13	12	15	11	11	7	8	7	10	9	10	87	13	11	7	8	5	5	6	12	5	12	6	31	9	12	10	9	7	14	7	12	23	15	12	9	6	9	0	21	88	10	5	14	6	26	5	13	105	7	14	8	8	9	12	13	10	8	9	9	12	9	8	13	12	11	13	6	8	13	8	5	13	8	6	8	11	11	8	11	6	7	15	14	18	9	12	9	5	9	12	13	3	8	3	9	10	12	8	8	9	9	9	11	9	9	13	9	10	8	6	8	5	9	7	11	10	10	9	12
TEM-199	20	13	43	19	73	21	16	12	28	19	18	18	16	18	19	22	16	16	12	19	13	21	19	13	14	18	19	19	19	19	17	17	16	18	19	13	19	12	21	14	17	19	14	14	14	16	19	15	18	18	21	15	18	20	20	14	38	25	20	14	17	22	20	108	19	19	17	18	18	17	12	16	17	19	13	14	16	17	16	17	20	18	16	18	17	18	21	20	21	75	16	22	20	19	18	17	19	13	18	11	19	35	20	15	15	20	18	17	18	15	28	24	17	16	17	20	21	0	76	13	18	17	19	31	16	12	97	20	15	19	19	16	17	14	15	19	12	14	15	20	19	18	11	10	14	19	19	18	19	18	14	19	19	19	16	14	19	16	19	18	18	21	19	20	13	20	18	20	23	12	18	19	20	20	21	15	19	19	20	20	20	16	20	14	16	16	17	19	17	19	18	20	18	14	19	21	18	19
TEM-75	87	85	53	86	5	86	83	82	95	87	85	86	85	86	86	90	84	88	84	85	84	88	87	81	83	88	86	86	86	86	84	87	86	86	85	83	86	82	88	82	82	86	82	82	82	88	86	83	87	87	76	79	86	88	87	82	58	93	87	82	83	86	82	50	86	86	85	86	86	87	86	84	84	86	83	66	84	85	82	83	88	89	84	85	87	86	81	85	89	1	80	84	87	86	86	86	87	84	86	83	86	98	87	85	83	85	86	88	88	85	96	92	81	87	85	86	88	76	0	83	84	88	87	99	88	85	25	88	86	86	86	80	86	84	81	86	82	82	81	86	85	86	85	84	82	87	86	82	86	86	82	86	87	86	84	82	86	88	87	86	89	89	91	87	81	87	86	87	91	85	86	86	88	85	88	81	86	87	87	87	87	84	87	82	85	88	88	86	85	87	86	87	86	82	88	85	85	86
TEM-160	9	4	32	6	80	10	7	3	17	8	8	9	7	7	8	11	3	7	5	8	6	9	8	2	3	9	8	8	8	8	6	8	5	7	8	4	7	1	10	7	4	8	3	5	3	9	8	6	9	11	10	4	6	9	9	7	31	14	9	5	6	13	9	115	8	8	8	7	7	8	5	4	8	8	6	23	4	8	7	4	8	11	5	7	8	7	10	9	10	82	7	10	9	8	7	7	8	4	7	4	8	25	9	4	3	9	7	8	9	6	17	15	6	9	6	9	10	13	83	0	7	8	7	20	9	5	104	8	8	8	8	5	8	5	4	8	3	3	6	9	8	9	4	3	7	6	8	7	8	7	7	8	7	8	4	5	8	7	7	7	11	14	10	9	6	9	7	9	12	5	7	8	9	9	10	6	8	8	8	7	9	4	8	3	7	9	10	8	6	8	7	9	7	3	10	10	11	12
TEM-168	6	9	37	5	85	7	6	8	14	3	6	6	10	2	5	14	8	10	8	5	9	7	5	7	8	6	5	5	5	5	3	3	6	4	5	7	5	6	7	12	9	5	6	8	6	4	5	7	6	8	11	5	4	6	6	12	36	9	6	6	7	11	7	112	5	5	3	4	2	3	10	8	7	5	7	26	6	9	8	9	12	8	8	4	5	4	7	6	7	83	10	8	4	5	2	2	3	9	2	9	3	28	6	9	7	6	4	11	4	9	20	12	7	6	3	6	5	18	84	7	0	11	3	23	4	10	103	4	11	5	5	6	9	10	7	5	6	6	7	6	5	10	9	8	8	3	5	8	5	2	8	5	3	5	8	6	5	8	3	4	12	11	15	6	7	6	2	6	9	10	2	5	4	4	7	7	5	5	6	6	6	8	6	6	10	6	7	5	3	5	2	6	4	8	7	7	6	9
TEM-130	11	10	38	10	83	12	11	7	19	12	9	11	10	11	10	16	11	5	9	10	10	10	11	8	9	11	10	10	10	10	8	12	7	11	10	10	10	7	12	11	12	10	9	11	9	11	10	6	9	11	16	10	11	13	11	11	35	18	9	9	10	13	13	118	10	10	10	11	11	8	9	11	12	12	10	29	9	8	13	12	13	11	9	11	10	11	14	11	10	87	13	15	11	10	11	11	12	4	11	8	10	31	10	6	10	11	11	6	13	8	22	15	10	9	10	11	14	17	88	8	11	0	12	26	11	7	107	13	12	9	10	9	8	11	8	10	9	7	12	11	12	7	6	7	11	12	10	9	10	11	11	10	10	10	11	9	10	5	12	11	15	18	12	11	10	11	11	9	16	9	11	10	13	11	8	8	10	12	11	11	11	11	11	9	9	11	10	10	10	11	11	11	11	9	8	14	15	16
TEM-81	7	10	38	5	86	8	9	9	15	4	5	7	11	3	6	15	8	11	9	6	10	6	6	8	9	7	6	6	6	6	4	4	7	5	6	8	4	7	8	13	9	6	7	9	7	5	6	8	7	9	14	8	3	7	7	13	37	10	7	7	8	12	8	113	6	6	4	5	3	4	11	8	10	6	10	29	5	10	11	9	11	9	9	5	6	5	8	7	8	86	11	7	5	6	3	3	4	10	3	10	4	29	7	10	7	7	5	12	5	10	21	13	10	7	4	7	6	19	87	7	3	12	0	24	5	11	104	1	12	6	6	7	8	11	8	6	7	7	10	7	6	11	10	9	11	3	6	11	6	3	11	6	2	6	7	9	6	9	2	5	13	12	16	7	10	7	3	7	10	11	3	6	5	7	8	10	6	6	5	6	7	7	5	7	11	7	8	6	4	6	3	7	5	9	8	8	7	10
TEM-194	25	22	50	24	98	26	23	21	33	24	25	25	23	23	24	13	21	25	21	24	22	26	24	20	21	25	24	24	24	24	22	24	23	23	24	20	24	19	26	25	22	24	19	21	19	25	24	22	25	27	26	20	23	25	25	25	49	30	25	21	22	29	25	131	24	24	24	23	23	24	23	21	24	24	22	41	21	24	23	22	25	26	21	23	24	23	26	25	26	98	23	27	25	24	23	23	24	22	23	22	24	41	25	22	20	25	23	26	25	22	21	31	22	25	22	25	26	31	99	20	23	26	24	0	25	23	120	25	24	24	24	21	24	23	20	24	19	19	22	25	24	25	22	21	23	24	24	23	24	23	23	24	24	24	21	21	24	25	24	23	27	30	28	25	22	24	23	25	28	23	23	23	25	25	26	22	24	24	25	25	25	21	25	19	23	25	26	24	22	24	23	25	23	21	26	26	27	28
TEM-197	8	9	39	7	87	9	8	8	14	3	6	6	10	4	7	16	10	10	6	7	7	9	7	9	10	6	7	7	7	7	5	3	8	6	7	7	7	8	9	10	11	7	8	8	8	2	7	7	6	6	13	9	6	8	8	10	34	9	8	6	9	9	9	114	7	7	3	6	4	3	8	10	9	7	7	28	8	9	10	11	14	6	10	6	5	6	9	8	9	87	10	10	6	7	4	4	5	9	4	7	5	29	8	11	9	8	6	11	4	9	22	12	11	4	5	8	5	16	88	9	4	11	5	25	0	8	105	6	9	7	7	8	9	10	9	7	6	8	9	8	7	10	7	6	8	5	7	12	7	4	8	7	5	7	10	8	7	8	5	6	10	13	15	8	7	8	4	8	11	8	2	7	4	8	9	9	7	7	8	8	8	10	8	8	10	4	5	7	5	7	4	8	6	10	7	9	8	11
TEM-139	10	5	35	9	82	11	6	4	18	11	8	10	8	10	9	14	8	8	4	9	5	11	11	5	6	10	9	9	9	9	7	9	8	10	9	5	9	4	11	6	9	9	6	6	6	8	9	7	8	8	13	7	10	12	10	6	30	17	10	6	9	14	12	117	9	9	9	10	10	9	4	8	7	11	5	24	8	9	8	9	12	8	8	10	9	10	13	10	13	84	8	14	10	9	10	10	11	3	10	3	9	27	10	7	7	10	10	9	10	7	20	14	9	6	9	10	13	12	85	5	10	7	11	23	8	0	106	12	7	9	9	8	9	6	7	9	4	6	7	10	11	10	3	2	6	11	9	10	9	10	6	9	11	9	8	6	9	8	11	10	10	17	11	10	5	10	10	10	15	4	10	9	12	10	11	7	9	11	10	10	10	8	8	6	8	8	7	9	9	11	10	10	10	6	9	13	14	15
TEM-117	104	106	74	103	26	105	106	105	112	104	104	105	106	103	102	111	104	107	105	102	105	104	104	104	104	107	103	103	103	103	101	104	103	102	102	104	103	103	104	103	104	103	103	103	102	105	103	102	104	106	101	102	103	105	104	103	79	110	104	101	102	104	100	25	103	103	104	103	103	104	106	104	106	102	106	89	103	104	105	105	108	106	105	102	104	103	100	104	106	26	101	101	104	103	103	103	104	105	103	106	103	119	104	106	103	102	103	107	105	106	117	107	104	104	102	103	105	97	25	104	103	107	104	120	105	106	0	104	106	103	103	101	105	105	102	103	103	103	104	103	104	105	106	105	105	103	103	105	103	103	105	103	104	103	104	105	103	105	104	103	106	105	112	104	104	104	103	104	106	106	103	103	105	104	105	104	103	104	103	103	103	104	104	103	106	105	105	103	102	104	103	104	103	105	105	102	102	103
TEM-80	8	11	39	6	87	9	10	10	16	5	6	8	12	4	7	16	7	12	10	7	11	5	7	9	10	8	7	7	7	7	5	5	8	6	7	9	5	8	9	14	8	7	8	10	6	6	7	9	8	10	15	9	4	8	8	14	38	11	8	8	9	13	9	113	7	7	5	6	4	5	12	9	11	7	11	30	6	11	12	8	10	10	10	6	7	6	9	8	9	87	12	8	6	7	4	4	5	11	4	11	5	30	8	11	8	8	6	13	6	11	22	14	11	8	5	8	7	20	88	8	4	13	1	25	6	12	104	0	13	7	7	8	9	12	9	7	8	8	11	8	7	12	11	10	12	4	7	12	7	4	12	7	3	7	6	10	7	10	3	6	14	13	17	8	11	8	4	8	11	12	4	7	6	8	9	11	7	7	4	5	6	6	6	8	12	8	9	7	5	7	4	8	6	10	9	9	8	11
TEM-211	11	6	38	12	85	14	9	7	21	12	11	9	5	11	12	15	9	11	5	12	2	14	10	8	9	11	12	12	12	12	10	10	11	10	12	6	12	7	12	9	10	12	7	7	7	7	12	8	9	9	14	8	11	13	13	9	33	18	13	7	8	13	13	117	12	12	10	11	11	10	5	8	8	11	6	27	9	8	9	10	13	9	9	11	8	11	14	13	14	85	7	15	13	12	11	11	12	8	11	6	12	28	13	10	7	13	11	8	9	6	21	12	10	9	10	13	14	15	86	8	11	12	12	24	9	7	106	13	0	12	10	9	6	9	8	12	5	7	8	13	12	9	6	5	5	11	12	11	12	11	7	12	12	12	9	7	12	11	12	11	8	18	14	13	6	11	11	13	15	7	11	12	13	13	14	8	12	10	13	13	13	9	13	7	3	7	10	12	10	10	11	11	9	9	10	14	15	16
TEM-143	3	10	38	2	84	4	7	9	11	6	5	5	9	5	2	13	9	10	9	2	10	3	4	8	9	9	2	2	2	2	2	6	6	3	2	8	2	7	4	13	10	2	7	9	7	7	2	7	3	5	14	8	5	6	3	13	37	12	2	7	8	13	10	110	2	2	6	3	5	5	11	9	8	4	10	29	7	9	11	10	12	5	8	5	6	3	6	3	5	85	11	7	3	2	5	5	6	7	5	10	4	29	1	9	8	3	3	11	7	9	19	9	9	3	4	3	8	19	86	8	5	9	6	24	7	9	103	7	12	0	2	7	9	11	7	2	7	6	10	3	4	10	9	9	11	6	2	10	2	5	11	2	5	2	9	9	2	8	6	3	13	10	15	3	10	3	5	2	8	11	5	2	7	3	3	9	2	4	3	3	3	9	3	7	10	7	4	2	4	4	5	5	5	9	3	6	9	8
TEM-135	1	8	38	2	85	4	7	9	11	6	5	3	9	5	2	15	9	11	9	2	8	4	4	8	9	9	2	2	2	2	2	6	7	3	2	8	2	7	4	13	10	2	7	9	7	5	2	8	1	3	14	8	5	6	3	13	37	12	3	7	6	12	10	110	2	2	6	3	5	6	9	9	8	4	10	29	7	8	11	10	13	3	9	5	4	3	6	3	6	85	9	7	3	2	5	5	6	8	5	10	4	29	3	10	8	3	3	10	5	8	21	7	10	3	4	3	8	19	86	8	5	10	6	24	7	9	103	7	10	2	0	7	8	11	8	2	7	7	10	3	4	9	10	9	9	6	2	11	2	5	11	2	6	2	9	9	2	9	6	3	13	10	16	3	10	1	5	3	8	11	5	2	7	3	4	10	2	2	3	3	3	9	3	7	9	5	4	2	4	4	5	3	3	9	2	6	9	8
TEM-115	8	7	35	7	83	7	8	4	16	7	6	6	8	6	7	12	6	8	6	7	7	9	7	3	5	8	7	7	7	7	5	7	6	6	7	5	7	4	9	10	5	7	4	4	4	8	7	3	8	8	7	3	6	8	8	10	34	13	8	2	3	12	8	114	7	7	5	6	6	7	8	6	9	7	7	26	4	5	6	5	10	10	6	6	7	6	7	6	9	81	8	10	8	7	6	6	7	7	6	5	7	26	8	7	5	8	6	9	8	7	18	14	5	8	5	8	9	16	80	5	6	9	7	21	8	8	101	8	9	7	7	0	7	8	3	7	4	4	5	8	5	6	7	6	6	7	7	6	7	6	6	7	7	7	6	6	7	8	7	6	12	13	13	8	5	8	6	8	11	8	6	7	8	8	9	5	7	7	8	8	8	6	8	4	8	8	9	7	5	7	6	8	6	4	9	9	10	11
TEM-184	9	8	38	10	83	12	11	7	19	10	9	7	4	9	10	14	9	7	7	10	4	10	7	8	9	9	10	10	10	10	8	10	7	9	10	8	10	7	12	11	10	10	7	9	7	7	10	4	7	9	14	8	9	11	11	11	35	16	9	7	6	9	11	116	10	10	8	9	9	6	7	9	12	10	8	29	7	4	11	10	11	9	7	9	6	9	12	11	10	85	9	13	11	10	9	9	10	6	9	8	10	29	10	8	8	11	9	4	9	4	20	11	8	9	8	11	12	17	86	8	9	8	8	24	9	9	105	9	6	9	8	7	0	11	6	10	7	5	10	11	10	5	6	7	7	10	10	9	10	9	9	10	8	10	9	7	10	7	10	9	11	16	12	11	8	9	9	9	14	9	9	10	11	11	10	6	10	8	11	11	11	9	11	7	3	7	10	10	8	7	9	9	7	9	6	12	13	14
TEM-101	12	3	35	11	81	11	6	6	20	11	12	12	10	10	11	14	8	8	6	11	7	13	9	5	6	12	11	11	11	11	9	9	6	10	11	3	11	4	13	8	9	11	4	4	6	10	11	9	12	12	13	7	10	12	12	8	32	17	10	6	9	16	12	116	11	11	11	10	10	11	6	8	7	11	7	22	8	11	6	7	12	12	6	10	11	10	13	10	11	83	8	14	12	11	10	10	11	7	10	5	11	27	10	5	7	8	10	9	8	9	20	18	7	10	9	12	13	14	84	5	10	11	11	23	10	6	105	12	9	11	11	8	11	0	7	11	4	6	5	12	11	12	5	4	8	11	11	8	11	10	8	11	11	11	8	8	11	8	9	10	12	17	13	12	7	12	10	12	15	6	10	11	12	12	11	9	11	11	12	12	12	8	12	6	10	10	11	11	9	11	10	12	10	6	13	13	14	15
TEM-53	9	6	34	8	80	10	7	5	17	8	9	9	6	7	8	10	5	7	5	8	6	8	7	4	4	9	8	8	8	8	6	8	5	7	8	4	8	3	10	9	6	8	3	3	3	9	8	2	9	11	8	2	7	9	9	9	33	14	7	3	4	11	9	115	8	8	8	7	7	6	7	5	8	8	6	25	5	4	5	6	7	11	3	7	8	7	10	9	8	82	7	11	9	8	7	7	8	4	7	6	8	25	8	4	4	9	7	8	9	4	16	15	2	9	6	9	10	15	81	4	7	8	8	20	9	7	102	9	8	7	8	3	6	7	0	8	3	1	4	9	8	5	4	5	5	8	8	3	8	7	5	8	6	8	5	5	8	7	8	7	11	14	10	9	4	9	7	7	12	7	7	8	9	9	8	2	8	8	9	9	9	5	9	3	5	9	10	8	6	7	7	9	7	5	8	10	11	12
TEM-127	3	10	38	2	85	4	7	9	11	6	5	5	11	5	2	15	9	11	9	2	10	4	6	8	9	9	2	2	2	2	2	6	7	3	2	8	2	7	4	13	10	2	7	9	7	7	2	8	3	5	14	8	5	6	3	13	37	12	3	7	8	14	10	110	2	2	6	3	5	6	11	9	8	4	10	29	7	10	11	10	13	5	9	5	6	3	6	3	6	85	11	7	3	2	5	5	6	8	5	10	4	29	3	10	8	3	3	12	7	10	21	9	10	3	4	3	8	19	86	8	5	10	6	24	7	9	103	7	12	2	2	7	10	11	8	0	7	7	10	3	4	11	10	9	11	6	2	11	2	5	11	2	6	2	9	9	2	9	6	3	13	10	16	3	10	3	5	3	8	11	5	2	7	3	4	10	2	4	3	3	3	9	3	7	11	7	4	2	4	6	5	5	5	9	4	6	9	8
TEM-19	8	3	33	7	81	9	4	4	16	7	8	8	6	6	7	10	4	8	2	7	3	9	7	3	4	8	7	7	7	7	5	5	6	6	7	1	7	2	9	6	5	7	2	2	2	6	7	5	8	8	9	3	6	8	8	6	30	13	8	2	5	12	8	114	7	7	7	6	6	7	4	4	5	7	3	22	4	7	4	5	8	8	4	6	7	6	9	8	9	81	4	10	8	7	6	6	7	5	6	3	7	23	8	5	3	8	6	9	6	5	16	14	5	6	5	8	9	12	82	3	6	9	7	19	6	4	103	8	5	7	7	4	7	4	3	7	0	2	3	8	7	8	3	2	4	7	7	6	7	6	4	7	7	7	4	4	7	8	7	6	8	13	11	8	3	8	6	8	11	4	6	7	8	8	9	5	7	7	8	8	8	4	8	2	6	6	7	7	5	7	6	8	6	4	9	9	10	11
TEM-12	8	5	33	7	79	9	6	4	16	7	8	8	5	6	7	9	4	6	4	7	5	7	6	3	4	8	7	7	7	7	5	7	4	6	7	3	7	2	9	8	5	7	2	4	2	8	7	3	8	10	9	3	6	8	8	8	32	13	6	4	5	10	8	114	7	7	7	6	6	5	6	4	7	7	5	24	4	5	6	5	6	10	2	6	7	6	9	8	7	81	6	10	8	7	6	6	7	3	6	5	7	24	7	3	3	8	6	7	8	3	15	14	3	8	5	8	9	14	82	3	6	7	7	19	8	6	103	8	7	6	7	4	5	6	1	7	2	0	5	8	7	6	3	4	6	7	7	4	7	6	6	7	5	7	4	4	7	6	7	6	10	13	9	8	5	8	6	6	11	6	6	7	8	8	7	3	7	7	8	8	8	4	8	2	4	8	9	7	5	6	6	8	6	4	7	9	10	11
TEM-48	11	4	36	10	84	10	3	7	19	10	11	11	9	9	10	13	7	9	5	10	6	12	8	6	6	11	10	10	10	10	8	8	7	9	10	2	10	5	12	9	8	10	3	1	5	9	10	6	11	11	8	2	9	11	11	9	33	16	9	3	6	15	11	117	10	10	10	9	9	10	7	7	4	10	4	21	7	8	1	6	11	11	5	9	10	9	12	9	10	82	7	13	11	10	9	9	10	8	9	6	10	26	9	6	6	11	9	10	7	8	19	17	2	9	8	11	12	15	81	6	7	12	10	22	9	7	104	11	8	10	10	5	10	5	4	10	3	5	0	11	10	9	6	5	3	10	10	3	10	9	3	10	10	10	7	5	10	9	8	9	11	16	14	11	2	11	9	11	14	7	9	10	11	9	10	4	10	10	11	11	11	7	11	5	9	9	10	10	8	10	9	11	9	7	12	12	13	14
TEM-164	4	11	39	3	85	5	8	10	12	7	6	6	12	6	3	16	10	12	10	3	11	5	7	9	10	10	3	3	3	3	3	7	8	4	3	9	3	8	5	14	11	3	8	10	8	8	3	9	4	6	15	9	6	7	4	14	38	13	4	8	9	15	11	110	3	3	7	4	6	7	12	10	9	5	11	30	8	11	12	11	14	6	10	6	7	4	7	4	7	85	12	8	4	3	6	6	7	9	6	11	5	30	4	11	9	4	4	13	8	11	22	10	11	4	5	4	9	20	86	9	6	11	7	25	8	10	103	8	13	3	3	8	11	12	9	3	8	8	11	0	5	12	11	10	12	7	3	12	3	6	12	3	7	3	10	10	3	10	7	4	14	11	17	4	11	4	6	4	9	12	6	3	8	4	5	11	3	5	4	4	4	10	4	8	12	8	5	3	5	7	6	6	6	10	5	7	10	9
TEM-147	5	10	38	4	86	4	9	7	13	6	5	3	11	5	4	15	9	11	9	4	10	6	6	6	9	9	4	2	4	4	4	6	7	3	4	8	4	7	6	13	8	4	7	9	7	7	4	8	5	5	12	8	5	6	5	13	37	12	5	7	8	14	10	111	4	4	4	3	5	6	11	9	10	4	10	29	7	10	11	8	13	7	9	5	6	3	4	3	6	84	11	7	5	4	5	5	6	10	5	8	6	29	5	10	8	5	3	12	7	10	21	11	10	5	4	5	8	19	85	8	5	12	6	24	7	11	104	7	12	4	4	5	10	11	8	4	7	7	10	5	0	11	10	9	11	6	4	11	4	5	9	4	6	4	9	9	4	9	6	3	13	10	16	5	10	5	5	5	8	11	5	4	7	5	6	10	4	4	5	5	5	9	5	7	11	7	4	4	4	6	5	7	5	7	6	6	9	8
TEM-131	10	9	39	11	85	13	12	8	20	11	10	8	7	10	11	15	10	6	8	11	7	11	8	9	9	10	11	11	11	11	9	11	8	10	11	9	11	8	13	12	11	11	8	8	8	8	11	3	8	10	13	7	10	12	12	12	36	17	10	6	5	10	12	118	11	11	9	10	10	7	8	10	13	11	9	30	8	3	10	11	12	10	8	10	7	10	13	12	9	87	10	14	12	11	10	10	11	7	10	9	11	30	11	7	9	12	10	5	10	5	21	14	7	10	9	12	13	18	86	9	10	7	11	25	10	10	105	12	9	10	9	6	5	12	5	11	8	6	9	12	11	0	7	8	6	11	11	6	11	10	8	11	9	11	10	8	11	6	11	10	14	17	13	12	7	10	10	10	15	10	10	11	12	12	9	5	11	9	12	12	12	10	12	8	6	8	11	11	9	8	10	10	8	10	7	13	14	15
TEM-8	11	4	34	10	80	12	7	3	19	10	9	9	6	9	10	12	7	5	3	10	4	10	9	4	5	9	10	10	10	10	8	8	5	9	10	4	10	3	12	5	8	10	5	5	5	7	10	4	9	9	12	6	9	11	11	5	29	16	9	5	8	11	11	117	10	10	8	9	9	6	3	7	8	10	4	23	7	6	7	8	9	9	5	9	8	9	12	11	10	84	7	13	11	10	9	9	10	2	9	2	10	26	10	4	6	11	9	6	9	4	18	15	6	7	8	11	12	11	85	4	9	6	10	22	7	3	106	11	6	9	10	7	6	5	4	10	3	3	6	11	10	7	0	1	5	10	10	7	10	9	5	10	8	10	7	5	10	5	10	9	9	16	8	11	4	11	9	9	14	3	9	10	11	11	10	4	10	10	11	11	11	7	11	5	5	7	8	10	8	9	9	11	9	5	8	12	13	14
TEM-3	10	3	33	9	81	11	6	2	18	9	8	8	6	8	9	12	6	6	2	9	3	11	9	3	4	8	9	9	9	9	7	7	6	8	9	3	9	2	11	4	7	9	4	4	4	6	9	5	8	8	11	5	8	10	10	4	28	15	10	4	7	12	10	116	9	9	7	8	8	7	2	6	7	9	3	22	6	7	6	7	10	8	6	8	7	8	11	10	11	83	6	12	10	9	8	8	9	3	8	1	9	25	10	5	5	10	8	7	8	5	18	14	7	6	7	10	11	10	84	3	8	7	9	21	6	2	105	10	5	9	9	6	7	4	5	9	2	4	5	10	9	8	1	0	4	9	9	8	9	8	4	9	9	9	6	4	9	6	9	8	8	15	9	10	3	10	8	10	13	2	8	9	10	10	11	5	9	9	10	10	10	6	10	4	6	6	7	9	7	9	8	10	8	4	9	11	12	13
TEM-94	10	5	37	11	85	13	6	6	20	11	10	8	6	10	11	14	8	10	4	11	3	13	9	7	7	10	11	11	11	11	9	9	10	10	11	5	11	6	13	8	9	11	6	4	6	6	11	5	8	8	9	3	10	12	12	8	32	17	12	4	5	12	12	118	11	11	9	10	10	9	4	8	7	11	3	24	8	5	4	9	12	8	8	10	7	10	13	12	13	83	6	14	12	11	10	10	11	7	10	5	11	27	12	9	7	12	10	9	8	5	20	14	5	8	9	12	13	14	82	7	8	11	11	23	8	6	105	12	5	11	9	6	7	8	5	11	4	6	3	12	11	6	5	4	0	11	11	6	11	10	2	11	11	11	8	4	11	10	11	10	10	17	13	12	1	10	10	12	15	6	10	11	12	10	13	3	11	9	12	12	12	8	12	6	6	6	9	11	9	9	10	10	8	8	9	13	14	15
TEM-82	7	10	38	4	86	8	9	9	15	4	6	7	11	3	6	15	7	11	9	6	10	7	6	8	9	7	6	6	6	6	4	4	7	3	6	8	5	7	7	13	8	6	7	9	7	5	6	8	7	9	14	8	4	7	7	13	37	10	7	7	8	12	8	112	6	6	4	5	3	4	11	6	9	4	10	29	6	10	11	8	12	9	9	5	6	5	8	7	8	86	11	8	5	6	3	3	4	10	3	10	4	29	7	10	5	7	5	12	5	10	21	12	10	7	4	7	6	19	87	6	3	12	3	24	5	11	103	4	11	6	6	7	10	11	8	6	7	7	10	7	6	11	10	9	11	0	6	11	6	3	11	6	3	6	8	9	6	9	3	5	12	12	16	7	10	7	3	7	9	11	3	6	5	7	8	10	6	6	6	5	7	8	6	7	11	7	8	6	4	6	3	7	5	9	8	8	7	10
TEM-70	3	10	38	2	85	4	7	9	11	6	5	5	11	5	2	15	9	11	9	2	10	4	6	8	9	9	2	2	2	2	2	6	7	3	2	8	2	7	4	13	10	2	7	9	7	7	2	8	3	5	14	8	5	6	3	13	37	12	3	7	8	14	10	110	2	2	6	3	5	6	11	9	8	4	10	29	7	10	11	10	13	5	9	5	6	3	6	3	6	85	11	7	3	2	5	5	6	8	5	10	4	29	3	10	8	3	3	12	7	10	21	9	10	3	4	3	8	19	86	8	5	10	6	24	7	9	103	7	12	2	2	7	10	11	8	2	7	7	10	3	4	11	10	9	11	6	0	11	2	5	11	2	6	2	9	9	2	9	6	3	13	10	16	3	10	3	5	3	8	11	5	2	7	3	4	10	2	4	3	3	3	9	3	7	11	7	4	2	4	6	5	5	5	9	4	6	9	8
TEM-86	12	7	37	11	83	11	6	8	20	11	12	12	9	10	11	13	8	6	8	11	9	11	8	7	7	12	11	11	11	11	9	11	6	10	11	5	11	6	13	12	9	11	4	4	6	12	11	5	12	14	9	3	10	12	12	12	36	17	8	6	7	14	12	118	11	11	11	10	10	9	10	8	7	11	7	24	8	7	4	7	10	14	4	10	11	10	13	10	7	83	10	14	12	11	10	10	11	7	10	9	11	28	9	3	7	12	10	7	10	7	19	18	1	12	9	12	13	18	82	7	8	9	11	23	12	10	105	12	11	10	11	6	9	8	3	11	6	4	3	12	11	6	7	8	6	11	11	0	11	10	6	11	9	11	8	6	11	6	9	10	14	17	13	12	5	12	10	10	15	10	10	11	12	10	7	3	11	11	12	12	12	8	12	6	8	12	13	11	9	10	10	12	10	8	11	13	14	15
TEM-208	3	10	38	2	85	4	7	9	11	6	5	5	11	5	2	15	9	11	9	2	10	4	6	8	9	9	2	2	2	2	2	6	7	3	2	8	2	7	4	13	10	2	7	9	7	7	2	8	3	5	14	8	5	6	3	13	37	12	3	7	8	14	10	110	2	2	6	3	5	6	11	9	8	4	10	29	7	10	11	10	13	5	9	5	6	3	6	3	6	85	11	7	3	2	5	5	6	8	5	10	4	29	3	10	8	3	3	12	7	10	21	9	10	3	4	3	8	19	86	8	5	10	6	24	7	9	103	7	12	2	2	7	10	11	8	2	7	7	10	3	4	11	10	9	11	6	2	11	0	5	11	2	6	2	9	9	2	9	6	3	13	10	16	3	10	3	5	3	8	11	5	2	7	3	4	10	2	4	3	3	3	9	3	7	11	7	4	2	4	6	5	5	5	9	4	6	9	8
TEM-150	6	9	37	5	85	7	8	8	14	3	6	6	10	2	5	14	8	10	8	5	9	7	5	7	8	6	5	5	5	5	3	3	6	4	5	7	5	6	7	12	9	5	6	8	6	4	5	7	6	8	13	7	4	6	6	12	36	9	6	6	7	11	7	112	5	5	3	4	2	3	10	8	9	5	9	28	6	9	10	9	12	8	8	4	5	4	7	6	7	85	10	8	4	5	2	2	3	9	2	9	3	28	6	9	7	6	4	11	4	9	20	12	9	6	3	6	5	18	86	7	2	11	3	23	4	10	103	4	11	5	5	6	9	10	7	5	6	6	9	6	5	10	9	8	10	3	5	10	5	0	10	5	3	5	8	8	5	8	3	4	12	11	15	6	9	6	2	6	9	10	2	5	4	6	7	9	5	5	6	6	6	8	6	6	10	6	7	5	3	5	2	6	4	8	7	7	6	9
TEM-167	12	7	37	11	85	13	6	6	20	11	10	10	8	10	11	14	8	10	4	11	5	13	11	7	7	10	11	9	11	11	9	9	10	10	11	5	11	6	13	8	9	11	6	4	6	8	11	5	10	10	9	3	10	12	12	8	32	17	12	4	7	14	12	118	11	11	9	10	10	9	6	8	7	11	3	24	8	7	4	9	12	10	8	10	9	10	13	12	13	83	8	14	12	11	10	10	11	7	10	5	11	27	12	9	7	12	10	11	10	7	20	16	5	8	9	12	13	14	82	7	8	11	11	23	8	6	105	12	7	11	11	6	9	8	5	11	4	6	3	12	9	8	5	4	2	11	11	6	11	10	0	11	11	11	8	4	11	10	11	10	10	17	13	12	1	12	10	12	15	6	10	11	12	10	13	3	11	11	12	12	12	8	12	6	8	8	7	11	9	11	10	12	10	8	11	13	14	15
TEM-76	3	10	36	2	85	4	7	9	11	6	5	5	11	5	2	15	9	11	9	2	10	4	6	8	9	9	2	2	2	2	2	6	7	3	2	8	2	7	4	13	10	2	7	9	7	7	2	8	3	5	14	8	5	6	3	13	35	12	3	7	8	14	10	110	2	2	6	3	5	6	11	9	8	4	10	29	7	10	11	10	13	5	9	5	6	3	6	3	6	85	11	7	3	2	5	5	6	8	5	10	4	29	3	10	8	3	3	12	7	10	21	9	10	3	4	3	8	19	86	8	5	10	6	24	7	9	103	7	12	2	2	7	10	11	8	2	7	7	10	3	4	11	10	9	11	6	2	11	2	5	11	0	6	2	9	9	2	9	6	3	13	10	16	3	10	3	5	3	8	11	5	2	7	3	4	10	2	4	3	3	3	9	3	7	11	7	4	2	4	6	5	5	5	9	4	6	9	8
TEM-154	7	10	38	5	84	8	9	9	15	4	5	7	10	3	6	14	8	9	9	6	10	4	5	8	9	7	6	6	6	6	4	4	5	5	6	8	4	7	8	13	9	6	7	9	7	5	6	6	7	9	14	8	3	7	7	13	37	10	5	7	8	10	8	113	6	6	4	5	3	2	11	8	10	6	10	29	5	8	11	9	9	9	7	5	6	5	8	7	6	86	11	7	5	6	3	3	4	8	3	10	4	29	6	8	7	7	5	10	5	8	20	13	8	7	4	7	6	19	87	7	3	10	2	24	5	11	104	3	12	5	6	7	8	11	6	6	7	5	10	7	6	9	8	9	11	3	6	9	6	3	11	6	0	6	7	9	6	7	2	5	13	12	14	7	10	7	3	5	10	11	3	6	5	7	6	8	6	6	5	6	7	7	5	7	9	7	8	6	4	5	3	7	5	9	6	8	7	10
TEM-105	3	10	38	2	85	4	7	9	11	6	5	5	11	5	2	15	9	11	9	2	10	4	6	8	9	9	2	2	2	2	2	6	7	3	2	8	2	7	4	13	10	2	7	9	7	7	2	8	3	5	14	8	5	6	3	13	37	12	3	7	8	14	10	110	2	2	6	3	5	6	11	9	8	4	10	29	7	10	11	10	13	5	9	5	6	3	6	3	6	85	11	7	3	2	5	5	6	8	5	10	4	29	3	10	8	3	3	12	7	10	21	9	10	3	4	3	8	19	86	8	5	10	6	24	7	9	103	7	12	2	2	7	10	11	8	2	7	7	10	3	4	11	10	9	11	6	2	11	2	5	11	2	6	0	9	9	2	9	6	3	13	10	16	3	10	3	5	3	8	11	5	2	7	3	4	10	2	4	3	3	3	9	3	7	11	7	4	2	4	6	5	5	5	9	4	6	9	8
TEM-190	10	7	35	8	83	11	8	6	18	9	8	10	8	8	9	12	2	10	6	9	7	7	9	5	6	10	9	9	9	9	7	9	8	8	9	5	7	4	11	10	4	9	4	6	2	10	9	7	10	12	11	5	6	10	10	10	34	15	10	6	7	14	10	115	9	9	9	8	8	9	8	5	9	9	7	26	3	9	8	4	5	12	6	8	9	8	11	10	11	83	8	8	10	9	8	8	9	7	8	7	9	26	10	7	4	10	8	11	10	7	18	16	7	10	7	10	11	16	84	4	8	11	7	21	10	8	104	6	9	9	9	6	9	8	5	9	4	4	7	10	9	10	7	6	8	8	9	8	9	8	8	9	7	9	0	6	9	10	7	8	12	15	13	10	7	10	8	10	13	8	8	9	10	10	11	7	9	9	6	7	8	1	8	4	8	10	11	9	7	9	8	9	8	6	11	11	12	13
TEM-111	10	7	35	9	83	11	6	4	18	9	8	8	6	8	9	12	6	8	4	9	5	11	9	5	6	8	9	9	9	9	7	9	8	8	9	5	9	4	11	8	7	9	4	6	4	8	9	5	8	10	9	3	8	10	10	8	32	15	10	6	7	12	10	116	9	9	7	8	8	7	6	6	7	9	1	24	6	7	6	7	10	10	6	8	7	8	11	10	11	81	8	12	10	9	8	8	9	5	8	5	9	26	10	7	5	10	8	9	10	5	18	14	5	8	7	10	11	14	82	5	6	9	9	21	8	6	105	10	7	9	9	6	7	8	5	9	4	4	5	10	9	8	5	4	4	9	9	6	9	8	4	9	9	9	6	0	9	8	9	8	10	15	11	10	3	10	8	10	13	6	8	9	10	8	11	3	9	9	10	10	10	6	10	4	6	8	9	9	7	9	8	10	8	6	9	11	12	13
TEM-215	3	10	38	2	85	4	7	9	11	6	5	5	11	5	2	15	9	11	9	2	10	4	6	8	9	9	2	2	2	2	2	4	7	3	2	8	2	7	4	13	10	2	7	9	7	7	2	8	3	5	14	8	5	6	3	11	37	12	3	7	8	14	10	110	2	2	6	3	5	6	11	9	8	4	10	29	7	10	11	10	13	5	9	5	6	3	6	3	6	85	11	7	3	2	5	5	6	8	5	10	4	29	3	10	8	3	3	12	7	10	21	9	10	3	4	3	8	19	86	8	5	10	6	24	7	9	103	7	12	2	2	7	10	11	8	2	7	7	10	3	4	11	10	9	11	6	2	11	2	5	11	2	6	2	9	9	0	9	6	3	13	10	16	3	10	3	5	3	8	11	5	2	7	3	4	10	2	4	3	3	3	9	3	7	11	7	4	2	4	6	5	5	5	7	4	6	9	8
TEM-24	10	7	37	9	83	9	10	6	18	9	8	8	9	8	9	15	10	2	8	9	9	9	6	7	8	10	9	9	9	9	7	9	2	8	9	7	9	6	11	10	11	9	6	8	8	8	9	5	8	10	15	9	8	10	10	10	34	15	6	8	9	11	11	116	9	9	7	8	8	5	8	10	11	9	9	26	8	7	10	9	12	10	6	8	7	8	11	8	5	87	12	12	10	9	8	8	9	5	8	7	9	30	7	3	9	10	8	3	8	7	21	14	7	8	7	10	11	16	88	7	8	5	9	25	8	8	105	10	11	8	9	8	7	8	7	9	8	6	9	10	9	6	5	6	10	9	9	6	9	8	10	9	7	9	10	8	9	0	7	8	12	15	11	10	9	10	8	8	13	8	8	9	10	10	5	7	9	9	10	10	10	10	10	8	8	8	9	9	7	8	8	10	8	8	7	11	12	13
TEM-189	7	8	38	5	86	6	7	9	15	4	5	7	11	3	6	15	8	9	9	6	10	6	4	8	9	7	6	6	6	6	4	4	5	5	6	6	4	7	8	13	9	6	5	7	7	5	6	8	7	9	14	8	3	7	7	13	37	10	5	7	8	12	8	113	6	6	4	5	3	4	11	8	8	6	10	27	5	10	9	7	11	9	7	5	6	5	8	5	6	86	11	7	5	6	3	3	4	10	3	10	4	29	5	8	7	7	5	10	3	10	21	13	8	7	4	7	6	19	87	7	3	12	2	24	5	11	104	3	12	6	6	7	10	9	8	6	7	7	8	7	6	11	10	9	11	3	6	9	6	3	11	6	2	6	7	9	6	7	0	5	13	12	16	7	10	7	3	7	10	11	3	6	5	7	6	10	6	6	5	6	7	7	5	7	11	7	8	6	4	6	3	7	5	9	8	8	7	10
TEM-57	4	9	37	3	85	5	8	8	12	5	6	4	10	4	3	14	8	10	8	3	9	5	5	7	8	8	3	3	3	3	3	5	6	2	3	7	3	6	5	12	9	3	6	8	6	6	3	7	4	6	13	7	4	5	4	12	36	11	4	6	7	13	9	110	3	3	5	2	4	5	10	8	9	3	9	28	6	9	10	9	12	6	8	4	5	2	5	4	5	85	10	6	4	3	4	4	5	9	4	9	5	28	4	9	7	4	2	11	6	9	20	10	9	4	3	4	7	18	86	7	4	11	5	23	6	10	103	6	11	3	3	6	9	10	7	3	6	6	9	4	3	10	9	8	10	5	3	10	3	4	10	3	5	3	8	8	3	8	5	0	12	9	15	4	9	4	4	4	7	10	4	3	6	4	5	9	3	3	4	4	4	8	4	6	10	6	5	3	3	5	4	6	4	8	5	5	8	7
TEM-123	14	11	41	13	88	15	12	10	22	13	12	12	10	12	13	18	12	14	8	13	7	15	13	11	12	14	13	13	13	13	11	11	12	11	13	9	13	10	14	12	13	13	10	10	10	10	13	11	12	12	17	11	12	14	14	12	36	19	14	10	13	17	15	117	13	13	11	12	12	11	10	11	12	12	9	30	12	13	12	13	16	12	12	12	11	12	15	14	15	88	12	16	14	13	12	12	13	11	12	9	13	31	14	13	10	14	12	13	12	11	24	6	13	10	11	14	15	18	89	11	12	15	13	27	10	10	106	14	8	13	13	12	11	12	11	13	8	10	11	14	13	14	9	8	10	12	13	14	13	12	10	13	13	13	12	10	13	12	13	12	0	19	17	14	9	14	12	14	13	10	12	13	14	14	15	11	13	13	14	14	14	12	14	10	10	10	11	13	11	13	12	14	12	12	13	15	16	17
TEM-108	11	16	44	10	88	12	15	15	19	12	13	11	17	11	10	21	15	17	15	10	16	12	12	14	15	15	10	10	10	10	10	12	13	9	10	14	10	13	12	19	16	10	13	15	13	13	10	14	11	13	20	14	11	12	11	19	43	18	11	13	14	20	16	112	10	10	12	9	11	12	17	15	16	10	16	31	13	16	17	16	19	13	15	11	12	9	12	11	12	88	17	13	11	10	11	11	12	16	11	16	12	35	11	16	14	11	9	18	13	16	27	17	16	11	10	11	14	21	89	14	11	18	12	30	13	17	105	13	18	10	10	13	16	17	14	10	13	13	16	11	10	17	16	15	17	12	10	17	10	11	17	10	12	10	15	15	10	15	12	9	19	0	22	11	16	11	11	11	14	17	11	10	13	11	12	16	10	10	11	11	11	15	11	13	17	13	12	10	10	12	11	13	11	15	12	12	7	6
TEM-60	17	12	40	16	86	18	15	9	25	16	15	15	12	15	16	18	13	11	11	16	12	16	15	10	11	15	16	16	16	16	14	16	11	15	16	12	16	9	18	13	14	16	11	13	11	15	16	10	15	17	18	12	15	17	17	13	37	22	15	13	14	17	17	123	16	16	14	15	15	12	11	13	16	16	12	31	13	12	15	14	15	17	11	15	14	15	18	17	16	90	15	19	17	16	15	15	16	8	15	10	16	33	16	10	12	17	15	12	17	10	24	21	12	15	14	17	18	19	91	10	15	12	16	28	15	11	112	17	14	15	16	13	12	13	10	16	11	9	14	17	16	13	8	9	13	16	16	13	16	15	13	16	14	16	13	11	16	11	16	15	17	22	0	17	12	17	15	15	20	11	15	16	17	17	16	10	16	16	17	17	17	13	17	11	11	15	16	16	14	15	15	17	15	11	14	18	19	20
TEM-196	4	11	39	3	86	5	8	10	12	7	6	6	12	6	3	16	10	12	10	3	11	5	7	9	10	10	3	3	3	3	3	7	8	4	3	9	3	8	5	14	11	3	8	10	8	8	3	9	4	6	15	9	6	7	4	14	38	13	4	8	9	15	11	111	3	3	7	4	6	7	12	10	9	5	11	30	8	11	12	11	14	6	10	6	7	4	7	4	7	86	12	8	4	3	6	6	7	9	6	11	5	30	4	11	9	4	4	13	8	11	22	10	11	4	5	4	9	20	87	9	6	11	7	25	8	10	104	8	13	3	3	8	11	12	9	3	8	8	11	4	5	12	11	10	12	7	3	12	3	6	12	3	7	3	10	10	3	10	7	4	14	11	17	0	11	4	6	4	9	12	6	3	8	4	5	11	3	5	4	4	4	10	4	8	12	8	5	3	5	7	6	6	6	10	5	7	10	9
TEM-4	11	6	36	10	84	12	5	5	19	10	9	9	7	9	10	13	7	9	3	10	4	12	10	6	6	9	10	10	10	10	8	8	9	9	10	4	10	5	12	7	8	10	5	3	5	7	10	4	9	9	8	2	9	11	11	7	31	16	11	3	6	13	11	117	10	10	8	9	9	8	5	7	6	10	2	23	7	6	3	8	11	9	7	9	8	9	12	11	12	82	7	13	11	10	9	9	10	6	9	4	10	26	11	8	6	11	9	10	9	6	19	15	4	7	8	11	12	13	81	6	7	10	10	22	7	5	104	11	6	10	10	5	8	7	4	10	3	5	2	11	10	7	4	3	1	10	10	5	10	9	1	10	10	10	7	3	10	9	10	9	9	16	12	11	0	11	9	11	14	5	9	10	11	9	12	2	10	10	11	11	11	7	11	5	7	7	8	10	8	10	9	11	9	7	10	12	13	14
TEM-220	2	9	39	3	86	5	8	10	12	7	6	4	10	6	3	16	10	12	10	3	9	5	5	9	10	10	3	3	3	3	3	7	8	4	3	9	3	8	5	14	11	3	8	10	8	6	3	9	2	4	15	9	6	7	4	14	38	13	4	8	7	13	11	111	3	3	7	4	6	7	10	10	9	5	11	30	8	9	12	11	14	4	10	6	5	4	7	4	7	86	10	8	4	3	6	6	7	9	6	11	5	30	4	11	9	4	4	11	6	9	22	8	11	4	5	4	9	20	87	9	6	11	7	24	8	10	104	8	11	3	1	8	9	12	9	3	8	8	11	4	5	10	11	10	10	7	3	12	3	6	12	3	7	3	10	10	3	10	7	4	14	11	17	4	11	0	6	4	9	12	6	1	8	4	5	11	3	3	4	4	4	10	4	8	10	6	5	3	5	5	6	4	4	10	3	7	10	9
TEM-231	6	9	37	5	85	7	8	8	14	3	6	6	10	2	5	14	8	10	8	5	9	7	5	7	8	6	5	5	5	5	3	3	6	4	5	7	5	6	7	12	9	5	6	8	6	4	5	7	6	8	13	7	4	6	6	12	36	9	6	6	7	11	7	112	5	5	3	4	2	3	10	8	9	5	9	28	6	9	10	9	12	8	8	4	5	4	7	6	7	85	10	8	4	5	2	2	3	9	2	9	3	28	6	9	7	6	4	11	4	9	20	12	9	6	3	6	5	18	86	7	2	11	3	23	4	10	103	4	11	5	5	6	9	10	7	5	6	6	9	6	5	10	9	8	10	3	5	10	5	2	10	5	3	5	8	8	5	8	3	4	12	11	15	6	9	6	0	6	9	10	2	5	4	6	7	9	5	5	6	6	6	8	6	6	10	6	7	5	3	5	2	6	4	8	7	7	6	9
TEM-232	4	11	39	3	84	5	8	10	12	7	6	6	11	6	3	15	10	10	10	3	11	3	6	9	10	10	3	3	3	3	3	7	6	4	3	9	3	8	5	14	11	3	8	10	8	8	3	7	4	6	15	9	6	7	4	14	38	13	2	8	9	13	11	111	3	3	7	4	6	5	12	10	9	5	11	30	8	9	12	11	12	6	8	6	7	4	7	4	5	86	12	8	4	3	6	6	7	7	6	11	5	30	3	9	9	4	4	11	8	9	21	10	9	4	5	4	9	20	87	9	6	9	7	25	8	10	104	8	13	2	3	8	9	12	7	3	8	6	11	4	5	10	9	10	12	7	3	10	3	6	12	3	5	3	10	10	3	8	7	4	14	11	15	4	11	4	6	0	9	12	6	3	8	4	3	9	3	5	4	4	4	10	4	8	10	8	5	3	5	6	6	6	6	10	3	7	10	9
TEM-233	9	14	42	8	90	10	13	13	17	10	11	9	15	9	8	19	13	15	13	8	14	10	10	12	13	13	8	8	8	8	8	10	11	6	8	12	8	11	9	17	14	8	11	13	11	11	8	12	9	11	18	12	9	10	9	17	41	16	9	11	12	18	13	113	8	8	10	7	9	10	15	12	13	7	14	33	11	14	15	14	17	11	13	9	10	7	10	9	10	90	15	11	9	8	9	9	10	14	9	14	10	33	9	14	11	9	7	16	11	14	25	11	14	9	8	9	12	23	91	12	9	16	10	28	11	15	106	11	15	8	8	11	14	15	12	8	11	11	14	9	8	15	14	13	15	9	8	15	8	9	15	8	10	8	13	13	8	13	10	7	13	14	20	9	14	9	9	9	0	15	9	8	11	9	10	14	8	8	9	9	9	13	9	11	15	11	10	8	8	10	9	11	9	13	10	10	13	12
TEM-227	12	5	34	11	82	13	8	4	20	11	10	10	8	10	11	14	8	8	4	11	5	13	11	5	6	10	11	11	11	11	9	9	8	10	11	5	11	4	13	6	9	11	6	6	6	8	11	7	10	10	13	7	10	12	12	6	29	17	12	6	9	14	12	117	11	11	9	10	10	9	4	8	9	11	5	24	8	9	8	9	12	10	8	10	9	10	13	12	13	84	8	14	12	11	10	10	11	5	10	3	11	27	12	7	7	12	10	9	10	7	20	16	9	8	9	12	13	12	85	5	10	9	11	23	8	4	106	12	7	11	11	8	9	6	7	11	4	6	7	12	11	10	3	2	6	11	11	10	11	10	6	11	11	11	8	6	11	8	11	10	10	17	11	12	5	12	10	12	15	0	10	11	12	12	13	7	11	11	12	12	12	8	12	6	8	8	9	11	9	11	10	12	10	6	11	13	14	15
TEM-181	6	9	37	5	85	7	8	8	12	1	6	6	10	2	5	14	8	10	8	5	9	7	5	7	8	6	5	5	5	5	3	3	6	4	5	7	5	6	7	12	9	5	6	8	6	4	5	7	6	8	11	7	4	6	6	12	36	7	6	6	7	9	7	112	5	5	3	4	2	3	10	8	9	5	9	28	6	9	10	9	12	8	8	4	5	4	7	6	7	85	10	8	4	5	2	2	3	9	2	9	3	28	6	9	7	6	4	11	4	9	20	12	9	6	3	6	3	18	86	7	2	11	3	23	2	10	103	4	11	5	5	6	9	10	7	5	6	6	9	6	5	10	9	8	10	3	5	10	5	2	10	5	3	5	8	8	5	8	3	4	12	11	15	6	9	6	2	6	9	10	0	5	2	6	7	9	5	5	6	6	6	8	6	6	10	6	7	5	3	5	2	6	4	8	7	7	6	9
TEM-228	3	10	38	2	85	4	7	9	11	6	5	5	11	5	2	15	9	11	9	2	10	4	6	8	9	9	2	2	2	2	2	6	7	3	2	8	2	7	4	13	10	2	7	9	7	7	2	8	3	5	14	8	5	6	3	13	37	12	3	7	8	14	10	110	2	2	6	3	5	6	11	9	8	4	10	29	7	10	11	10	13	5	9	5	6	3	6	3	6	85	11	7	3	2	5	5	6	8	5	10	4	29	3	10	8	3	3	12	7	10	21	9	10	3	4	3	8	19	86	8	5	10	6	23	7	9	103	7	12	2	2	7	10	11	8	2	7	7	10	3	4	11	10	9	11	6	2	11	2	5	11	2	6	2	9	9	2	9	6	3	13	10	16	3	10	1	5	3	8	11	5	0	7	3	4	10	2	4	3	3	3	9	3	7	11	7	4	2	4	6	5	5	5	9	4	6	9	8
TEM-229	8	11	39	7	87	9	10	10	14	1	8	8	12	4	7	16	10	12	10	7	11	9	7	9	10	8	7	7	7	7	5	5	8	6	7	9	7	8	9	14	11	7	8	10	8	6	7	9	8	10	13	9	6	8	8	14	38	7	8	8	9	9	9	114	7	7	5	6	2	5	12	10	11	7	11	30	8	11	12	11	14	10	10	6	7	6	9	8	9	87	12	10	6	7	4	4	5	11	4	11	5	30	8	11	9	8	6	13	6	11	22	14	11	8	5	8	3	20	88	9	4	13	5	25	4	12	105	6	13	7	7	8	11	12	9	7	8	8	11	8	7	12	11	10	12	5	7	12	7	4	12	7	5	7	10	10	7	10	5	6	14	13	17	8	11	8	4	8	11	12	2	7	0	8	9	11	7	7	8	8	8	10	8	8	12	8	9	7	5	7	4	8	6	10	9	9	8	11
TEM-230	4	11	39	3	86	5	6	10	12	7	6	6	12	6	3	16	10	12	10	3	11	5	7	9	10	10	3	3	3	3	3	7	8	4	3	9	3	8	5	14	11	3	8	10	8	8	3	9	4	6	13	7	6	7	4	14	38	13	4	8	9	15	11	111	3	3	7	4	6	7	12	10	7	5	9	28	8	11	10	11	14	6	10	6	7	4	7	4	7	84	12	8	4	3	6	6	7	9	6	11	5	30	4	11	9	4	4	13	8	11	22	10	9	4	5	4	9	20	85	9	4	11	7	25	8	10	104	8	13	3	3	8	11	12	9	3	8	8	9	4	5	12	11	10	10	7	3	10	3	6	10	3	7	3	10	8	3	10	7	4	14	11	17	4	9	4	6	4	9	12	6	3	8	0	5	9	3	5	4	4	4	10	4	8	12	8	5	3	5	7	6	6	6	10	5	7	10	9
TEM-5	5	10	40	4	85	4	7	11	13	8	7	7	12	7	4	16	11	7	11	4	12	4	5	10	11	11	4	4	4	4	4	8	5	5	4	8	4	9	6	15	12	4	7	9	9	9	4	8	5	7	16	10	7	8	5	15	39	14	1	9	10	14	12	112	4	4	8	5	7	6	13	11	8	6	12	29	9	10	11	10	13	7	7	7	8	5	8	3	2	87	13	9	5	4	7	7	8	8	7	12	6	31	2	6	10	5	5	8	7	10	22	11	8	5	6	5	10	21	88	10	7	8	8	26	9	11	105	9	14	3	4	9	10	11	8	4	9	7	10	5	6	9	10	11	13	8	4	7	4	7	13	4	6	4	11	11	4	5	6	5	15	12	16	5	12	5	7	3	10	13	7	4	9	5	0	10	4	6	5	5	5	11	5	9	11	9	6	4	6	7	7	7	7	11	4	8	11	10
TEM-9	11	8	36	10	82	12	7	5	19	10	9	9	6	9	10	12	7	7	5	10	6	10	9	6	6	9	10	10	10	10	8	10	7	9	10	6	10	5	12	9	8	10	5	5	5	9	10	2	9	11	8	2	9	11	11	9	33	16	9	5	6	11	11	117	10	10	8	9	9	6	7	7	8	10	4	25	7	4	5	8	9	11	5	9	8	9	12	11	10	82	9	13	11	10	9	9	10	4	9	6	10	27	10	6	6	11	9	8	11	4	18	15	2	9	8	11	12	15	81	6	7	8	10	22	9	7	104	11	8	9	10	5	6	9	2	10	5	3	4	11	10	5	4	5	3	10	10	3	10	9	3	10	8	10	7	3	10	7	10	9	11	16	10	11	2	11	9	9	14	7	9	10	11	9	10	0	10	10	11	11	11	7	11	5	5	9	10	10	8	9	9	11	9	7	8	12	13	14
TEM-31	3	10	38	2	85	4	7	9	11	6	5	5	11	5	2	15	9	10	9	2	10	4	6	8	7	9	2	2	2	2	2	6	7	3	2	8	2	7	4	13	10	2	7	9	7	7	2	8	3	5	14	8	4	6	3	13	37	12	3	7	8	14	10	110	1	2	6	3	5	6	11	9	8	4	10	29	7	10	11	10	13	5	9	5	6	3	6	3	6	85	11	7	2	2	5	5	6	8	5	10	4	29	3	10	8	3	3	12	7	10	21	9	10	3	4	3	8	19	86	8	5	10	6	24	7	9	103	7	12	2	2	7	10	11	8	2	7	7	10	3	4	11	10	9	11	6	2	11	2	5	11	2	6	2	9	9	2	9	6	3	13	10	16	3	10	3	5	3	8	11	5	2	7	3	4	10	0	4	3	3	3	9	3	7	11	7	4	2	4	6	5	5	5	9	4	6	9	7
TEM-32	3	8	38	4	86	6	9	9	13	6	7	3	9	5	4	15	9	11	9	4	8	6	4	8	9	9	4	4	4	4	4	6	7	3	4	8	4	7	4	13	10	4	7	9	7	5	4	8	3	5	14	8	5	6	5	13	37	12	5	7	4	12	10	111	4	4	6	3	5	6	9	9	10	4	10	29	7	8	11	10	12	5	9	5	4	3	6	5	6	86	9	7	5	4	5	5	6	10	5	10	6	29	5	10	8	5	3	10	5	8	21	9	10	5	3	5	8	19	87	8	5	12	6	24	7	11	104	7	10	4	2	7	8	11	8	4	7	7	10	5	4	9	10	9	9	6	4	11	4	5	11	4	6	4	9	9	4	9	6	3	13	10	16	5	10	3	5	5	8	11	5	4	7	5	6	10	4	0	5	5	4	9	5	7	9	5	6	4	4	4	5	4	3	9	4	6	9	8
TEM-35	4	11	39	2	86	5	8	10	12	7	4	6	12	6	3	16	7	12	10	3	11	1	7	9	10	10	3	3	3	3	3	7	8	4	3	9	1	8	5	14	8	3	8	10	6	8	3	9	4	6	15	9	4	7	4	14	38	13	4	8	9	15	11	110	3	3	7	4	6	7	12	9	9	5	11	30	6	11	12	8	10	6	10	6	7	4	7	4	7	86	12	6	4	3	6	6	7	9	6	11	5	30	4	11	8	4	4	13	8	11	22	10	11	4	5	4	9	20	87	8	6	11	5	25	8	10	103	4	13	3	3	8	11	12	9	3	8	8	11	4	5	12	11	10	12	6	3	12	3	6	12	3	5	3	6	10	3	10	5	4	14	11	17	4	11	4	6	4	9	12	6	3	8	4	5	11	3	5	0	1	2	6	2	8	12	8	5	3	5	7	6	6	6	10	5	7	10	9
TEM-36	4	11	39	1	86	5	8	10	12	7	5	6	12	6	3	16	6	12	10	3	11	2	7	9	10	10	3	3	3	3	3	7	8	4	3	9	2	8	5	14	7	3	8	10	6	8	3	9	4	6	15	9	5	7	4	14	38	13	4	8	9	15	11	110	3	3	7	4	6	7	12	9	9	5	11	30	7	11	12	7	11	6	10	6	7	4	7	4	7	86	12	7	4	3	6	6	7	9	6	11	5	30	4	11	8	4	4	13	8	11	22	10	11	4	5	4	9	20	87	7	6	11	6	25	8	10	103	5	13	3	3	8	11	12	9	3	8	8	11	4	5	12	11	10	12	5	3	12	3	6	12	3	6	3	7	10	3	10	6	4	14	11	17	4	11	4	6	4	9	12	6	3	8	4	5	11	3	5	1	0	2	7	3	8	12	8	5	3	5	7	6	6	6	10	5	7	10	9
TEM-37	4	11	39	3	86	5	8	10	12	7	6	6	12	6	3	16	8	12	10	3	11	3	7	9	10	10	3	3	3	3	3	7	8	4	3	9	3	8	4	14	9	3	8	10	6	8	3	9	4	6	15	9	6	7	4	14	38	13	4	8	8	15	11	110	3	3	7	4	6	7	12	10	9	5	11	30	8	11	12	9	11	6	10	6	7	4	7	4	7	86	12	8	4	3	6	6	7	9	6	11	5	30	4	11	9	4	4	13	8	11	22	10	11	4	4	4	9	20	87	9	6	11	7	25	8	10	103	6	13	3	3	8	11	12	9	3	8	8	11	4	5	12	11	10	12	7	3	12	3	6	12	3	7	3	8	10	3	10	7	4	14	11	17	4	11	4	6	4	9	12	6	3	8	4	5	11	3	4	2	2	0	8	4	8	12	8	5	3	5	7	6	5	6	10	5	7	10	9
TEM-39	10	7	35	8	83	11	8	6	18	9	8	10	8	8	9	12	1	10	6	9	7	7	9	5	6	10	9	9	9	9	7	9	8	8	9	5	7	4	11	10	4	9	4	6	2	10	9	7	10	12	11	5	6	10	10	10	34	15	10	6	7	14	10	115	9	9	9	8	8	9	8	5	9	9	7	26	2	9	8	4	4	12	6	8	9	8	11	10	11	83	8	9	10	9	8	8	9	7	8	7	9	26	10	7	4	10	8	11	10	7	18	16	7	10	7	10	11	16	84	4	8	11	7	21	10	8	104	6	9	9	9	6	9	8	5	9	4	4	7	10	9	10	7	6	8	8	9	8	9	8	8	9	7	9	1	6	9	10	7	8	12	15	13	10	7	10	8	10	13	8	8	9	10	10	11	7	9	9	6	7	8	0	8	4	8	10	11	9	7	9	8	9	8	6	11	11	12	13
TEM-210	4	11	39	2	86	5	8	10	12	7	4	6	12	6	3	16	9	12	10	3	11	3	7	9	10	10	3	3	3	3	3	7	8	4	3	9	1	8	5	14	10	3	8	10	8	8	3	9	4	6	15	9	4	7	4	14	38	13	4	8	9	15	11	111	3	3	7	4	6	7	12	9	9	5	11	30	6	11	12	10	12	6	10	6	7	4	7	4	7	86	12	6	4	3	6	6	7	9	6	11	5	30	4	11	8	4	4	13	8	11	22	10	11	4	5	4	9	20	87	8	6	11	5	25	8	8	104	6	13	3	3	8	11	12	9	3	8	8	11	4	5	12	11	10	12	6	3	12	3	6	12	3	5	3	8	10	3	10	5	4	14	11	17	4	11	4	6	4	9	12	6	3	8	4	5	11	3	5	2	3	4	8	0	8	12	8	5	3	5	7	6	6	6	10	5	7	10	9
TEM-212	8	5	33	7	81	9	6	4	16	7	8	8	6	6	7	10	4	8	4	7	5	9	7	3	4	8	7	7	7	7	5	7	6	6	7	3	7	2	9	8	5	7	2	4	2	8	7	5	8	10	9	3	6	8	8	8	32	13	8	4	5	12	8	114	7	7	7	6	6	7	6	4	7	7	5	24	4	7	6	5	8	10	4	6	7	6	9	8	9	81	6	10	8	7	6	6	7	5	6	5	7	24	8	5	3	8	6	9	8	5	16	14	5	8	5	8	9	14	82	3	6	9	7	19	8	6	103	8	7	7	7	4	7	6	3	7	2	2	5	8	7	8	5	4	6	7	7	6	7	6	6	7	7	7	4	4	7	8	7	6	10	13	11	8	5	8	6	8	11	6	6	7	8	8	9	5	7	7	8	8	8	4	8	0	6	8	9	7	5	7	6	8	6	4	9	9	10	11
TEM-224	10	7	37	11	82	13	10	6	20	11	10	8	3	10	11	13	8	8	6	11	3	11	8	7	8	10	11	11	11	11	9	11	8	10	11	7	11	6	13	10	9	11	6	8	6	8	11	5	8	10	13	7	10	12	12	10	34	17	10	8	7	10	12	117	11	11	9	10	10	7	6	8	11	11	7	28	8	5	10	9	10	10	6	10	7	10	13	12	11	84	8	14	12	11	10	10	11	5	10	7	11	28	11	7	7	12	10	5	10	3	19	12	7	10	9	12	13	16	85	7	10	9	11	23	10	8	106	12	3	10	9	8	3	10	5	11	6	4	9	12	11	6	5	6	6	11	11	8	11	10	8	11	9	11	8	6	11	8	11	10	10	17	11	12	7	10	10	10	15	8	10	11	12	12	11	5	11	9	12	12	12	8	12	6	0	8	11	11	9	8	10	10	8	8	7	13	14	15
TEM-225	6	7	39	7	87	9	8	8	16	7	6	4	8	6	7	16	10	10	6	7	5	9	5	9	10	8	7	7	7	7	5	5	8	6	7	7	7	8	9	10	11	7	8	8	8	2	7	7	4	4	15	9	6	8	8	10	34	13	8	6	7	11	11	113	7	7	5	6	6	5	6	10	9	7	7	28	8	7	10	11	14	4	10	6	3	6	9	8	9	87	8	10	8	7	6	6	7	9	6	7	7	29	8	11	9	8	6	9	4	7	22	10	11	4	5	8	9	16	88	9	6	11	7	25	4	8	105	8	7	7	5	8	7	10	9	7	6	8	9	8	7	8	7	6	6	7	7	12	7	6	8	7	7	7	10	8	7	8	7	6	10	13	15	8	7	6	6	8	11	8	6	7	8	8	9	9	7	5	8	8	8	10	8	8	8	0	5	7	5	5	6	6	4	10	5	9	10	11
TEM-226	5	10	40	4	87	6	7	9	13	8	5	5	11	7	4	17	11	11	7	4	8	6	8	10	11	9	4	2	4	4	4	6	9	5	4	8	4	9	6	11	12	4	9	9	9	5	4	8	3	3	16	10	7	8	5	11	35	14	5	7	10	14	12	112	4	4	6	5	7	6	9	11	8	6	8	29	9	10	11	12	15	3	11	7	6	5	8	5	8	87	11	9	5	4	7	7	8	8	7	8	6	30	5	12	10	5	5	12	7	10	23	9	12	1	6	5	10	17	88	10	7	10	8	26	5	7	105	9	10	4	4	9	10	11	10	4	7	9	10	5	4	11	8	7	9	8	4	13	4	7	7	4	8	4	11	9	4	9	8	5	11	12	16	5	8	5	7	5	10	9	7	4	9	5	6	10	4	6	5	5	5	11	5	9	11	5	0	4	6	8	7	7	7	11	4	8	11	10
TEM-234	3	10	38	2	85	4	7	9	11	6	5	5	11	5	2	15	9	11	9	2	10	4	6	8	9	9	2	2	2	2	2	6	7	3	2	8	2	7	4	13	10	2	7	9	7	7	2	8	3	5	14	8	5	6	3	13	37	12	3	7	8	14	10	109	2	2	6	3	5	6	11	9	8	4	10	29	7	10	11	10	13	5	9	5	6	3	6	3	6	85	11	7	3	2	5	5	6	8	5	10	4	29	3	10	8	3	3	12	7	10	21	9	10	3	4	3	8	19	86	8	5	10	6	24	7	9	103	7	12	2	2	7	10	11	8	2	7	7	10	3	4	11	10	9	11	6	2	11	2	5	11	2	6	2	9	9	2	9	6	3	13	10	16	3	10	3	5	3	8	11	5	2	7	3	4	10	2	4	3	3	3	9	3	7	11	7	4	0	4	6	5	5	5	9	4	6	9	8
TEM-235	5	8	36	4	84	6	7	7	13	4	5	5	9	3	4	13	7	9	7	4	8	6	4	6	7	7	4	4	4	4	2	4	5	3	4	6	4	5	6	11	8	4	5	7	5	5	4	6	5	7	12	6	3	5	5	11	35	10	5	5	6	12	8	111	4	4	4	3	3	4	9	7	8	4	8	27	5	8	9	8	11	7	7	3	4	3	6	5	6	84	9	7	5	4	3	3	4	8	3	8	4	27	5	8	6	5	3	10	5	8	19	11	8	5	2	5	6	17	85	6	3	10	4	22	5	9	102	5	10	4	4	5	8	9	6	4	5	5	8	5	4	9	8	7	9	4	4	9	4	3	9	4	4	4	7	7	4	7	4	3	11	10	14	5	8	5	3	5	8	9	3	4	5	5	6	8	4	4	5	5	5	7	5	5	9	5	6	4	0	4	3	5	3	7	6	6	7	8
TEM-236	5	8	38	6	85	8	9	9	15	6	7	5	7	5	6	13	9	10	9	6	8	7	2	8	9	9	6	6	6	6	4	6	6	5	6	8	6	7	8	13	10	6	7	9	7	5	6	7	5	7	14	8	5	7	7	13	37	12	6	7	6	11	10	113	6	6	6	5	5	5	9	9	10	6	10	29	7	7	11	10	12	7	8	5	4	5	8	7	7	86	9	9	7	6	5	5	6	9	5	10	6	29	5	9	8	7	5	9	5	7	19	11	9	7	4	7	8	19	87	8	5	11	6	24	7	11	104	7	10	4	4	7	7	11	7	6	7	6	10	7	6	8	9	9	9	6	6	10	6	5	11	6	5	6	9	9	6	8	6	5	13	12	15	7	10	5	5	6	10	11	5	6	7	7	7	9	6	4	7	7	7	9	7	7	8	5	8	6	4	0	5	5	3	9	5	8	9	10
TEM-237	6	9	37	5	85	7	8	8	14	3	6	6	10	2	5	14	8	10	8	5	9	7	5	7	8	6	5	5	5	5	3	3	6	4	5	7	5	6	7	12	9	5	6	8	6	4	5	7	6	8	13	7	4	6	4	12	36	9	6	6	7	11	7	111	5	5	3	4	2	3	10	8	9	5	9	28	6	9	8	9	12	8	8	4	5	4	7	6	5	85	10	8	4	5	2	2	3	9	2	9	3	28	6	9	7	6	4	11	4	9	20	12	9	6	3	6	5	18	86	7	2	11	3	23	4	10	103	4	11	5	5	6	9	10	7	5	6	6	9	6	5	10	9	8	10	3	5	10	5	2	10	5	3	5	8	8	5	8	3	4	12	11	15	6	9	6	2	6	9	10	2	5	4	6	7	9	5	5	6	6	6	8	6	6	10	6	7	5	3	5	0	6	4	8	7	7	6	9
TEM-238	4	9	39	5	86	7	8	10	14	7	6	6	10	6	5	16	9	12	10	5	9	7	5	9	10	10	5	5	5	5	3	7	8	6	5	9	5	8	6	14	11	5	8	10	8	6	5	9	4	6	15	9	6	8	6	14	38	13	6	8	6	13	11	113	5	5	7	6	6	7	10	10	9	7	11	30	7	9	12	11	11	6	10	6	5	6	9	6	9	86	10	9	6	5	6	6	7	9	6	11	5	30	6	11	9	6	6	11	6	9	22	10	11	6	3	6	9	20	87	9	6	11	7	25	8	10	104	8	11	5	3	8	9	12	9	5	8	8	11	6	7	10	11	10	10	7	5	12	5	6	12	5	7	5	9	10	5	10	7	6	14	13	17	6	11	4	6	6	11	12	6	5	8	6	7	11	5	4	6	6	5	9	6	8	10	6	7	5	5	5	6	0	4	10	5	9	10	11
TEM-240	4	7	37	5	85	7	8	8	14	5	6	4	8	4	5	14	8	10	8	5	7	7	3	7	8	8	5	5	5	5	3	5	6	4	5	7	5	6	7	12	9	5	6	8	6	4	5	7	4	6	13	7	4	6	6	12	36	11	6	6	5	11	9	112	5	5	5	4	4	5	8	8	9	5	9	28	6	7	10	9	12	6	8	4	3	4	7	6	7	85	8	8	6	5	4	4	5	9	4	9	5	28	6	9	7	6	4	9	4	7	20	10	9	6	3	6	7	18	86	7	4	11	5	23	6	10	103	6	9	5	3	6	7	10	7	5	6	6	9	6	5	8	9	8	8	5	5	10	5	4	10	5	5	5	8	8	5	8	5	4	12	11	15	6	9	4	4	6	9	10	4	5	6	6	7	9	5	3	6	6	6	8	6	6	8	4	7	5	3	3	4	4	0	8	5	7	8	9
TEM-241	10	5	33	9	81	9	8	2	18	9	8	8	8	8	9	12	6	8	6	9	7	11	9	1	4	10	9	9	9	9	7	7	6	8	9	5	9	2	11	8	5	9	4	6	4	10	9	7	10	10	9	5	8	10	10	6	32	15	10	6	7	14	10	116	9	9	7	8	8	9	6	6	9	9	7	24	6	9	8	5	10	12	6	8	9	8	9	8	11	81	8	12	10	9	8	8	9	5	8	3	9	26	10	5	5	10	8	9	10	7	18	16	7	10	7	10	11	14	82	3	8	9	9	21	10	6	105	10	9	9	9	4	9	6	5	9	4	4	7	10	7	10	5	4	8	9	9	8	9	8	8	9	9	9	6	6	7	8	9	8	12	15	11	10	7	10	8	10	13	6	8	9	10	10	11	7	9	9	10	10	10	6	10	4	8	10	11	9	7	9	8	10	8	0	11	11	12	13
TEM-242	3	10	40	4	85	6	9	9	13	8	5	3	8	7	4	16	11	9	9	4	8	4	5	10	11	9	4	4	4	4	4	8	7	5	4	10	4	9	6	13	12	4	9	11	9	5	4	6	1	3	16	10	7	8	5	13	37	14	3	9	8	10	12	112	4	4	6	5	7	4	9	11	10	6	10	31	9	6	13	12	13	3	9	7	4	5	8	5	6	87	11	9	5	4	7	7	8	6	7	10	6	31	4	10	10	5	5	8	7	6	22	7	10	3	6	5	10	19	88	10	7	8	8	26	7	9	105	9	10	3	2	9	6	13	8	4	9	7	12	5	6	7	8	9	9	8	4	11	4	7	11	4	6	4	11	9	4	7	8	5	13	12	14	5	10	3	7	3	10	11	7	4	9	5	4	8	4	4	5	5	5	11	5	9	7	5	4	4	6	5	7	5	5	11	0	8	11	10
TEM-243	7	12	40	6	84	8	11	11	15	8	9	7	13	7	6	17	11	13	11	6	12	8	8	10	11	11	6	6	6	6	6	8	9	5	6	10	6	9	8	15	12	6	9	11	9	9	6	10	7	9	16	10	7	8	7	15	39	14	7	9	10	16	12	111	6	6	8	5	7	8	13	11	12	6	12	31	9	12	13	12	15	9	11	7	8	5	8	7	8	84	13	9	7	6	7	7	8	12	7	12	8	31	7	12	10	7	5	14	9	12	23	13	12	7	6	7	10	21	85	10	7	14	8	26	9	13	102	9	14	6	6	9	12	13	10	6	9	9	12	7	6	13	12	11	13	8	6	13	6	7	13	6	8	6	11	11	6	11	8	5	15	12	18	7	12	7	7	7	10	13	7	6	9	7	8	12	6	6	7	7	7	11	7	9	13	9	8	6	6	8	7	9	7	11	8	0	11	10
TEM-98	10	13	40	9	84	11	12	12	18	7	10	10	14	6	9	18	12	14	12	9	13	11	9	11	12	10	9	9	9	9	7	7	10	8	9	11	9	10	11	16	13	9	10	12	10	8	9	11	10	12	17	11	8	10	10	16	39	13	10	10	11	15	11	111	9	9	7	8	6	7	14	12	13	7	13	27	10	13	14	13	16	12	12	8	9	8	11	10	11	84	14	12	8	9	6	6	7	13	6	13	7	32	10	13	11	10	8	15	8	13	24	16	13	10	7	10	9	18	85	11	6	15	7	27	8	14	102	8	15	9	9	10	13	14	11	9	10	10	13	10	9	14	13	12	14	7	9	14	9	6	14	9	7	9	12	12	9	12	7	8	16	7	19	10	13	10	6	10	13	14	6	9	8	10	11	13	9	9	10	10	10	12	10	10	14	10	11	9	7	9	6	10	8	12	11	11	0	3
TEM-99	9	14	41	8	85	10	13	13	17	10	11	9	15	9	8	19	13	13	13	8	14	10	10	12	12	13	8	8	8	8	8	10	11	7	8	12	8	11	10	17	14	8	11	13	11	11	8	12	9	11	18	12	7	10	9	17	40	16	9	11	12	18	14	110	6	8	10	7	9	10	15	13	14	6	14	28	11	14	15	14	17	11	13	9	10	7	10	9	10	85	15	11	8	8	9	9	10	14	9	14	10	33	9	14	12	9	7	16	11	14	25	15	14	9	8	9	12	19	86	12	9	16	10	28	11	15	103	11	16	8	8	11	14	15	12	8	11	11	14	9	8	15	14	13	15	10	8	15	8	9	15	8	10	8	13	13	8	13	10	7	17	6	20	9	14	9	9	9	12	15	9	8	11	9	10	14	7	8	9	9	9	13	9	11	15	11	10	8	8	10	9	11	9	13	10	10	3	0
