	SHV-52	SHV-24	SHV-41	SHV-42	SHV-18	SHV-79	SHV-105	SHV-12	SHV-64	SHV-182	SHV-92	SHV-56	SHV-89	SHV-61	SHV-101	SHV-35	SHV-121	SHV-137	SHV-152	SHV-164	SHV-128	SHV-162	SHV-180	SHV-32	SHV-78	SHV-188	SHV-6	SHV-15	SHV-8	SHV-21	SHV-36	SHV-69	SHV-83	SHV-67	SHV-133	SHV-49	SHV-156	SHV-38	SHV-185	SHV-9	SHV-82	SHV-11	SHV-100	SHV-75	SHV-153	SHV-30	SHV-142	SHV-108	SHV-37	SHV-129	SHV-62	SHV-72	SHV-97	SHV-172	SHV-102	SHV-43	SHV-57	SHV-46	SHV-14	SHV-150	SHV-141	SHV-20	SHV-157	SHV-161	SHV-124	SHV-33	SHV-53	SHV-122	SHV-106	SHV-186	SHV-96	SHV-93	SHV-66	SHV-77	SHV-134	SHV-25	SHV-74	SHV-1	SHV-76	SHV-2	SHV-103	SHV-71	SHV-158	SHV-59	SHV-109	SHV-22	SHV-55	SHV-168	SHV-173	SHV-119	SHV-81	SHV-31	SHV-149	SHV-34	SHV-147	SHV-65	SHV-126	SHV-94	SHV-167	SHV-60	SHV-125	SHV-19	SHV-80	SHV-26	SHV-63	SHV-13	SHV-135	SHV-99	SHV-48	SHV-107	SHV-85	SHV-51	SHV-143	SHV-104	SHV-140	SHV-187	SHV-110	SHV-123	SHV-2A	SHV-23	SHV-86	SHV-45	SHV-154	SHV-84	SHV-70	SHV-95	SHV-40	SHV-111	SHV-73	SHV-151	SHV-16	SHV-28	SHV-148	SHV-159	SHV-183	SHV-120	SHV-5	SHV-127	SHV-27	SHV-29	SHV-160	SHV-98	SHV-50	SHV-155	SHV-189	SHV-44	SHV-144	SHV-7	SHV-145	SHV-178	SHV-165	SHV-163	SHV-179	SHV-3	SHV-4	SHV-205	SHV-222	SHV-198	SHV-195	SHV-201	SHV-212	SHV-204	SHV-197	SHV-216	SHV-194	SHV-220	SHV-210	SHV-208	SHV-206	SHV-226	SHV-196	SHV-211	SHV-219	SHV-199	SHV-227	SHV-223	SHV-214	SHV-207	SHV-1b-b	SHV-218	SHV-193	SHV-224	SHV-225	SHV-209	SHV-215	SHV-228	SHV-200	SHV-203	SHV-217	SHV-213	SHV-221	SHV-202	SHV-115	SHV-116	SHV-132	SHV-146	SHV-171	SHV-190	SHV-191
SHV-52	0	10	13	11	12	8	13	34	12	10	1	8	8	10	11	8	8	10	14	12	15	15	12	11	11	21	91	12	10	93	9	9	9	9	12	8	10	9	9	20	8	9	50	9	14	11	9	3	10	13	7	11	11	8	11	13	10	13	9	13	10	92	9	9	60	7	143	14	12	12	8	11	11	8	11	7	11	10	8	10	8	10	13	12	12	93	13	11	11	10	8	9	16	12	15	12	60	8	24	10	59	91	9	11	11	9	11	10	11	11	8	9	9	12	11	15	8	61	11	94	12	11	15	41	9	11	8	9	16	14	28	12	14	13	13	10	11	60	10	10	11	11	12	12	11	11	8	10	11	9	14	15	11	13	13	12	12	11	10	12	11	10	11	11	11	14	12	12	7	11	9	12	11	11	11	14	10	7	9	14	9	8	12	8	7	9	12	10	10	8	13	16	11	9	9	12	12	8	10
SHV-24	10	0	7	7	10	8	11	30	8	8	9	8	8	6	7	8	8	6	8	8	11	13	6	7	5	19	82	8	2	85	7	7	7	5	6	2	8	7	5	12	6	5	46	5	6	9	7	7	10	9	7	9	7	4	3	9	2	7	7	9	8	84	9	3	52	5	140	14	8	6	8	9	7	6	7	7	7	4	8	2	4	8	11	8	8	85	9	9	7	8	6	7	10	10	9	6	52	8	22	6	51	83	7	5	7	5	7	8	3	7	8	7	3	6	9	13	6	55	5	86	8	7	11	33	5	7	8	7	14	10	20	8	8	11	9	2	3	52	6	10	7	5	6	10	9	5	8	8	5	7	7	13	5	7	7	8	10	9	8	6	7	8	3	7	5	8	6	8	5	5	7	6	7	5	5	8	8	5	7	8	7	8	8	8	5	5	6	6	6	6	7	14	5	5	7	6	8	10	6
SHV-41	13	7	0	8	11	9	12	30	9	9	12	9	9	5	6	9	9	9	11	9	12	14	5	8	4	20	87	9	7	89	6	8	8	8	5	7	9	8	6	17	9	6	49	8	11	10	6	10	11	10	10	10	8	7	8	12	7	10	8	8	9	88	10	6	56	8	139	15	11	5	9	10	8	9	8	8	6	3	11	7	7	9	12	9	7	89	12	10	6	9	9	6	9	11	8	5	56	9	25	5	55	87	6	4	6	6	6	9	8	6	9	10	8	5	10	14	9	59	8	90	9	10	12	37	6	8	9	8	15	9	25	9	7	12	10	7	8	56	7	11	8	4	5	11	10	8	9	11	4	6	12	14	4	10	10	11	11	10	9	7	10	9	8	8	4	7	5	9	8	4	8	5	8	4	6	7	9	8	8	1	8	9	7	9	8	6	11	7	7	7	6	15	8	6	8	7	11	11	9
SHV-42	11	7	8	0	9	7	10	31	9	7	10	7	5	7	6	7	5	7	11	5	12	12	7	8	6	18	88	9	7	90	8	6	6	8	7	7	7	6	4	17	8	6	47	6	11	8	8	8	7	10	8	8	6	7	8	10	7	10	6	10	7	89	8	6	57	6	142	13	9	7	7	10	8	9	8	4	8	5	9	7	7	7	10	5	9	90	10	8	8	7	9	6	11	9	10	5	57	7	23	7	56	88	8	6	8	6	8	7	8	8	7	8	6	7	8	12	9	60	8	91	9	10	10	38	6	6	7	6	13	11	25	7	9	10	10	7	8	57	7	9	8	6	7	9	8	6	7	9	6	8	12	12	6	8	8	9	9	8	7	7	8	7	8	8	6	9	7	7	6	6	6	7	8	6	6	9	7	6	6	9	8	7	9	7	6	6	11	7	5	7	8	13	8	4	6	7	9	11	9
SHV-18	12	10	11	9	0	8	3	32	10	10	11	8	8	10	9	8	10	10	14	10	13	9	10	9	9	17	90	10	10	92	8	7	5	11	10	10	10	5	7	18	9	9	50	9	14	3	11	9	12	11	9	5	7	10	9	13	10	11	3	11	4	91	9	7	58	7	143	14	12	10	8	11	9	10	9	9	11	8	12	10	8	6	13	10	12	90	11	5	11	10	10	7	12	4	13	10	58	8	24	10	59	90	9	9	9	7	11	8	11	11	8	9	9	10	7	11	10	61	11	91	10	9	7	41	9	9	8	5	12	10	28	10	12	13	11	8	9	60	8	4	9	9	10	12	1	9	6	4	9	9	13	9	9	9	9	12	8	5	6	10	11	8	11	9	9	12	10	10	7	9	7	10	7	9	9	12	8	7	5	12	9	8	12	8	9	9	12	10	8	8	11	12	9	7	5	10	12	12	10
SHV-79	8	8	9	7	8	0	9	30	8	6	7	2	2	6	7	4	6	8	12	6	11	11	8	7	7	17	89	8	8	91	5	5	5	7	8	8	6	5	5	18	6	5	46	7	12	7	7	5	8	9	5	7	7	6	9	9	8	11	5	9	6	90	5	7	58	5	140	8	8	8	4	7	7	6	7	5	7	6	6	8	6	6	9	6	8	91	9	7	7	6	6	5	12	8	11	8	56	4	22	6	57	89	5	7	7	5	7	4	9	7	2	7	7	8	7	11	6	59	7	92	8	9	11	39	5	7	2	5	12	10	26	6	10	9	9	8	9	57	6	6	7	7	8	8	7	5	4	8	7	5	13	11	7	7	7	8	8	7	6	6	7	6	9	7	7	10	8	6	5	7	3	8	7	7	7	10	4	5	5	10	5	2	8	2	5	5	10	6	4	4	9	12	9	5	5	10	8	8	8
SHV-105	13	11	12	10	3	9	0	31	9	11	12	9	9	11	10	9	11	11	13	11	12	8	11	8	10	18	91	9	11	91	9	8	6	12	11	11	11	6	8	17	10	10	51	10	13	2	12	10	13	10	10	6	8	11	12	14	11	10	4	12	3	90	10	8	57	8	144	15	11	11	9	10	8	11	8	10	12	9	13	9	9	7	14	11	13	89	10	6	12	11	11	8	13	3	14	11	59	9	25	11	60	91	10	10	10	10	12	9	12	12	9	10	10	11	8	12	9	60	10	90	9	6	6	42	10	10	9	6	13	11	29	11	13	14	10	9	8	61	7	7	8	10	11	13	2	10	7	3	10	10	12	8	10	8	8	13	9	6	7	11	12	9	12	8	10	13	11	11	8	10	8	11	8	10	10	13	9	8	6	13	10	9	13	9	10	10	11	11	9	9	12	13	10	8	6	11	13	13	9
SHV-12	34	30	30	31	32	30	31	0	26	30	33	30	30	28	31	30	30	32	26	32	28	29	30	31	29	43	63	26	30	63	29	29	31	29	30	30	30	31	29	36	30	27	72	31	26	31	29	31	32	27	31	33	29	28	31	35	30	29	31	27	30	62	31	29	28	31	115	36	32	30	30	31	25	30	25	29	29	28	32	28	30	32	27	32	30	61	31	33	29	30	30	27	28	32	27	30	30	30	18	28	31	63	29	29	31	27	29	32	31	29	30	33	31	30	33	37	30	29	27	62	26	29	25	13	27	31	30	31	38	28	48	32	25	27	27	28	27	32	30	32	25	29	30	25	31	31	30	30	29	29	25	27	29	31	29	34	34	33	32	30	33	32	31	31	29	32	30	32	31	29	31	30	31	29	29	32	32	31	31	31	29	30	30	30	29	27	28	28	30	28	31	38	29	29	31	30	34	33	32
SHV-64	12	8	9	9	10	8	9	26	0	8	11	8	8	6	9	8	8	10	10	10	7	13	8	9	7	21	89	4	8	89	7	7	9	7	8	8	8	9	7	14	8	5	50	9	10	9	7	9	10	5	9	11	7	6	9	13	8	7	9	11	8	88	8	7	54	9	141	14	10	8	8	9	3	8	3	7	7	6	10	6	8	10	11	10	8	87	9	11	7	8	8	5	12	10	11	8	56	8	26	6	57	89	7	7	9	5	7	10	9	7	8	11	9	8	11	15	8	55	5	88	4	7	9	39	5	9	8	9	16	12	26	10	10	11	5	6	5	58	8	10	3	7	8	10	9	9	8	8	7	7	9	13	7	9	7	12	12	11	10	8	11	10	9	9	7	10	8	10	9	7	9	8	9	7	7	10	10	9	9	10	7	8	8	8	7	5	6	6	8	6	9	16	7	7	9	8	12	12	10
SHV-182	10	8	9	7	10	6	11	30	8	0	9	6	6	6	7	6	6	6	10	8	11	13	8	7	7	19	89	8	8	91	7	5	7	5	8	8	4	7	5	18	8	3	46	5	12	9	7	7	8	9	7	9	7	6	9	9	8	11	7	11	8	90	7	7	58	7	140	12	8	8	6	7	7	6	7	5	5	6	8	8	8	8	5	8	8	91	9	9	5	6	6	5	12	10	11	8	58	6	24	6	57	89	7	7	9	5	7	6	9	5	6	7	7	8	9	13	6	59	7	92	8	9	11	39	5	7	6	7	14	12	26	6	10	5	9	8	9	58	6	8	7	7	8	6	9	7	6	10	7	7	13	13	7	9	9	8	10	9	8	8	7	8	9	7	7	10	8	6	7	7	7	8	7	7	5	10	6	7	7	10	7	6	8	6	5	5	10	6	6	6	9	14	9	5	7	10	8	10	8
SHV-92	1	9	12	10	11	7	12	33	11	9	0	7	7	9	10	7	9	9	13	11	14	14	11	10	10	20	90	11	9	92	8	8	8	8	11	7	9	8	8	19	7	8	49	8	13	10	10	2	11	12	6	10	10	7	10	12	9	12	8	12	9	91	8	8	59	6	142	13	11	11	7	10	10	7	10	8	10	9	9	9	7	9	12	11	11	92	12	10	10	9	7	8	15	11	14	11	59	7	23	9	58	90	8	10	10	8	10	9	10	10	7	8	8	11	10	14	7	60	10	93	11	10	14	40	8	10	7	8	15	13	27	11	13	12	12	9	10	59	9	9	10	10	11	11	10	10	7	9	10	8	14	14	10	12	12	11	11	10	9	11	10	9	10	10	10	13	11	11	6	10	8	11	10	10	10	13	9	6	8	13	8	7	11	7	6	8	11	9	9	7	12	15	10	8	8	11	11	7	9
SHV-56	8	8	9	7	8	2	9	30	8	6	7	0	2	6	7	4	6	8	12	6	11	11	8	7	7	17	89	8	8	91	5	5	5	7	8	8	6	5	5	18	6	5	46	7	12	7	7	5	8	9	5	5	7	6	9	9	8	11	5	9	6	90	5	7	58	5	140	8	8	8	4	7	7	6	7	5	7	6	6	8	6	6	9	6	8	91	9	7	7	6	6	5	12	8	11	8	56	4	22	6	57	89	5	7	7	5	7	4	9	7	2	7	7	8	7	11	6	59	7	92	8	9	11	37	5	7	2	5	10	10	26	6	10	9	9	8	9	57	6	6	7	7	8	8	7	5	4	8	7	5	13	11	7	7	7	8	8	7	6	6	7	6	9	7	7	10	8	6	5	7	3	8	7	7	7	10	4	5	5	10	5	2	8	2	5	5	10	6	4	4	9	12	9	5	5	10	8	8	8
SHV-89	8	8	9	5	8	2	9	30	8	6	7	2	0	6	7	4	4	8	12	6	11	11	8	7	7	17	89	8	8	91	5	5	5	7	8	8	6	5	5	18	6	5	46	7	12	7	7	5	6	9	5	7	7	6	9	9	8	11	5	9	6	90	5	7	58	5	140	8	8	8	4	7	7	6	7	3	7	6	6	8	6	6	9	6	8	91	9	7	7	6	6	5	12	8	11	8	56	4	22	6	57	89	5	7	7	5	7	4	9	7	2	7	7	8	7	11	6	59	7	92	8	9	11	39	5	7	2	5	12	10	26	6	10	9	9	8	9	57	6	6	7	7	8	8	7	5	4	8	7	5	13	11	7	7	7	8	8	7	6	6	7	6	9	7	7	10	8	6	5	7	3	8	7	7	7	10	4	5	5	10	5	2	8	2	5	5	10	6	4	4	9	12	9	5	5	10	8	8	8
SHV-61	10	6	5	7	10	6	11	28	6	6	9	6	6	0	5	6	6	8	10	8	9	13	4	7	3	19	86	6	6	88	3	5	7	5	4	6	6	7	5	16	6	3	48	7	10	9	3	7	8	7	7	9	7	4	7	11	6	9	7	7	8	87	7	5	56	7	136	12	10	4	6	7	5	6	5	5	3	2	8	6	6	8	9	8	2	88	11	9	3	6	6	3	8	10	7	4	56	6	24	2	55	86	3	3	5	3	3	8	7	3	6	9	7	4	9	13	6	57	5	89	6	9	11	37	3	7	6	7	14	8	24	8	6	9	7	6	7	56	6	8	5	3	4	8	9	7	6	10	3	3	11	13	3	9	9	10	10	9	8	6	9	8	7	7	3	6	4	8	7	3	7	4	7	3	5	6	8	7	7	6	5	6	4	6	5	3	8	4	6	4	5	14	7	5	7	6	10	8	8
SHV-101	11	7	6	6	9	7	10	31	9	7	10	7	7	5	0	7	7	7	11	7	12	12	5	8	4	18	88	9	7	90	6	6	6	8	3	7	7	6	4	17	9	6	47	6	11	8	4	8	9	10	8	8	6	7	8	10	7	10	6	8	7	89	8	6	57	6	139	13	9	5	6	10	8	9	8	6	6	3	9	7	7	7	10	7	7	90	10	8	6	7	9	4	9	9	8	5	57	7	23	5	56	88	6	4	6	6	6	7	8	6	7	8	6	5	8	12	9	60	8	91	9	10	10	38	6	6	7	6	13	9	25	7	7	10	10	7	8	57	7	9	8	4	5	9	8	6	7	9	4	6	12	12	4	8	8	8	9	8	7	7	8	7	8	8	4	5	5	7	6	4	6	5	8	4	6	7	7	6	6	7	8	7	7	7	6	6	11	7	5	7	6	13	8	4	6	7	9	9	9
SHV-35	8	8	9	7	8	4	9	30	8	6	7	4	4	6	7	0	6	8	12	8	11	11	8	7	7	17	89	6	8	91	5	5	5	7	8	8	6	5	5	18	6	5	48	7	12	7	7	5	8	9	5	7	7	6	9	11	8	11	5	9	6	90	5	7	58	5	141	10	10	8	4	7	7	6	7	5	7	6	8	8	6	6	9	8	8	91	11	7	7	6	6	5	12	8	11	8	58	4	22	6	57	89	5	7	7	5	7	6	9	7	4	7	7	8	7	11	6	59	7	92	8	9	11	39	5	7	2	5	12	10	26	8	10	9	9	8	9	58	6	6	7	7	8	8	7	7	4	8	7	5	13	11	7	9	9	10	8	7	6	8	9	6	9	7	7	10	8	8	5	7	5	8	7	7	7	10	6	5	5	10	5	4	8	4	5	5	10	6	6	4	9	12	9	5	5	10	10	8	8
SHV-121	8	8	9	5	10	6	11	30	8	6	9	6	4	6	7	6	0	8	12	8	11	13	8	9	7	19	89	8	8	91	7	5	7	7	8	8	6	7	5	18	8	5	48	7	12	9	5	7	4	9	7	9	7	6	9	11	8	11	7	11	8	90	7	7	58	7	141	12	10	8	6	9	7	8	7	1	7	6	6	8	8	8	9	8	8	91	11	9	7	6	8	5	12	10	11	8	58	6	24	6	57	89	7	7	9	5	7	8	9	7	6	9	7	8	9	13	8	59	7	92	8	11	11	39	5	7	6	7	14	12	26	8	10	9	9	8	9	58	8	8	7	7	8	8	9	7	6	10	7	7	12	13	7	9	9	10	10	9	8	8	9	8	9	9	7	10	8	8	7	7	7	8	9	7	7	10	8	7	7	10	7	6	8	6	5	5	10	6	6	6	9	14	9	5	7	10	10	10	10
SHV-137	10	6	9	7	10	8	11	32	10	6	9	8	8	8	7	8	8	0	8	8	13	13	8	7	7	19	87	10	6	89	9	7	7	5	8	6	6	7	5	16	8	5	44	1	10	9	9	7	10	11	7	9	7	6	7	7	6	9	7	11	8	88	9	5	56	5	142	14	6	8	8	9	9	6	9	7	7	6	8	6	6	8	9	8	10	89	7	9	7	8	6	7	12	10	11	8	56	8	22	8	55	87	9	7	9	7	9	6	7	7	8	5	5	8	9	13	6	59	9	90	10	7	11	37	7	7	8	7	14	12	24	6	10	9	11	6	7	56	6	10	9	7	8	10	9	7	8	8	7	9	11	13	7	9	9	6	10	9	8	8	5	8	7	6	7	10	8	6	5	7	7	8	7	7	5	10	6	5	7	10	9	8	10	8	5	7	10	8	6	8	9	14	7	5	7	8	6	10	6
SHV-152	14	8	11	11	14	12	13	26	10	10	13	12	12	10	11	12	12	8	0	12	13	9	10	9	9	23	83	10	8	83	11	11	11	7	10	8	10	11	9	16	10	7	48	7	4	11	11	11	14	11	11	13	11	8	9	11	8	9	11	7	10	82	13	7	50	9	138	18	8	10	12	11	9	8	9	11	9	8	12	6	8	12	7	12	12	83	9	13	9	12	8	11	8	12	7	10	52	12	20	10	51	83	11	9	11	9	11	10	9	9	12	9	9	10	13	17	8	53	9	84	10	7	7	33	9	11	12	11	18	8	26	10	8	7	11	8	7	52	8	14	9	9	10	10	13	11	12	10	9	11	5	9	9	11	11	10	14	13	12	10	9	12	9	9	9	12	10	10	9	9	11	10	9	9	7	12	10	9	11	12	11	12	12	12	9	9	10	10	10	10	11	18	9	9	11	10	10	14	8
SHV-164	12	8	9	5	10	6	11	32	10	8	11	6	6	8	7	8	8	8	12	0	13	13	8	9	7	19	89	10	8	91	9	7	7	9	8	8	8	7	5	18	10	7	44	7	12	9	9	9	10	11	9	9	7	8	9	7	8	11	7	11	8	90	9	7	58	7	142	12	6	8	8	11	9	10	9	7	9	6	8	8	8	8	11	4	10	91	7	9	9	8	10	7	12	10	11	6	56	8	24	8	57	89	9	7	9	7	9	6	9	9	6	9	7	8	9	13	10	61	9	92	10	11	11	39	7	5	6	7	14	12	26	4	10	11	11	8	9	57	8	10	9	7	8	10	9	5	8	10	7	9	13	13	7	7	7	6	10	9	8	6	5	8	9	9	7	10	8	4	7	7	5	8	9	7	7	10	6	7	7	10	9	6	10	6	7	7	12	8	4	8	9	14	9	5	7	8	6	12	10
SHV-128	15	11	12	12	13	11	12	28	7	11	14	11	11	9	12	11	11	13	13	13	0	16	11	12	10	24	89	7	11	89	10	10	12	10	11	11	11	12	10	17	11	8	53	12	13	12	10	12	13	8	12	14	10	9	12	16	11	10	12	14	11	88	12	10	54	12	141	17	13	11	11	12	6	11	6	10	10	9	13	9	11	13	14	13	11	87	12	14	10	11	11	8	15	13	14	11	56	11	29	9	57	89	10	10	12	8	10	13	12	10	11	14	12	11	14	18	11	55	8	88	7	10	12	41	8	12	11	12	19	15	29	13	13	14	8	9	8	58	11	13	6	10	11	13	12	12	11	11	10	10	12	16	10	12	10	15	15	14	13	11	14	13	12	12	10	13	11	13	12	10	12	11	12	10	10	13	13	12	12	13	10	11	11	11	10	8	9	9	11	9	12	19	10	10	12	11	15	15	13
SHV-162	15	13	14	12	9	11	8	29	13	13	14	11	11	13	12	11	13	13	9	13	16	0	13	12	12	20	88	13	13	88	12	10	8	14	13	13	13	8	10	21	13	12	53	12	9	6	14	12	15	14	10	10	12	13	14	16	13	14	8	8	5	87	10	10	55	10	141	17	13	13	11	14	12	13	12	12	14	11	15	11	11	9	10	13	15	88	14	10	14	13	13	12	9	7	10	13	57	11	21	13	56	88	12	12	12	12	14	11	14	14	11	12	12	13	10	14	13	58	12	89	13	12	4	38	12	12	11	8	15	7	31	13	11	10	14	13	12	57	11	9	12	12	13	11	8	12	9	9	12	12	10	4	12	10	12	15	13	10	9	13	14	11	14	12	12	15	13	13	10	12	10	13	10	12	12	15	11	10	8	15	12	11	15	11	12	12	15	13	11	11	14	15	14	10	8	15	15	15	13
SHV-180	12	6	5	7	10	8	11	30	8	8	11	8	8	4	5	8	8	8	10	8	11	13	0	7	3	19	87	8	6	89	5	7	7	7	4	6	8	7	5	16	8	5	48	7	10	9	5	9	10	9	9	9	7	6	7	11	6	9	7	7	8	88	9	5	56	7	139	14	10	2	8	9	7	8	7	7	5	2	10	6	6	8	11	8	6	89	11	9	5	8	8	5	8	10	7	4	56	8	24	2	55	87	5	1	5	5	3	8	7	5	8	9	7	4	9	13	8	59	7	90	8	9	11	37	5	7	8	7	14	8	24	8	6	11	9	6	7	56	6	10	7	3	2	10	9	7	8	10	3	5	11	13	3	9	9	10	10	9	8	6	9	8	7	7	3	6	4	8	7	3	7	4	7	3	5	6	8	7	7	6	7	8	6	8	7	5	10	6	6	6	5	14	7	5	7	6	10	10	8
SHV-32	11	7	8	8	9	7	8	31	9	7	10	7	7	7	8	7	9	7	9	9	12	12	7	0	6	18	88	9	7	90	6	8	6	6	7	7	7	6	6	17	7	4	47	6	11	8	8	8	11	10	8	8	8	7	8	10	7	10	6	8	7	89	8	6	57	6	142	13	9	7	7	4	8	5	8	8	6	5	11	7	5	7	10	9	9	90	10	8	6	9	5	8	11	9	10	7	57	7	23	7	56	88	6	6	6	6	8	5	8	6	7	6	8	7	8	12	3	60	8	91	9	4	12	38	6	8	7	6	13	9	25	7	9	10	10	7	8	57	1	9	8	6	7	11	8	8	7	9	6	6	12	12	6	10	10	9	9	8	7	7	8	7	8	2	6	9	7	7	6	6	6	7	4	6	4	9	5	6	6	9	6	7	9	7	8	6	11	7	7	5	8	13	8	6	6	9	9	11	3
SHV-78	11	5	4	6	9	7	10	29	7	7	10	7	7	3	4	7	7	7	9	7	10	12	3	6	0	18	86	7	5	88	4	6	6	6	3	5	7	6	4	14	7	4	47	6	9	8	4	8	9	8	8	8	6	5	6	10	5	8	6	6	7	87	8	4	55	6	138	13	9	3	7	8	6	7	6	6	4	1	9	5	5	7	10	7	5	88	10	8	4	7	7	4	7	9	6	3	55	7	23	3	54	86	4	2	4	4	4	7	6	4	7	8	6	3	8	12	7	58	6	89	7	8	10	36	4	6	7	6	13	7	23	7	5	10	8	5	6	55	5	9	6	2	3	9	8	6	7	9	2	4	10	12	2	8	8	9	9	8	7	5	8	7	6	6	2	5	3	7	6	2	6	3	6	2	4	5	7	6	6	5	6	7	5	7	6	4	9	5	5	5	4	13	6	4	6	5	9	9	7
SHV-188	21	19	20	18	17	17	18	43	21	19	20	17	17	19	18	17	19	19	23	19	24	20	19	18	18	0	99	21	19	101	18	16	12	20	19	19	19	14	16	29	19	18	59	18	23	16	20	18	21	22	18	16	18	19	20	22	19	22	16	20	15	100	18	18	69	16	152	23	21	19	17	20	20	19	20	18	20	17	21	19	17	15	22	19	21	101	22	16	20	19	19	18	23	17	22	19	69	17	33	19	68	99	18	18	18	18	20	17	20	20	17	18	18	19	14	6	19	72	20	102	21	20	20	50	18	18	17	14	21	21	37	19	21	22	22	19	20	69	17	17	20	18	19	21	16	18	15	19	18	18	24	20	18	18	20	21	19	16	15	19	20	17	20	18	18	21	19	19	16	18	16	19	16	18	18	21	17	16	14	21	18	17	21	17	18	18	23	19	17	17	20	7	20	16	14	21	21	21	19
SHV-6	91	82	87	88	90	89	91	63	89	89	90	89	89	86	88	89	89	87	83	89	89	88	87	88	86	99	0	89	83	4	87	88	87	86	87	83	89	88	86	93	86	86	126	86	81	89	88	88	90	90	88	89	88	85	84	90	83	87	87	84	89	3	89	84	37	86	77	95	88	87	89	90	88	87	88	88	88	85	89	83	85	89	86	89	88	4	89	88	88	88	87	88	85	90	84	87	37	89	73	87	34	2	88	86	88	86	88	89	84	88	89	88	84	86	89	93	87	40	86	5	88	88	86	54	86	88	89	88	87	85	101	88	82	86	90	83	84	36	87	91	88	86	87	84	89	86	89	88	86	88	82	86	86	88	88	88	89	89	89	87	88	89	84	88	86	89	87	89	86	85	87	85	87	86	86	89	89	86	88	88	88	89	89	89	86	86	87	87	87	87	87	94	86	86	88	87	87	90	87
SHV-15	12	8	9	9	10	8	9	26	4	8	11	8	8	6	9	6	8	10	10	10	7	13	8	9	7	21	89	0	8	89	7	7	9	7	8	8	8	9	7	14	8	5	50	9	10	9	7	9	10	5	9	11	7	6	9	13	8	7	9	11	8	88	9	7	54	9	141	14	10	8	8	9	3	8	3	7	7	6	10	6	8	10	11	10	8	87	9	11	7	8	8	5	12	10	11	8	56	8	26	6	57	89	7	7	9	5	7	10	9	7	8	11	9	8	11	15	8	55	5	88	4	7	9	39	5	9	8	9	16	12	26	10	10	11	5	6	5	58	8	10	3	7	8	10	9	9	8	8	7	7	9	13	7	9	7	12	12	11	10	8	11	10	9	9	7	10	8	10	9	7	9	8	9	7	7	10	10	9	9	10	7	8	8	8	7	5	6	6	8	6	9	16	7	7	9	8	12	12	10
SHV-8	10	2	7	7	10	8	11	30	8	8	9	8	8	6	7	8	8	6	8	8	11	13	6	7	5	19	83	8	0	85	7	7	7	5	6	2	8	7	5	12	6	5	46	5	6	9	7	7	10	9	7	9	7	4	3	9	2	7	7	9	8	84	9	3	52	5	140	14	8	6	8	9	7	6	7	7	7	4	8	2	4	8	11	8	8	85	9	9	7	8	6	7	10	10	9	6	52	8	22	6	51	83	7	5	7	5	7	8	3	7	8	7	3	6	9	13	6	55	5	86	8	7	11	33	5	7	8	7	14	10	20	8	8	11	9	2	3	52	6	10	7	5	6	10	9	5	8	8	5	7	7	13	5	7	7	8	10	9	8	6	7	8	3	7	5	8	6	8	5	5	7	6	7	5	5	8	8	5	7	8	7	8	8	8	5	5	6	6	6	6	7	14	5	5	7	6	8	10	6
SHV-21	93	85	89	90	92	91	91	63	89	91	92	91	91	88	90	91	91	89	83	91	89	88	89	90	88	101	4	89	85	0	89	90	89	88	89	85	91	90	88	93	88	88	128	88	81	89	90	90	92	90	90	91	90	87	86	92	85	87	89	86	89	1	91	86	37	88	79	97	88	89	91	92	88	89	88	90	90	87	91	83	87	91	88	91	90	4	89	90	90	90	89	90	87	90	86	89	39	91	75	89	36	2	90	88	90	88	90	91	86	90	91	90	86	88	91	95	89	40	86	3	88	88	86	56	88	90	91	90	89	87	103	90	84	88	90	85	84	38	89	93	88	88	89	86	91	88	91	88	88	90	82	86	88	88	88	90	91	91	91	89	90	91	86	90	88	91	89	91	88	87	89	87	89	88	88	91	91	88	90	90	90	91	91	91	88	88	87	89	89	89	89	96	88	88	90	89	89	92	89
SHV-36	9	7	6	8	8	5	9	29	7	7	8	5	5	3	6	5	7	9	11	9	10	12	5	6	4	18	87	7	7	89	0	6	6	6	5	7	7	6	6	17	3	4	49	8	11	7	4	6	9	8	6	7	8	5	8	12	7	10	5	6	7	88	6	6	57	6	137	11	11	5	5	6	6	5	6	6	4	3	9	7	5	7	10	9	5	89	12	7	4	7	5	4	9	8	8	5	57	5	23	3	56	87	2	4	4	4	4	7	8	4	5	8	8	5	8	12	5	58	6	90	7	8	12	38	4	8	5	6	13	7	25	9	7	10	8	7	8	57	5	7	6	4	5	9	7	8	5	8	4	2	12	12	4	10	10	11	8	7	7	7	10	7	8	6	4	7	5	9	6	4	6	5	6	4	6	7	7	6	6	7	4	5	5	5	6	4	9	5	7	3	6	13	8	6	6	7	11	7	7
SHV-69	9	7	8	6	7	5	8	29	7	5	8	5	5	5	6	5	5	7	11	7	10	10	7	8	6	16	88	7	7	90	6	0	4	6	7	7	5	4	4	17	7	4	47	6	11	6	6	6	7	8	6	6	6	5	8	10	7	10	6	10	5	89	6	6	57	6	139	11	9	7	5	8	6	7	6	4	6	5	7	7	7	5	8	7	7	90	10	6	6	5	7	4	11	7	10	7	57	5	23	5	56	88	6	6	8	4	6	7	8	6	5	8	6	7	6	10	7	58	6	91	7	10	8	38	4	6	5	4	11	11	25	7	9	8	8	7	8	57	7	5	6	6	7	7	6	6	3	9	6	6	12	10	6	6	8	9	9	6	5	7	8	7	8	8	6	9	7	7	6	6	6	7	6	6	6	9	7	6	4	9	6	5	7	5	4	4	9	5	5	5	8	11	8	4	4	9	9	9	9
SHV-83	9	7	8	6	5	5	6	31	9	7	8	5	5	7	6	5	7	7	11	7	12	8	7	6	6	12	87	9	7	89	6	4	0	8	7	7	7	2	4	17	7	6	47	6	11	4	8	6	9	10	6	4	6	7	8	10	7	10	4	8	3	88	6	6	57	4	140	11	9	7	5	8	8	7	8	6	8	5	9	7	5	3	10	7	9	89	10	4	8	7	7	6	11	5	10	7	57	5	21	7	56	87	6	6	6	6	8	5	8	8	5	6	6	7	2	6	7	60	8	90	9	8	8	38	6	6	5	2	9	9	25	7	9	10	10	7	8	57	5	5	8	6	7	9	4	6	3	7	6	6	12	8	6	6	8	9	7	4	3	7	8	5	8	6	6	9	7	7	4	6	4	7	4	6	6	9	5	4	2	9	6	5	9	5	6	6	11	7	5	5	8	7	8	4	2	9	9	9	7
SHV-67	9	5	8	8	11	7	12	29	7	5	8	7	7	5	8	7	7	5	7	9	10	14	7	6	6	20	86	7	5	88	6	6	8	0	7	5	5	8	6	15	5	2	45	4	9	10	6	6	9	8	6	10	8	3	6	8	5	8	8	10	9	87	8	4	55	6	139	13	7	7	7	6	6	3	6	6	4	5	7	5	5	9	8	9	7	88	8	10	4	7	3	6	11	11	10	7	55	7	23	5	54	86	6	6	8	4	6	7	6	4	7	6	6	7	10	14	3	56	6	89	7	6	12	36	4	8	7	8	15	11	23	7	9	8	8	5	6	55	5	9	6	6	7	9	10	8	7	9	6	6	10	14	6	10	10	7	11	10	9	7	6	9	6	6	6	9	7	7	6	6	8	7	6	6	4	9	7	6	8	9	6	7	7	7	4	4	7	5	7	5	8	15	6	6	8	7	7	9	5
SHV-133	12	6	5	7	10	8	11	30	8	8	11	8	8	4	3	8	8	8	10	8	11	13	4	7	3	19	87	8	6	89	5	7	7	7	0	6	8	7	5	16	8	5	48	7	10	9	3	9	10	9	9	9	7	6	7	11	6	9	7	7	8	88	9	5	56	7	138	14	10	4	8	9	7	8	7	7	5	2	10	6	6	8	11	8	6	89	11	9	5	8	8	5	8	10	7	4	56	8	24	4	55	87	5	3	5	5	5	8	7	5	8	9	7	4	9	13	8	59	7	90	8	9	11	37	5	7	8	7	14	8	24	8	6	11	9	6	7	56	6	10	7	3	4	10	9	7	8	10	3	5	11	13	3	9	9	10	10	9	8	6	9	8	7	7	3	2	4	8	7	3	7	4	7	3	5	6	8	7	7	6	7	8	6	8	7	5	10	6	6	6	5	14	7	5	7	6	10	10	8
SHV-49	8	2	7	7	10	8	11	30	8	8	7	8	8	6	7	8	8	6	8	8	11	13	6	7	5	19	83	8	2	85	7	7	7	5	6	0	8	7	5	12	6	5	46	5	6	9	7	7	10	9	7	9	7	4	3	9	2	7	7	9	8	84	9	3	52	5	140	14	8	6	8	9	7	6	7	7	7	4	8	2	4	8	11	8	8	85	9	9	7	8	6	7	10	10	9	6	52	8	22	6	51	83	7	5	7	5	7	8	3	7	8	7	3	6	9	13	6	55	5	86	8	7	11	33	5	7	8	7	14	10	20	8	8	11	9	2	3	52	6	10	7	5	6	10	9	5	8	8	5	7	7	13	5	7	7	8	10	9	8	6	7	8	3	7	5	8	6	8	5	5	7	6	7	5	5	8	8	5	7	8	7	8	8	8	5	5	6	6	6	6	7	14	5	5	7	6	8	10	6
SHV-156	10	8	9	7	10	6	11	30	8	4	9	6	6	6	7	6	6	6	10	8	11	13	8	7	7	19	89	8	8	91	7	5	7	5	8	8	0	7	5	18	8	3	46	5	12	9	7	7	8	9	7	9	7	6	9	9	8	11	7	11	8	90	7	7	58	7	141	12	8	8	6	7	7	6	7	5	5	6	8	8	8	8	7	8	8	91	9	9	5	6	6	5	12	10	11	8	58	6	24	6	57	89	7	7	9	5	7	6	9	5	6	7	7	8	9	13	6	59	7	92	8	9	11	39	5	7	6	7	14	12	26	6	10	7	9	8	9	58	6	8	7	7	8	8	9	7	6	10	7	7	13	13	7	9	9	8	10	9	8	8	7	8	9	7	7	10	8	6	7	7	7	8	7	7	5	10	6	7	7	10	7	6	8	6	5	5	10	6	6	6	9	13	9	5	7	10	8	10	8
SHV-38	9	7	8	6	5	5	6	31	9	7	8	5	5	7	6	5	7	7	11	7	12	8	7	6	6	14	88	9	7	90	6	4	2	8	7	7	7	0	4	17	7	6	47	6	11	4	8	6	9	10	6	2	6	7	8	10	7	10	4	8	3	89	6	6	57	4	141	11	9	7	5	8	8	7	8	6	8	5	9	7	5	1	10	7	9	90	10	2	8	7	7	6	11	5	10	7	57	5	19	7	56	88	6	6	6	6	8	5	8	8	5	6	6	7	4	8	7	60	8	91	9	8	8	38	6	6	5	2	7	9	25	7	9	10	10	7	8	57	5	5	8	6	7	9	4	6	1	7	6	6	12	8	6	6	8	9	5	2	3	7	8	3	8	6	6	9	7	7	4	6	4	7	4	6	6	9	5	4	2	9	6	5	9	5	6	6	11	7	5	5	8	9	8	4	2	9	9	9	7
SHV-185	9	5	6	4	7	5	8	29	7	5	8	5	5	5	4	5	5	5	9	5	10	10	5	6	4	16	86	7	5	88	6	4	4	6	5	5	5	4	0	15	7	4	45	4	9	6	6	6	7	8	6	6	4	5	6	8	5	8	4	8	5	87	6	4	55	4	139	11	7	5	5	8	6	7	6	4	6	3	7	5	5	5	8	5	7	88	8	6	6	5	7	4	9	7	8	5	55	5	21	5	54	86	6	4	6	4	6	5	6	6	5	6	4	5	6	10	7	58	6	89	7	8	8	36	4	4	5	4	11	9	23	5	7	8	8	5	6	55	5	7	6	4	5	7	6	4	5	7	4	6	10	10	4	6	6	7	7	6	5	5	6	5	6	6	4	7	5	5	4	4	4	5	6	4	4	7	5	4	4	7	6	5	7	5	4	4	9	5	3	5	6	11	6	2	4	7	7	9	7
SHV-9	20	12	17	17	18	18	17	36	14	18	19	18	18	16	17	18	18	16	16	18	17	21	16	17	14	29	93	14	12	93	17	17	17	15	16	12	18	17	15	0	16	15	56	15	14	17	17	17	20	15	17	19	15	14	13	19	12	13	17	19	16	92	19	13	58	15	150	24	16	16	18	19	13	16	13	17	17	14	18	10	14	18	21	18	17	91	15	19	17	18	16	15	20	18	19	16	60	18	32	16	61	93	17	15	17	15	17	18	13	17	18	17	13	16	19	23	16	61	13	92	14	13	17	43	15	17	18	17	24	20	30	18	18	21	15	10	9	62	16	20	13	15	16	20	17	15	18	14	15	17	13	21	15	15	13	18	20	19	18	16	17	18	13	17	15	18	16	18	15	15	17	16	17	15	15	17	18	15	17	18	17	18	18	18	15	15	12	16	16	16	16	24	13	15	17	14	18	20	16
SHV-82	8	6	9	8	9	6	10	30	8	8	7	6	6	6	9	6	8	8	10	10	11	13	8	7	7	19	86	8	6	88	3	7	7	5	8	6	8	7	7	16	0	5	48	7	10	8	7	5	10	9	5	8	9	4	7	11	6	9	6	9	8	87	7	5	56	5	139	12	10	8	6	7	7	4	7	7	7	6	8	6	4	8	11	10	8	88	11	8	7	8	4	7	12	9	11	8	56	6	22	6	55	86	5	7	7	5	7	8	7	7	6	7	7	8	9	13	4	57	7	89	8	7	13	37	5	9	6	7	14	10	24	10	10	11	9	6	7	56	6	8	7	7	8	10	8	9	6	7	7	5	11	13	7	11	11	10	9	8	8	8	9	8	7	7	7	10	8	10	5	7	7	8	7	7	7	10	8	5	7	10	5	6	8	6	5	5	8	6	8	4	9	14	7	7	7	8	10	8	6
SHV-11	9	5	6	6	9	5	10	27	5	3	8	5	5	3	6	5	5	5	7	7	8	12	5	4	4	18	86	5	5	88	4	4	6	2	5	5	3	6	4	15	5	0	45	4	9	8	4	6	7	6	6	8	6	3	6	8	5	8	6	8	7	87	6	4	55	6	138	11	7	5	5	4	4	3	4	4	2	3	7	5	5	7	6	7	5	88	8	8	2	5	3	4	9	9	8	5	55	5	23	3	54	86	4	4	6	2	4	5	6	2	5	6	6	5	8	12	3	56	4	89	5	6	10	36	2	6	5	6	13	9	23	5	7	6	6	5	6	55	3	7	4	4	5	7	8	6	5	9	4	4	10	12	4	8	8	7	9	8	7	5	6	7	6	4	4	7	5	5	6	4	6	5	4	4	2	7	5	6	6	7	4	5	5	5	4	2	7	3	5	3	6	13	6	4	6	7	7	9	5
SHV-100	50	46	49	47	50	46	51	72	50	46	49	46	46	48	47	48	48	44	48	44	53	53	48	47	47	59	126	50	46	128	49	47	47	45	48	46	46	47	45	56	48	45	0	43	50	49	49	47	50	51	47	49	47	46	47	43	46	49	47	51	48	127	49	45	96	45	180	52	40	48	48	49	49	46	49	47	47	46	46	46	46	48	49	46	50	128	41	49	47	48	46	47	52	50	51	48	94	48	62	48	95	126	49	47	49	47	49	44	47	47	46	45	45	48	49	53	46	99	49	129	48	47	51	77	47	45	46	47	53	52	64	40	50	49	51	46	47	93	46	50	49	47	48	50	49	45	48	48	47	49	51	53	47	47	47	40	50	49	48	46	41	48	47	47	47	50	48	42	45	47	45	48	47	47	45	50	44	45	47	50	49	46	50	46	45	47	50	48	44	48	49	54	47	45	47	48	40	50	46
SHV-75	9	5	8	6	9	7	10	31	9	5	8	7	7	7	6	7	7	1	7	7	12	12	7	6	6	18	86	9	5	88	8	6	6	4	7	5	5	6	4	15	7	4	43	0	9	8	8	6	9	10	6	8	6	5	6	6	5	8	6	10	7	87	8	4	55	4	141	13	5	7	7	8	8	5	8	6	6	5	7	5	5	7	8	7	9	88	6	8	6	7	5	6	11	9	10	7	55	7	21	7	54	86	8	6	8	6	8	5	6	6	7	4	4	7	8	12	5	58	8	89	9	6	10	36	6	6	7	6	13	11	23	5	9	8	10	5	6	55	5	9	8	6	7	9	8	6	7	7	6	8	10	12	6	8	8	5	9	8	7	7	4	7	6	6	6	9	7	5	4	6	6	7	6	6	4	9	5	4	6	9	8	7	9	7	4	6	9	7	5	7	8	13	6	4	6	7	5	9	5
SHV-153	14	6	11	11	14	12	13	26	10	12	13	12	12	10	11	12	12	10	4	12	13	9	10	11	9	23	81	10	6	81	11	11	11	9	10	6	12	11	9	14	10	9	50	9	0	11	11	11	14	11	11	13	11	8	7	13	6	9	11	7	10	80	13	7	48	9	137	18	10	10	12	13	9	10	9	11	11	8	12	4	8	12	9	12	12	81	11	13	11	12	10	11	8	12	7	10	50	12	20	10	49	81	11	9	11	9	11	12	7	11	12	11	7	10	13	17	10	51	7	82	10	9	7	31	9	11	12	11	18	8	24	12	8	9	11	6	5	50	10	14	9	9	10	10	13	9	12	10	9	11	3	9	9	9	9	12	14	13	12	10	11	12	7	11	9	12	10	12	9	9	11	10	11	9	9	12	12	9	11	12	11	12	12	12	9	9	8	10	10	10	11	18	9	9	11	10	12	14	10
SHV-30	11	9	10	8	3	7	2	31	9	9	10	7	7	9	8	7	9	9	11	9	12	6	9	8	8	16	89	9	9	89	7	6	4	10	9	9	9	4	6	17	8	8	49	8	11	0	10	8	11	10	8	4	8	9	10	12	9	10	2	10	1	88	8	6	57	6	142	13	9	9	7	10	8	9	8	8	10	7	11	7	7	5	12	9	11	89	10	4	10	9	9	8	11	1	12	9	59	7	23	9	58	89	8	8	8	8	10	7	10	10	7	8	8	9	6	10	9	60	8	90	9	8	6	40	8	8	7	4	11	9	27	9	11	12	10	9	8	59	7	5	8	8	9	11	2	8	5	3	8	8	12	6	8	6	8	11	7	4	5	9	10	7	10	8	8	11	9	9	6	8	6	9	6	8	8	11	7	6	4	11	8	7	11	7	8	8	11	9	7	7	10	11	10	6	4	11	11	11	9
SHV-142	9	7	6	8	11	7	12	29	7	7	10	7	7	3	4	7	5	9	11	9	10	14	5	8	4	20	88	7	7	90	4	6	8	6	3	7	7	8	6	17	7	4	49	8	11	10	0	8	7	8	8	10	8	5	8	12	7	10	8	8	9	89	8	6	57	8	137	13	11	5	7	8	6	7	6	4	4	3	7	7	7	9	10	9	5	90	12	10	4	7	7	4	9	11	8	5	57	7	25	3	56	88	4	4	6	4	4	9	8	4	7	10	8	5	10	14	7	58	6	91	7	10	12	38	4	8	7	8	15	9	25	9	7	10	8	7	8	57	7	9	6	4	5	9	10	8	7	11	4	4	11	14	4	10	10	11	11	10	9	7	10	9	8	8	4	5	5	9	8	4	8	5	8	4	6	7	9	8	8	7	6	7	5	7	6	4	9	5	7	5	6	15	8	6	8	7	11	9	9
SHV-108	3	7	10	8	9	5	10	31	9	7	2	5	5	7	8	5	7	7	11	9	12	12	9	8	8	18	88	9	7	90	6	6	6	6	9	7	7	6	6	17	5	6	47	6	11	8	8	0	9	10	4	8	8	5	8	10	7	10	6	10	7	89	6	6	57	4	140	11	9	9	5	8	8	5	8	6	8	7	7	7	5	7	10	9	9	90	10	8	8	7	5	6	13	9	12	9	57	5	21	7	56	88	6	8	8	6	8	7	8	8	5	6	6	9	8	12	5	58	8	91	9	8	12	38	6	8	5	6	13	11	25	9	11	10	10	7	8	57	7	7	8	8	9	9	8	8	5	7	8	6	12	12	8	10	10	9	9	8	7	9	8	7	8	8	8	11	9	9	4	8	6	9	8	8	8	11	7	4	6	11	6	5	9	5	4	6	9	7	7	5	10	13	8	6	6	9	9	5	7
SHV-37	10	10	11	7	12	8	13	32	10	8	11	8	6	8	9	8	4	10	14	10	13	15	10	11	9	21	90	10	10	92	9	7	9	9	10	10	8	9	7	20	10	7	50	9	14	11	7	9	0	11	9	11	9	8	11	13	10	13	9	13	10	91	9	9	59	9	142	14	12	10	8	11	9	10	9	3	9	8	8	10	10	10	11	10	10	91	13	11	9	8	10	7	14	12	13	10	59	8	26	8	58	90	9	9	11	7	9	10	11	9	8	11	9	10	11	15	10	60	9	93	10	13	13	41	7	9	8	9	16	14	28	10	12	11	11	10	11	59	10	10	9	9	10	10	11	9	8	12	9	9	14	15	9	11	11	12	12	11	10	10	11	10	11	11	9	12	10	10	9	9	9	10	11	9	9	12	10	9	9	12	9	8	10	8	7	7	12	8	8	8	11	16	11	7	9	12	12	12	12
SHV-129	13	9	10	10	11	9	10	27	5	9	12	9	9	7	10	9	9	11	11	11	8	14	9	10	8	22	90	5	9	90	8	8	10	8	9	9	9	10	8	15	9	6	51	10	11	10	8	10	11	0	10	12	8	7	10	14	9	8	10	12	9	89	10	8	55	10	139	15	11	9	9	10	4	9	4	8	8	7	11	7	9	11	12	11	9	88	10	12	8	9	9	6	13	11	12	9	57	9	27	7	58	90	8	8	10	6	8	11	10	8	9	12	10	9	12	16	9	56	6	89	5	8	10	40	6	10	9	10	17	13	27	11	11	12	6	7	6	59	9	11	4	8	9	11	10	10	9	9	8	8	10	14	8	10	8	13	13	12	11	9	12	11	10	10	8	11	9	11	10	8	10	9	10	8	8	11	11	10	10	11	8	9	9	9	8	6	7	7	9	7	10	17	8	8	10	9	13	13	11
SHV-62	7	7	10	8	9	5	10	31	9	7	6	5	5	7	8	5	7	7	11	9	12	10	9	8	8	18	88	9	7	90	6	6	6	6	9	7	7	6	6	17	5	6	47	6	11	8	8	4	9	10	0	8	8	5	8	10	7	10	6	10	7	89	4	6	57	4	141	11	9	9	5	8	8	5	8	6	8	7	7	7	5	5	10	9	9	90	10	8	8	7	5	6	13	9	12	9	57	5	19	7	56	88	6	8	8	6	8	7	8	8	5	6	6	9	8	12	5	58	8	91	9	8	12	38	6	8	5	6	13	11	25	9	11	10	10	7	8	57	7	7	8	8	9	9	8	8	5	7	8	6	12	12	8	10	10	9	9	8	7	9	8	5	8	8	8	11	9	9	4	8	6	9	8	8	8	11	7	4	6	11	6	5	9	5	4	6	9	7	7	5	10	13	8	6	6	9	9	7	7
SHV-72	11	9	10	8	5	7	6	33	11	9	10	5	7	9	8	7	9	9	13	9	14	10	9	8	8	16	89	11	9	91	7	6	4	10	9	9	9	2	6	19	8	8	49	8	13	4	10	8	11	12	8	0	8	9	10	12	9	12	4	10	5	90	8	8	59	6	142	13	11	9	7	10	10	9	10	8	10	7	11	9	7	3	12	9	11	91	12	2	10	9	9	8	13	5	12	9	59	7	21	9	58	89	8	8	8	8	10	7	10	10	7	8	8	9	6	10	9	62	10	92	11	10	10	38	8	8	7	4	7	11	27	9	11	12	12	9	10	59	7	7	10	8	9	11	4	8	3	7	8	8	14	10	8	8	10	11	5	2	5	9	10	5	10	8	8	11	9	9	6	8	6	9	6	8	8	11	7	6	4	11	8	7	11	7	8	8	13	9	7	7	10	11	10	6	4	11	11	11	9
SHV-97	11	7	8	6	7	7	8	29	7	7	10	7	7	7	6	7	7	7	11	7	10	12	7	8	6	18	88	7	7	90	8	6	6	8	7	7	7	6	4	15	9	6	47	6	11	8	8	8	9	8	8	8	0	7	8	10	7	8	6	10	7	89	8	6	55	6	141	13	9	7	5	8	6	9	6	6	8	5	9	7	7	7	10	7	9	88	8	8	8	7	9	4	11	9	10	7	55	5	23	7	56	88	8	6	8	6	8	7	8	8	7	8	6	7	8	12	9	58	8	89	7	8	8	38	6	4	7	6	13	11	25	7	9	10	8	5	6	57	7	9	6	6	7	9	6	6	7	7	6	8	10	12	6	8	6	9	9	8	7	7	8	7	8	8	6	9	7	7	6	6	6	7	8	6	6	9	7	6	6	9	8	7	9	7	6	6	7	7	5	7	8	13	6	4	6	7	9	11	9
SHV-172	8	4	7	7	10	6	11	28	6	6	7	6	6	4	7	6	6	6	8	8	9	13	6	7	5	19	85	6	4	87	5	5	7	3	6	4	6	7	5	14	4	3	46	5	8	9	5	5	8	7	5	9	7	0	5	9	4	7	7	9	8	86	7	3	54	5	137	12	8	6	6	7	5	4	5	5	5	4	6	4	4	8	9	8	6	87	9	9	5	6	4	5	10	10	9	6	54	6	22	4	53	85	5	5	7	3	5	8	5	5	6	7	5	6	9	13	4	55	5	88	6	7	11	35	3	7	6	7	14	10	22	8	8	9	7	4	5	54	6	8	5	5	6	8	9	7	6	8	5	5	9	13	5	9	9	8	10	9	8	6	7	8	5	7	5	8	6	8	5	5	7	6	7	5	5	8	8	5	7	8	5	6	6	6	3	3	6	4	6	4	7	14	5	5	7	6	8	8	6
SHV-102	11	3	8	8	9	9	12	31	9	9	10	9	9	7	8	9	9	7	9	9	12	14	7	8	6	20	84	9	3	86	8	8	8	6	7	3	9	8	6	13	7	6	47	6	7	10	8	8	11	10	8	10	8	5	0	10	3	8	8	10	9	85	10	4	53	6	140	15	9	7	9	10	8	7	8	8	8	5	9	3	5	9	12	9	9	86	10	10	8	9	7	8	11	11	10	7	53	9	23	7	52	84	8	6	8	4	8	9	2	8	9	8	4	7	10	14	7	56	6	87	9	8	12	32	6	8	9	8	15	11	21	9	9	12	10	3	4	53	7	9	8	6	7	11	10	6	9	9	6	8	8	14	6	8	8	9	11	10	9	7	8	9	4	8	6	9	7	9	6	6	8	7	8	6	6	9	9	6	8	9	8	9	9	9	6	6	7	7	7	7	8	15	6	6	8	7	9	11	7
SHV-43	13	9	12	10	13	9	14	35	13	9	12	9	9	11	10	11	11	7	11	7	16	16	11	10	10	22	90	13	9	92	12	10	10	8	11	9	9	10	8	19	11	8	43	6	13	12	12	10	13	14	10	12	10	9	10	0	9	12	10	14	11	91	12	8	59	8	144	15	5	11	11	12	12	9	12	10	10	9	9	9	9	11	12	9	13	92	6	12	10	11	9	10	15	13	14	11	57	11	25	11	58	90	12	10	12	10	12	7	10	10	9	8	8	11	12	16	9	62	12	93	13	10	14	40	10	8	9	10	17	15	27	5	13	12	14	9	10	58	9	13	12	10	11	13	12	8	11	11	10	12	14	16	10	10	10	5	13	12	11	9	4	11	10	10	10	13	11	5	8	10	8	11	10	10	8	13	7	8	10	13	12	9	13	9	8	10	13	11	7	11	12	17	10	8	10	11	5	13	9
SHV-57	10	2	7	7	10	8	11	30	8	8	9	8	8	6	7	8	8	6	8	8	11	13	6	7	5	19	83	8	2	85	7	7	7	5	6	2	8	7	5	12	6	5	46	5	6	9	7	7	10	9	7	9	7	4	3	9	0	7	7	9	8	84	9	3	52	5	140	14	8	6	8	9	7	6	7	7	7	4	8	2	4	8	11	8	8	85	9	9	7	8	6	7	10	10	9	6	52	8	22	6	51	83	7	5	7	5	7	8	3	7	8	7	3	6	9	13	6	55	5	86	8	7	11	33	5	7	8	7	14	10	20	8	8	11	9	2	3	52	6	10	7	5	6	10	9	5	8	8	5	7	7	13	5	7	7	8	10	9	8	6	7	8	3	7	5	8	6	8	5	5	7	6	7	5	5	8	8	5	7	8	7	8	8	8	5	5	6	6	6	6	7	14	5	5	7	6	8	10	6
SHV-46	13	7	10	10	11	11	10	29	7	11	12	11	11	9	10	11	11	9	9	11	10	14	9	10	8	22	87	7	7	87	10	10	10	8	9	7	11	10	8	13	9	8	49	8	9	10	10	10	13	8	10	12	8	7	8	12	7	0	10	12	9	86	12	6	53	8	141	17	9	9	11	12	6	9	6	10	10	7	11	5	7	11	14	11	11	85	8	12	10	11	9	8	13	11	12	9	55	11	25	9	56	87	10	8	10	8	10	11	8	10	11	10	8	9	12	16	9	56	8	86	7	6	10	38	8	10	11	10	17	13	25	11	11	14	8	5	4	57	9	13	6	8	9	13	10	10	11	7	8	10	8	14	8	10	8	11	13	12	11	9	10	11	8	10	8	11	9	11	8	8	10	9	10	8	8	11	11	8	10	11	10	11	11	11	8	8	7	9	9	9	10	17	6	8	10	7	11	13	9
SHV-14	9	7	8	6	3	5	4	31	9	7	8	5	5	7	6	5	7	7	11	7	12	8	7	6	6	16	87	9	7	89	5	6	4	8	7	7	7	4	4	17	6	6	47	6	11	2	8	6	9	10	6	4	6	7	8	10	7	10	0	8	3	88	6	4	57	4	141	11	9	7	5	8	8	7	8	6	8	5	9	7	5	5	10	7	9	89	10	4	8	7	7	6	9	3	10	7	57	5	21	7	56	87	6	6	6	6	8	5	8	8	5	6	6	7	6	10	7	60	8	90	9	8	8	38	6	6	5	4	11	7	25	7	9	10	10	7	8	57	5	5	8	6	7	9	2	6	5	3	6	6	12	8	6	8	8	9	5	4	5	7	8	5	8	6	6	9	7	7	4	6	4	7	6	6	6	9	5	4	4	9	6	5	9	5	6	6	11	7	5	5	8	11	8	4	4	9	9	9	7
SHV-150	13	9	8	10	11	9	12	27	11	11	12	9	9	7	8	9	11	11	7	11	14	8	7	8	6	20	84	11	9	86	6	10	8	10	7	9	11	8	8	19	9	8	51	10	7	10	8	10	13	12	10	10	10	9	10	14	9	12	8	0	9	85	10	8	53	8	136	15	13	7	9	10	10	9	10	10	8	5	13	9	7	9	8	11	9	86	14	10	8	11	9	8	5	11	4	7	53	9	19	7	52	84	6	6	6	8	8	9	10	8	9	10	10	7	10	14	9	56	10	87	11	10	8	34	8	10	9	8	15	3	27	11	5	8	12	9	10	53	7	11	10	6	7	9	10	10	9	11	6	6	8	8	6	12	12	13	11	10	9	9	12	9	10	8	6	9	7	11	8	6	8	7	8	6	8	9	9	8	8	9	8	9	9	9	10	8	12	9	9	7	8	15	10	8	8	9	13	11	9
SHV-141	10	8	9	7	4	6	3	30	8	8	9	6	6	8	7	6	8	8	10	8	11	5	8	7	7	15	89	8	8	89	7	5	3	9	8	8	8	3	5	16	8	7	48	7	10	1	9	7	10	9	7	5	7	8	9	11	8	9	3	9	0	88	7	5	56	5	142	12	8	8	6	9	7	8	7	7	9	6	10	6	6	4	11	8	10	89	9	5	9	8	8	7	10	2	11	8	58	6	22	8	57	89	7	7	7	7	9	6	9	9	6	7	7	8	5	9	8	59	7	90	8	7	5	39	7	7	6	3	10	8	26	8	10	11	9	8	7	58	6	4	7	7	8	10	3	7	4	4	7	7	11	5	7	5	7	10	8	5	4	8	9	6	9	7	7	10	8	8	5	7	5	8	5	7	7	10	6	5	3	10	7	6	10	6	7	7	10	8	6	6	9	10	9	5	3	10	10	10	8
SHV-20	92	84	88	89	91	90	90	62	88	90	91	90	90	87	89	90	90	88	82	90	88	87	88	89	87	100	3	88	84	1	88	89	88	87	88	84	90	89	87	92	87	87	127	87	80	88	89	89	91	89	89	90	89	86	85	91	84	86	88	85	88	0	90	85	36	87	78	96	87	88	90	91	87	88	87	89	89	86	90	82	86	90	87	90	89	3	88	89	89	89	88	89	86	89	85	88	38	90	74	88	35	1	89	87	89	87	89	90	85	89	90	89	85	87	90	94	88	39	85	4	87	87	85	55	87	89	90	89	88	86	102	89	83	87	89	84	83	37	88	92	87	87	88	85	90	87	90	87	87	89	81	85	87	87	87	89	90	90	90	88	89	90	85	89	87	90	88	90	87	86	88	86	88	87	87	90	90	87	89	89	89	90	90	90	87	87	86	88	88	88	88	95	87	87	89	88	88	91	88
SHV-157	9	9	10	8	9	5	10	31	8	7	8	5	5	7	8	5	7	9	13	9	12	10	9	8	8	18	89	9	9	91	6	6	6	8	9	9	7	6	6	19	7	6	49	8	13	8	8	6	9	10	4	8	8	7	10	12	9	12	6	10	7	90	0	8	58	6	141	11	11	9	5	8	8	7	8	6	8	7	9	9	7	7	10	9	9	91	12	8	8	7	7	6	13	9	12	9	58	5	23	7	57	89	6	8	8	6	8	7	10	8	5	8	8	9	8	12	7	59	8	92	9	10	12	39	6	8	5	6	13	11	27	9	11	10	10	9	10	58	7	7	8	8	9	9	8	8	5	9	8	6	14	12	8	10	10	11	9	8	7	9	10	7	10	8	8	11	9	9	6	8	6	9	8	8	8	11	7	6	6	11	6	5	9	5	6	6	11	7	7	5	10	13	10	6	6	11	11	9	9
SHV-161	9	3	6	6	7	7	8	29	7	7	8	7	7	5	6	7	7	5	7	7	10	10	5	6	4	18	84	7	3	86	6	6	6	4	5	3	7	6	4	13	5	4	45	4	7	6	6	6	9	8	6	8	6	3	4	8	3	6	4	8	5	85	8	0	53	4	139	13	7	5	7	8	6	5	6	6	6	3	7	3	3	7	10	7	7	86	8	8	6	7	5	6	7	7	8	5	53	7	21	5	52	84	6	4	6	4	6	7	4	6	7	6	4	5	8	12	5	56	6	87	7	6	8	34	4	6	7	6	13	7	21	7	7	10	8	3	4	53	5	7	6	4	5	9	6	6	7	5	4	6	8	10	4	8	8	7	9	8	7	5	6	7	4	6	4	7	5	7	4	4	6	5	6	4	4	7	7	4	6	7	6	7	7	7	4	4	7	5	5	5	6	13	4	4	6	5	7	9	5
SHV-124	60	52	56	57	58	58	57	28	54	58	59	58	58	56	57	58	58	56	50	58	54	55	56	57	55	69	37	54	52	37	57	57	57	55	56	52	58	57	55	58	56	55	96	55	48	57	57	57	59	55	57	59	55	54	53	59	52	53	57	53	56	36	58	53	0	55	94	64	56	56	58	59	53	56	53	57	57	54	58	50	54	58	55	58	58	35	55	59	57	58	56	55	54	58	53	56	4	58	42	56	5	37	57	55	57	55	57	58	53	57	58	57	53	56	59	63	56	5	53	36	54	53	51	23	55	57	58	57	64	54	70	58	51	55	55	50	49	6	56	60	53	55	56	53	57	55	58	54	55	57	47	53	55	55	53	58	60	59	58	56	57	58	53	57	55	58	56	58	55	54	56	54	56	55	55	58	58	55	57	57	57	58	58	58	55	55	52	56	56	56	57	64	53	55	57	54	58	59	56
SHV-33	7	5	8	6	7	5	8	31	9	7	6	5	5	7	6	5	7	5	9	7	12	10	7	6	6	16	86	9	5	88	6	6	4	6	7	5	7	4	4	15	5	6	45	4	9	6	8	4	9	10	4	6	6	5	6	8	5	8	4	8	5	87	6	4	55	0	141	11	7	7	5	8	8	5	8	6	8	5	7	5	3	5	10	7	9	88	8	6	8	7	5	6	11	7	10	7	55	5	19	7	54	86	6	6	6	6	8	5	6	8	5	4	4	7	6	10	5	58	8	89	9	6	10	36	6	6	5	4	11	9	23	7	9	10	10	5	6	55	5	7	8	6	7	9	6	6	5	5	6	6	10	10	6	8	8	7	7	6	5	7	6	5	6	6	6	9	7	7	2	6	4	7	6	6	6	9	5	2	4	9	6	5	9	5	4	6	9	7	5	5	8	11	6	4	4	7	7	7	5
SHV-53	143	140	139	142	143	140	144	115	141	140	142	140	140	136	139	141	141	142	138	142	141	141	139	142	138	152	77	141	140	79	137	139	140	139	138	140	141	141	139	150	139	138	180	141	137	142	137	140	142	139	141	142	141	137	140	144	140	141	141	136	142	78	141	139	94	141	0	146	142	139	141	142	140	140	140	140	138	137	141	140	139	142	137	141	137	79	143	142	138	140	140	138	137	143	135	139	92	141	128	137	91	77	138	138	140	138	138	142	140	138	140	143	141	138	142	146	140	95	140	80	140	143	139	110	138	142	140	141	140	137	158	141	134	137	142	140	141	91	141	142	140	137	139	135	142	141	140	143	138	138	139	139	138	142	143	142	143	142	142	140	142	143	141	142	138	140	139	142	141	137	140	137	140	138	140	141	142	141	141	140	140	140	139	140	139	137	142	139	140	139	139	147	140	140	141	139	142	140	142
SHV-122	14	14	15	13	14	8	15	36	14	12	13	8	8	12	13	10	12	14	18	12	17	17	14	13	13	23	95	14	14	97	11	11	11	13	14	14	12	11	11	24	12	11	52	13	18	13	13	11	14	15	11	13	13	12	15	15	14	17	11	15	12	96	11	13	64	11	146	0	14	14	10	13	13	12	13	11	13	12	12	14	12	12	15	12	14	97	15	13	13	12	12	11	18	14	17	14	62	10	28	12	63	95	11	13	13	11	13	10	15	13	8	13	12	14	13	17	12	65	13	98	14	15	17	45	11	13	8	11	18	16	32	12	16	15	15	14	15	63	12	12	13	13	14	14	13	11	10	14	13	11	19	17	13	13	13	14	14	13	12	12	13	12	15	13	13	16	14	12	11	13	9	14	13	13	13	16	10	11	11	16	11	8	14	8	11	11	16	12	10	10	15	18	15	11	11	16	14	14	14
SHV-106	12	8	11	9	12	8	11	32	10	8	11	8	8	10	9	10	10	6	8	6	13	13	10	9	9	21	88	10	8	88	11	9	9	7	10	8	8	9	7	16	10	7	40	5	10	9	11	9	12	11	9	11	9	8	9	5	8	9	9	13	8	87	11	7	56	7	142	14	0	10	10	11	9	8	9	9	9	8	8	6	8	10	11	8	12	88	1	11	9	10	8	9	14	10	13	10	56	10	24	10	57	88	11	9	11	9	11	6	9	9	8	7	7	10	11	15	8	59	9	89	8	7	11	39	9	7	8	9	15	14	26	2	12	11	11	8	7	55	8	12	9	9	10	12	11	7	10	8	9	11	11	13	9	7	7	2	12	11	10	8	3	10	9	9	9	12	10	4	7	9	7	10	9	9	7	12	6	7	9	12	11	8	12	8	7	9	10	10	6	10	11	16	9	7	9	10	2	12	8
SHV-186	12	6	5	7	10	8	11	30	8	8	11	8	8	4	5	8	8	8	10	8	11	13	2	7	3	19	87	8	6	89	5	7	7	7	4	6	8	7	5	16	8	5	48	7	10	9	5	9	10	9	9	9	7	6	7	11	6	9	7	7	8	88	9	5	56	7	139	14	10	0	8	9	7	8	7	7	5	2	10	6	6	8	11	8	6	89	11	9	5	8	8	5	8	10	7	4	56	8	24	2	55	87	5	1	5	5	3	8	7	5	8	9	7	4	9	13	8	59	7	90	8	9	11	37	5	7	8	7	14	8	24	8	6	11	9	6	7	56	6	10	7	3	2	10	9	7	8	10	3	5	11	13	3	9	9	10	10	9	8	6	9	8	7	7	3	6	4	8	7	3	7	4	7	3	5	6	8	7	7	6	7	8	6	8	7	5	10	6	6	6	5	14	7	5	7	6	10	10	8
SHV-96	8	8	9	7	8	4	9	30	8	6	7	4	4	6	6	4	6	8	12	8	11	11	8	7	7	17	89	8	8	91	5	5	5	7	8	8	6	5	5	18	6	5	48	7	12	7	7	5	8	9	5	7	5	6	9	11	8	11	5	9	6	90	5	7	58	5	141	10	10	8	0	5	7	6	7	5	7	6	8	8	6	6	9	8	8	91	11	7	7	6	6	5	12	8	11	8	58	2	22	6	57	89	5	7	7	5	7	6	9	7	4	7	7	8	7	11	6	59	7	92	8	9	11	39	5	5	4	5	12	10	26	8	10	9	9	8	9	58	6	6	7	7	8	8	7	7	4	8	7	5	13	11	7	9	9	8	8	7	6	8	9	6	9	7	7	10	8	8	5	7	5	8	7	7	7	10	6	5	5	10	5	4	8	4	5	5	8	6	6	4	9	12	9	5	5	10	10	8	8
SHV-93	11	9	10	10	11	7	10	31	9	7	10	7	7	7	10	7	9	9	11	11	12	14	9	4	8	20	90	9	9	92	6	8	8	6	9	9	7	8	8	19	7	4	49	8	13	10	8	8	11	10	8	10	8	7	10	12	9	12	8	10	9	91	8	8	59	8	142	13	11	9	5	0	8	5	8	8	6	7	11	9	7	9	10	11	9	92	12	10	6	9	5	8	13	11	12	9	59	5	25	7	58	90	6	8	8	6	8	7	10	6	7	8	10	9	10	14	3	60	8	93	9	6	14	40	6	8	7	8	15	11	27	9	11	10	10	9	10	59	3	9	8	8	9	11	10	10	7	11	8	6	14	14	8	12	12	11	11	10	9	9	10	9	10	4	8	11	9	9	8	8	8	9	6	8	6	11	7	8	8	11	6	7	9	7	8	6	9	7	9	5	10	15	10	8	8	11	11	11	5
SHV-66	11	7	8	8	9	7	8	25	3	7	10	7	7	5	8	7	7	9	9	9	6	12	7	8	6	20	88	3	7	88	6	6	8	6	7	7	7	8	6	13	7	4	49	8	9	8	6	8	9	4	8	10	6	5	8	12	7	6	8	10	7	87	8	6	53	8	140	13	9	7	7	8	0	7	2	6	6	5	9	5	7	9	10	9	7	86	8	10	6	7	7	4	11	9	10	7	55	7	25	5	56	88	6	6	8	4	6	9	8	6	7	10	8	7	10	14	7	54	4	87	3	6	8	38	4	8	7	8	15	11	25	9	9	10	4	5	4	57	7	9	2	6	7	9	8	8	7	7	6	6	8	12	6	8	6	11	11	10	9	7	10	9	8	8	6	9	7	9	8	6	8	7	8	6	6	9	9	8	8	9	6	7	7	7	6	4	5	5	7	5	8	15	6	6	8	7	11	11	9
SHV-77	8	6	9	9	10	6	11	30	8	6	7	6	6	6	9	6	8	6	8	10	11	13	8	5	7	19	87	8	6	89	5	7	7	3	8	6	6	7	7	16	4	3	46	5	10	9	7	5	10	9	5	9	9	4	7	9	6	9	7	9	8	88	7	5	56	5	140	12	8	8	6	5	7	0	7	7	5	6	8	6	4	8	9	10	8	89	9	9	5	8	2	7	12	10	11	8	56	6	22	6	55	87	5	7	7	5	7	6	7	5	6	5	7	8	9	13	2	57	7	90	8	5	13	37	5	9	6	7	14	10	24	8	10	9	9	6	7	56	4	8	7	7	8	10	9	9	6	8	7	5	11	13	7	11	11	8	10	9	8	8	7	8	7	5	7	10	8	8	5	7	7	8	5	7	5	10	6	5	7	10	5	6	8	6	5	5	8	6	8	4	9	14	7	7	7	8	8	8	4
SHV-134	11	7	8	8	9	7	8	25	3	7	10	7	7	5	8	7	7	9	9	9	6	12	7	8	6	20	88	3	7	88	6	6	8	6	7	7	7	8	6	13	7	4	49	8	9	8	6	8	9	4	8	10	6	5	8	12	7	6	8	10	7	87	8	6	53	8	140	13	9	7	7	8	2	7	0	6	6	5	9	5	7	9	10	9	7	86	8	10	6	7	7	4	11	9	10	7	55	7	25	5	56	88	6	6	8	4	6	9	8	6	7	10	8	7	10	14	7	54	4	87	3	6	8	38	4	8	7	8	15	11	25	9	9	10	4	5	4	57	7	9	2	6	7	9	8	8	7	7	6	6	8	12	6	8	6	11	11	10	9	7	10	9	8	8	6	9	7	9	8	6	8	7	8	6	6	9	9	8	8	9	6	7	7	7	6	4	5	5	7	5	8	15	6	6	8	7	11	11	9
SHV-25	7	7	8	4	9	5	10	29	7	5	8	5	3	5	6	5	1	7	11	7	10	12	7	8	6	18	88	7	7	90	6	4	6	6	7	7	5	6	4	17	7	4	47	6	11	8	4	6	3	8	6	8	6	5	8	10	7	10	6	10	7	89	6	6	57	6	140	11	9	7	5	8	6	7	6	0	6	5	5	7	7	7	8	7	7	90	10	8	6	5	7	4	11	9	10	7	57	5	23	5	56	88	6	6	8	4	6	7	8	6	5	8	6	7	8	12	7	58	6	91	7	10	10	38	4	6	5	6	13	11	25	7	9	8	8	7	8	57	7	7	6	6	7	7	8	6	5	9	6	6	11	12	6	8	8	9	9	8	7	7	8	7	8	8	6	9	7	7	6	6	6	7	8	6	6	9	7	6	6	9	6	5	7	5	4	4	9	5	5	5	8	13	8	4	6	9	9	9	9
SHV-74	11	7	6	8	11	7	12	29	7	5	10	7	7	3	6	7	7	7	9	9	10	14	5	6	4	20	88	7	7	90	4	6	8	4	5	7	5	8	6	17	7	2	47	6	11	10	4	8	9	8	8	10	8	5	8	10	7	10	8	8	9	89	8	6	57	8	138	13	9	5	7	6	6	5	6	6	0	3	9	7	7	9	8	9	5	90	10	10	2	7	5	4	9	11	8	5	57	7	25	3	56	88	4	4	6	4	4	7	8	2	7	8	8	5	10	14	5	58	6	91	7	8	12	38	4	8	7	8	15	9	25	7	7	8	8	7	8	57	5	9	6	4	5	9	10	8	7	11	4	4	12	14	4	10	10	9	11	10	9	7	8	9	8	6	4	7	5	7	8	4	8	5	6	4	4	7	7	8	8	7	6	7	5	7	6	4	9	5	7	5	6	15	8	6	8	7	9	9	7
SHV-1	10	4	3	5	8	6	9	28	6	6	9	6	6	2	3	6	6	6	8	6	9	11	2	5	1	17	85	6	4	87	3	5	5	5	2	4	6	5	3	14	6	3	46	5	8	7	3	7	8	7	7	7	5	4	5	9	4	7	5	5	6	86	7	3	54	5	137	12	8	2	6	7	5	6	5	5	3	0	8	4	4	6	9	6	4	87	9	7	3	6	6	3	6	8	5	2	54	6	22	2	53	85	3	1	3	3	3	6	5	3	6	7	5	2	7	11	6	57	5	88	6	7	9	35	3	5	6	5	12	6	22	6	4	9	7	4	5	54	4	8	5	1	2	8	7	5	6	8	1	3	9	11	1	7	7	8	8	7	6	4	7	6	5	5	1	4	2	6	5	1	5	2	5	1	3	4	6	5	5	4	5	6	4	6	5	3	8	4	4	4	3	12	5	3	5	4	8	8	6
SHV-76	8	8	11	9	12	6	13	32	10	8	9	6	6	8	9	8	6	8	12	8	13	15	10	11	9	21	89	10	8	91	9	7	9	7	10	8	8	9	7	18	8	7	46	7	12	11	7	7	8	11	7	11	9	6	9	9	8	11	9	13	10	90	9	7	58	7	141	12	8	10	8	11	9	8	9	5	9	8	0	8	8	10	11	8	10	91	9	11	9	8	8	7	14	12	13	10	56	8	24	8	57	89	9	9	11	7	9	8	9	9	6	9	7	10	11	15	8	59	9	92	10	11	13	39	7	9	6	9	16	14	26	8	12	11	11	8	9	57	10	10	9	9	10	10	11	7	8	10	9	9	12	15	9	9	9	8	12	11	10	8	7	10	9	11	9	12	10	8	7	9	7	10	11	9	9	12	8	7	9	12	9	6	8	6	5	7	10	8	6	8	11	16	9	7	9	10	8	10	10
SHV-2	10	2	7	7	10	8	9	28	6	8	9	8	8	6	7	8	8	6	6	8	9	11	6	7	5	19	83	6	2	83	7	7	7	5	6	2	8	7	5	10	6	5	46	5	4	7	7	7	10	7	7	9	7	4	3	9	2	5	7	9	6	82	9	3	50	5	140	14	6	6	8	9	5	6	5	7	7	4	8	0	4	8	11	8	8	83	7	9	7	8	6	7	10	8	9	6	52	8	22	6	51	83	7	5	7	5	7	8	3	7	8	7	3	6	9	13	6	53	3	84	6	5	9	33	5	7	8	7	14	10	20	8	8	11	7	2	1	52	6	10	5	5	6	10	9	5	8	6	5	7	5	11	5	5	5	8	10	9	8	6	7	8	3	7	5	8	6	8	5	5	7	6	7	5	5	8	8	5	7	8	7	8	8	8	5	5	4	6	6	6	7	14	5	5	7	6	8	10	6
SHV-103	8	4	7	7	8	6	9	30	8	8	7	6	6	6	7	6	8	6	8	8	11	11	6	5	5	17	85	8	4	87	5	7	5	5	6	4	8	5	5	14	4	5	46	5	8	7	7	5	10	9	5	7	7	4	5	9	4	7	5	7	6	86	7	3	54	3	139	12	8	6	6	7	7	4	7	7	7	4	8	4	0	6	11	8	8	87	9	7	7	8	4	7	10	8	9	6	54	6	20	6	53	85	5	5	5	5	7	6	5	7	6	5	5	6	7	11	4	57	7	88	8	5	11	35	5	7	6	5	12	8	22	8	8	11	9	4	5	54	4	8	7	5	6	10	7	7	6	6	5	5	9	11	5	9	9	8	8	7	6	6	7	6	5	5	5	8	6	8	3	5	5	6	5	5	5	8	6	3	5	8	5	6	8	6	5	5	8	6	6	4	7	12	5	5	5	6	8	8	4
SHV-71	10	8	9	7	6	6	7	32	10	8	9	6	6	8	7	6	8	8	12	8	13	9	8	7	7	15	89	10	8	91	7	5	3	9	8	8	8	1	5	18	8	7	48	7	12	5	9	7	10	11	5	3	7	8	9	11	8	11	5	9	4	90	7	7	58	5	142	12	10	8	6	9	9	8	9	7	9	6	10	8	6	0	11	8	10	91	11	3	9	8	8	7	12	6	11	8	58	6	18	8	57	89	7	7	7	7	9	6	9	9	6	7	7	8	5	9	8	61	9	92	10	9	9	39	7	7	6	3	8	10	26	8	10	11	11	8	9	58	6	6	9	7	8	10	5	7	2	8	7	7	13	9	7	7	9	10	6	3	4	8	9	2	9	7	7	10	8	8	5	7	5	8	5	7	7	10	6	5	3	10	7	6	10	6	7	7	12	8	6	6	9	10	9	5	3	10	10	10	8
SHV-158	13	11	12	10	13	9	14	27	11	5	12	9	9	9	10	9	9	9	7	11	14	10	11	10	10	22	86	11	11	88	10	8	10	8	11	11	7	10	8	21	11	6	49	8	9	12	10	10	11	12	10	12	10	9	12	12	11	14	10	8	11	87	10	10	55	10	137	15	11	11	9	10	10	9	10	8	8	9	11	11	11	11	0	11	11	88	12	12	8	9	9	8	9	13	8	11	55	9	21	9	54	86	10	10	12	8	10	9	12	8	9	10	10	11	12	16	9	56	10	89	11	12	8	36	8	10	9	10	17	9	29	9	9	2	12	11	12	55	9	11	10	10	11	5	12	10	9	13	10	10	10	10	10	12	12	11	13	12	11	11	10	11	12	10	10	13	11	9	10	10	10	11	10	10	8	13	9	10	10	13	10	9	11	9	8	8	13	9	9	9	12	17	12	8	10	13	11	13	11
SHV-59	12	8	9	5	10	6	11	32	10	8	11	6	6	8	7	8	8	8	12	4	13	13	8	9	7	19	89	10	8	91	9	7	7	9	8	8	8	7	5	18	10	7	46	7	12	9	9	9	10	11	9	9	7	8	9	9	8	11	7	11	8	90	9	7	58	7	141	12	8	8	8	11	9	10	9	7	9	6	8	8	8	8	11	0	10	91	9	9	9	8	10	7	12	10	11	6	56	8	24	8	57	89	9	7	9	7	9	6	9	9	6	9	7	8	9	13	10	61	9	92	10	11	11	39	7	7	6	7	14	12	26	6	10	11	11	8	9	57	8	10	9	7	8	10	9	5	8	10	7	9	13	13	7	7	7	8	10	9	8	6	7	8	9	9	7	10	8	6	7	7	5	8	9	7	7	10	6	7	7	10	9	6	10	6	7	7	12	8	4	8	9	14	9	5	7	8	8	12	10
SHV-109	12	8	7	9	12	8	13	30	8	8	11	8	8	2	7	8	8	10	12	10	11	15	6	9	5	21	88	8	8	90	5	7	9	7	6	8	8	9	7	17	8	5	50	9	12	11	5	9	10	9	9	11	9	6	9	13	8	11	9	9	10	89	9	7	58	9	137	14	12	6	8	9	7	8	7	7	5	4	10	8	8	10	11	10	0	90	13	11	5	8	8	5	10	12	9	6	58	8	26	4	57	88	5	5	7	5	5	10	9	5	8	11	9	6	11	15	8	59	7	91	8	11	13	39	5	9	8	9	16	10	26	10	8	11	9	8	9	58	8	10	7	5	6	10	11	9	8	12	5	5	13	15	5	11	11	12	12	11	10	8	11	10	9	9	5	8	6	10	9	5	9	6	9	5	7	8	10	9	9	8	7	8	6	8	7	5	10	6	8	6	7	16	9	7	9	8	12	10	10
SHV-22	93	85	89	90	90	91	89	61	87	91	92	91	91	88	90	91	91	89	83	91	87	88	89	90	88	101	4	87	85	4	89	90	89	88	89	85	91	90	88	91	88	88	128	88	81	89	90	90	91	88	90	91	88	87	86	92	85	85	89	86	89	3	91	86	35	88	79	97	88	89	91	92	86	89	86	90	90	87	91	83	87	91	88	91	90	0	87	90	90	90	89	88	87	90	86	89	37	91	75	89	36	4	90	88	90	88	90	91	86	90	91	90	86	88	91	95	89	38	86	3	86	86	84	56	88	90	91	90	89	87	103	90	84	88	88	83	82	38	89	93	86	88	89	86	89	88	91	86	88	90	80	86	88	88	86	90	91	91	91	89	90	91	86	90	88	91	89	91	88	87	89	87	89	88	88	91	91	88	90	90	90	91	91	91	88	88	85	89	89	89	89	96	86	88	90	87	89	92	89
SHV-55	13	9	12	10	11	9	10	31	9	9	12	9	9	11	10	11	11	7	9	7	12	14	11	10	10	22	89	9	9	89	12	10	10	8	11	9	9	10	8	15	11	8	41	6	11	10	12	10	13	10	10	12	8	9	10	6	9	8	10	14	9	88	12	8	55	8	143	15	1	11	11	12	8	9	8	10	10	9	9	7	9	11	12	9	13	87	0	12	10	11	9	8	15	11	14	11	55	11	25	11	58	89	12	10	12	10	12	7	10	10	9	8	8	11	12	16	9	58	10	88	7	6	10	40	10	8	9	10	16	15	27	3	13	12	10	7	6	56	9	13	8	10	11	13	10	8	11	7	10	12	10	14	10	8	6	3	13	12	11	9	4	11	10	10	10	13	11	5	8	10	8	11	10	10	8	13	7	8	10	13	12	9	13	9	8	10	9	11	7	11	12	17	8	8	10	9	3	13	9
SHV-168	11	9	10	8	5	7	6	33	11	9	10	7	7	9	8	7	9	9	13	9	14	10	9	8	8	16	88	11	9	90	7	6	4	10	9	9	9	2	6	19	8	8	49	8	13	4	10	8	11	12	8	2	8	9	10	12	9	12	4	10	5	89	8	8	59	6	142	13	11	9	7	10	10	9	10	8	10	7	11	9	7	3	12	9	11	90	12	0	10	9	9	8	13	5	12	9	59	7	21	9	58	88	8	8	8	8	10	7	10	10	7	8	8	9	6	10	9	62	10	91	11	10	10	40	8	8	7	4	9	11	27	9	11	12	12	9	10	59	7	7	10	8	9	11	4	8	3	7	8	8	14	10	8	8	10	11	3	2	5	9	10	5	10	8	8	11	9	9	6	8	6	9	6	8	8	11	7	6	4	11	8	7	11	7	8	8	13	9	7	7	10	11	10	6	4	11	11	11	9
SHV-173	11	7	6	8	11	7	12	29	7	5	10	7	7	3	6	7	7	7	9	9	10	14	5	6	4	20	88	7	7	90	4	6	8	4	5	7	5	8	6	17	7	2	47	6	11	10	4	8	9	8	8	10	8	5	8	10	7	10	8	8	9	89	8	6	57	8	138	13	9	5	7	6	6	5	6	6	2	3	9	7	7	9	8	9	5	90	10	10	0	7	5	4	9	11	8	5	57	7	25	3	56	88	4	4	6	4	4	7	8	2	7	8	8	5	10	14	5	58	6	91	7	8	12	38	4	8	7	8	15	9	25	7	7	8	8	7	8	57	5	9	6	4	5	9	10	8	7	11	4	4	12	14	4	10	10	9	11	10	9	7	8	9	8	6	4	7	5	7	8	4	8	5	6	4	4	7	7	8	8	6	6	7	5	7	6	4	9	5	7	5	6	15	8	6	8	7	9	9	7
SHV-119	10	8	9	7	10	6	11	30	8	6	9	6	6	6	7	6	6	8	12	8	11	13	8	9	7	19	88	8	8	90	7	5	7	7	8	8	6	7	5	18	8	5	48	7	12	9	7	7	8	9	7	9	7	6	9	11	8	11	7	11	8	89	7	7	58	7	140	12	10	8	6	9	7	8	7	5	7	6	8	8	8	8	9	8	8	90	11	9	7	0	8	5	12	10	11	8	58	6	24	6	57	88	7	7	9	5	7	8	9	7	6	9	7	8	9	13	8	59	7	91	8	11	11	39	5	7	6	7	12	12	26	8	10	9	9	8	9	58	8	8	7	7	8	8	9	7	6	10	7	7	13	13	7	9	9	10	10	9	8	8	9	8	9	9	7	10	8	8	7	7	7	8	9	7	7	10	8	7	7	10	7	6	8	6	5	5	10	6	6	6	9	14	9	5	7	10	10	10	10
SHV-81	8	6	9	9	10	6	11	30	8	6	7	6	6	6	9	6	8	6	8	10	11	13	8	5	7	19	87	8	6	89	5	7	7	3	8	6	6	7	7	16	4	3	46	5	10	9	7	5	10	9	5	9	9	4	7	9	6	9	7	9	8	88	7	5	56	5	140	12	8	8	6	5	7	2	7	7	5	6	8	6	4	8	9	10	8	89	9	9	5	8	0	7	12	10	11	8	56	6	22	6	55	87	5	7	7	5	7	6	7	5	6	5	7	8	9	13	2	57	7	90	8	5	13	37	5	9	6	7	14	10	24	8	10	9	9	6	7	56	4	8	7	7	8	10	9	9	6	8	7	5	11	13	7	11	11	8	10	9	8	8	7	8	7	5	7	10	8	8	5	7	7	8	5	7	5	10	6	5	7	10	5	6	8	6	5	5	8	6	8	4	9	14	7	7	7	8	8	8	4
SHV-31	9	7	6	6	7	5	8	27	5	5	8	5	5	3	4	5	5	7	11	7	8	12	5	8	4	18	88	5	7	90	4	4	6	6	5	7	5	6	4	15	7	4	47	6	11	8	4	6	7	6	6	8	4	5	8	10	7	8	6	8	7	89	6	6	55	6	138	11	9	5	5	8	4	7	4	4	4	3	7	7	7	7	8	7	5	88	8	8	4	5	7	0	9	9	8	5	55	5	23	3	56	88	4	4	6	4	4	7	8	4	5	8	6	5	8	12	7	56	6	89	5	8	8	38	4	6	5	6	13	9	25	7	7	8	6	5	6	57	7	7	4	4	5	7	6	6	5	7	4	4	10	12	4	8	6	9	9	8	7	7	8	7	8	8	4	7	5	7	6	4	6	5	8	4	6	7	7	6	6	7	6	5	5	5	4	4	7	5	5	5	6	13	6	4	6	5	9	7	9
SHV-149	16	10	9	11	12	12	13	28	12	12	15	12	12	8	9	12	12	12	8	12	15	9	8	11	7	23	85	12	10	87	9	11	11	11	8	10	12	11	9	20	12	9	52	11	8	11	9	13	14	13	13	13	11	10	11	15	10	13	9	5	10	86	13	7	54	11	137	18	14	8	12	13	11	12	11	11	9	6	14	10	10	12	9	12	10	87	15	13	9	12	12	9	0	12	5	8	54	12	22	8	53	85	9	7	9	9	9	12	11	9	12	13	11	8	13	17	12	57	11	88	12	13	7	35	9	11	12	11	18	4	28	12	6	9	13	10	11	54	10	12	11	7	8	10	11	11	12	12	7	9	9	9	7	13	13	14	14	13	12	10	13	12	11	11	7	10	8	12	11	7	11	8	11	7	9	10	12	11	11	10	11	12	10	12	11	9	14	10	10	10	9	18	11	9	11	10	14	14	12
SHV-34	12	10	11	9	4	8	3	32	10	10	11	8	8	10	9	8	10	10	12	10	13	7	10	9	9	17	90	10	10	90	8	7	5	11	10	10	10	5	7	18	9	9	50	9	12	1	11	9	12	11	9	5	9	10	11	13	10	11	3	11	2	89	9	7	58	7	143	14	10	10	8	11	9	10	9	9	11	8	12	8	8	6	13	10	12	90	11	5	11	10	10	9	12	0	13	10	60	8	24	10	59	90	9	9	9	9	11	8	11	11	8	9	9	10	7	11	10	61	9	91	10	9	7	41	9	9	8	5	12	10	28	10	12	13	11	10	9	60	8	6	9	9	10	12	3	9	6	4	9	9	13	7	9	7	9	12	8	5	6	10	11	8	11	9	9	12	10	10	7	9	7	10	7	9	9	12	8	7	5	12	9	8	12	8	9	9	12	10	8	8	11	12	11	7	5	12	12	12	10
SHV-147	15	9	8	10	13	11	14	27	11	11	14	11	11	7	8	11	11	11	7	11	14	10	7	10	6	22	84	11	9	86	8	10	10	10	7	9	11	10	8	19	11	8	51	10	7	12	8	12	13	12	12	12	10	9	10	14	9	12	10	4	11	85	12	8	53	10	135	17	13	7	11	12	10	11	10	10	8	5	13	9	9	11	8	11	9	86	14	12	8	11	11	8	5	13	0	7	53	11	21	7	52	84	8	6	8	8	8	11	10	8	11	12	10	7	12	16	11	56	10	87	11	12	8	34	8	10	11	10	17	5	27	11	5	8	12	9	10	53	9	13	10	6	7	9	12	10	11	13	6	8	8	10	6	12	12	13	13	12	11	9	12	11	10	10	6	9	7	11	10	6	10	7	10	6	8	9	11	10	10	9	10	11	9	11	10	8	13	9	9	9	8	17	10	8	10	9	13	13	11
SHV-65	12	6	5	5	10	8	11	30	8	8	11	8	8	4	5	8	8	8	10	6	11	13	4	7	3	19	87	8	6	89	5	7	7	7	4	6	8	7	5	16	8	5	48	7	10	9	5	9	10	9	9	9	7	6	7	11	6	9	7	7	8	88	9	5	56	7	139	14	10	4	8	9	7	8	7	7	5	2	10	6	6	8	11	6	6	89	11	9	5	8	8	5	8	10	7	0	56	8	24	4	55	87	5	3	5	5	5	8	7	5	8	9	7	4	9	13	8	59	7	90	8	9	11	37	5	7	8	7	14	8	24	8	6	11	9	6	7	56	6	10	7	3	4	10	9	7	8	10	3	5	11	13	3	9	9	10	10	9	8	6	9	8	7	7	3	6	4	8	7	3	7	4	7	3	5	6	8	7	7	6	7	8	6	8	7	5	10	6	6	6	5	14	7	5	7	4	10	10	8
SHV-126	60	52	56	57	58	56	59	30	56	58	59	56	56	56	57	58	58	56	52	56	56	57	56	57	55	69	37	56	52	39	57	57	57	55	56	52	58	57	55	60	56	55	94	55	50	59	57	57	59	57	57	59	55	54	53	57	52	55	57	53	58	38	58	53	4	55	92	62	56	56	58	59	55	56	55	57	57	54	56	52	54	58	55	56	58	37	55	59	57	58	56	55	54	60	53	56	0	58	42	56	5	37	57	55	57	55	57	56	53	57	56	57	53	56	59	63	56	7	55	38	56	55	53	23	55	57	56	57	64	54	70	56	51	55	57	50	51	5	56	60	55	55	56	53	57	53	58	56	55	57	49	55	55	55	53	56	60	59	58	54	55	58	53	57	55	58	56	56	55	54	54	54	56	55	55	58	56	55	57	57	57	56	58	56	55	55	54	56	54	56	57	64	53	55	57	54	56	59	56
SHV-94	8	8	9	7	8	4	9	30	8	6	7	4	4	6	7	4	6	8	12	8	11	11	8	7	7	17	89	8	8	91	5	5	5	7	8	8	6	5	5	18	6	5	48	7	12	7	7	5	8	9	5	7	5	6	9	11	8	11	5	9	6	90	5	7	58	5	141	10	10	8	2	5	7	6	7	5	7	6	8	8	6	6	9	8	8	91	11	7	7	6	6	5	12	8	11	8	58	0	22	6	57	89	5	7	7	5	7	6	9	7	4	7	7	8	7	11	6	59	7	92	8	9	11	39	5	5	4	5	12	10	26	8	10	9	9	8	9	58	6	6	7	7	8	8	7	7	4	8	7	5	13	11	7	9	9	10	8	7	6	8	9	6	9	7	7	10	8	8	5	7	5	8	7	7	7	10	6	3	5	10	5	4	8	4	5	5	8	6	6	4	9	12	9	5	5	10	10	8	8
SHV-167	24	22	25	23	24	22	25	18	26	24	23	22	22	24	23	22	24	22	20	24	29	21	24	23	23	33	73	26	22	75	23	23	21	23	24	22	24	19	21	32	22	23	62	21	20	23	25	21	26	27	19	21	23	22	23	25	22	25	21	19	22	74	23	21	42	19	128	28	24	24	22	25	25	22	25	23	25	22	24	22	20	18	21	24	26	75	25	21	25	24	22	23	22	24	21	24	42	22	0	24	41	73	23	23	23	23	25	22	23	25	22	21	21	24	23	27	22	45	25	76	26	23	21	23	23	23	22	21	26	20	40	24	19	21	27	22	23	42	22	24	25	23	24	19	23	23	20	22	23	23	21	19	23	25	25	24	22	21	22	24	23	16	23	23	23	26	24	24	19	23	21	24	23	23	23	26	22	19	21	26	23	22	26	22	21	23	26	24	22	22	25	28	23	21	21	24	24	24	22
SHV-60	10	6	5	7	10	6	11	28	6	6	9	6	6	2	5	6	6	8	10	8	9	13	2	7	3	19	87	6	6	89	3	5	7	5	4	6	6	7	5	16	6	3	48	7	10	9	3	7	8	7	7	9	7	4	7	11	6	9	7	7	8	88	7	5	56	7	137	12	10	2	6	7	5	6	5	5	3	2	8	6	6	8	9	8	4	89	11	9	3	6	6	3	8	10	7	4	56	6	24	0	55	87	3	1	5	3	1	8	7	3	6	9	7	4	9	13	6	57	5	90	6	9	11	37	3	7	6	7	14	8	24	8	6	9	7	6	7	56	6	8	5	3	2	8	9	7	6	10	3	3	11	13	3	9	9	10	10	9	8	6	9	8	7	7	3	6	4	8	7	3	7	4	7	3	5	6	8	7	7	6	5	6	4	6	5	3	8	4	6	4	5	14	7	5	7	6	10	8	8
SHV-125	59	51	55	56	59	57	60	31	57	57	58	57	57	55	56	57	57	55	51	57	57	56	55	56	54	68	34	57	51	36	56	56	56	54	55	51	57	56	54	61	55	54	95	54	49	58	56	56	58	58	56	58	56	53	52	58	51	56	56	52	57	35	57	52	5	54	91	63	57	55	57	58	56	55	56	56	56	53	57	51	53	57	54	57	57	36	58	58	56	57	55	56	53	59	52	55	5	57	41	55	0	34	56	54	56	54	56	57	52	56	57	56	52	55	58	62	55	8	54	37	57	56	54	22	54	56	57	56	63	53	69	57	50	54	58	51	52	5	55	59	56	54	55	52	58	54	57	57	54	56	50	54	54	56	56	57	59	58	57	55	56	57	52	56	54	57	55	57	54	53	55	53	55	54	54	57	57	54	56	56	56	57	57	57	54	54	55	55	55	55	54	63	54	54	56	55	57	58	55
SHV-19	91	83	87	88	90	89	91	63	89	89	90	89	89	86	88	89	89	87	83	89	89	88	87	88	86	99	2	89	83	2	87	88	87	86	87	83	89	88	86	93	86	86	126	86	81	89	88	88	90	90	88	89	88	85	84	90	83	87	87	84	89	1	89	84	37	86	77	95	88	87	89	90	88	87	88	88	88	85	89	83	85	89	86	89	88	4	89	88	88	88	87	88	85	90	84	87	37	89	73	87	34	0	88	86	88	86	88	89	84	88	89	88	84	86	89	93	87	40	86	5	88	88	86	54	86	88	89	88	87	85	101	88	82	86	90	83	84	36	87	91	88	86	87	84	89	86	89	88	86	88	82	86	86	88	88	88	89	89	89	87	88	89	84	88	86	89	87	89	86	85	87	85	87	86	86	89	89	86	88	88	88	89	89	89	86	86	87	87	87	87	87	94	86	86	88	87	87	90	87
SHV-80	9	7	6	8	9	5	10	29	7	7	8	5	5	3	6	5	7	9	11	9	10	12	5	6	4	18	88	7	7	90	2	6	6	6	5	7	7	6	6	17	5	4	49	8	11	8	4	6	9	8	6	8	8	5	8	12	7	10	6	6	7	89	6	6	57	6	138	11	11	5	5	6	6	5	6	6	4	3	9	7	5	7	10	9	5	90	12	8	4	7	5	4	9	9	8	5	57	5	23	3	56	88	0	4	4	4	4	7	8	4	5	8	8	5	8	12	5	58	6	91	7	8	12	38	4	8	5	6	13	7	25	9	7	10	8	7	8	57	5	7	6	4	5	9	8	8	5	9	4	2	12	12	4	10	10	11	9	8	7	7	10	7	8	6	4	7	5	9	6	4	6	5	6	4	6	7	7	6	6	7	4	5	5	5	6	4	9	5	7	3	6	13	8	6	6	7	11	7	7
SHV-26	11	5	4	6	9	7	10	29	7	7	10	7	7	3	4	7	7	7	9	7	10	12	1	6	2	18	86	7	5	88	4	6	6	6	3	5	7	6	4	15	7	4	47	6	9	8	4	8	9	8	8	8	6	5	6	10	5	8	6	6	7	87	8	4	55	6	138	13	9	1	7	8	6	7	6	6	4	1	9	5	5	7	10	7	5	88	10	8	4	7	7	4	7	9	6	3	55	7	23	1	54	86	4	0	4	4	2	7	6	4	7	8	6	3	8	12	7	58	6	89	7	8	10	36	4	6	7	6	13	7	23	7	5	10	8	5	6	55	5	9	6	2	1	9	8	6	7	9	2	4	10	12	2	8	8	9	9	8	7	5	8	7	6	6	2	5	3	7	6	2	6	3	6	2	4	5	7	6	6	5	6	7	5	7	6	4	9	5	5	5	4	13	6	4	6	5	9	9	7
SHV-63	11	7	6	8	9	7	10	31	9	9	10	7	7	5	6	7	9	9	11	9	12	12	5	6	4	18	88	9	7	90	4	8	6	8	5	7	9	6	6	17	7	6	49	8	11	8	6	8	11	10	8	8	8	7	8	12	7	10	6	6	7	89	8	6	57	6	140	13	11	5	7	8	8	7	8	8	6	3	11	7	5	7	12	9	7	90	12	8	6	9	7	6	9	9	8	5	57	7	23	5	56	88	4	4	0	6	6	7	8	6	7	8	8	5	8	12	7	60	8	91	9	8	12	38	6	8	7	6	13	7	25	9	7	12	10	7	8	57	5	9	8	4	5	11	8	8	7	9	4	4	12	12	4	10	10	11	9	8	7	7	10	7	8	6	2	7	5	9	6	4	6	5	6	4	6	7	7	6	6	7	6	7	7	7	8	6	11	7	7	5	6	13	8	6	6	7	11	9	7
SHV-13	9	5	6	6	7	5	10	27	5	5	8	5	5	3	6	5	5	7	9	7	8	12	5	6	4	18	86	5	5	88	4	4	6	4	5	5	5	6	4	15	5	2	47	6	9	8	4	6	7	6	6	8	6	3	4	10	5	8	6	8	7	87	6	4	55	6	138	11	9	5	5	6	4	5	4	4	4	3	7	5	5	7	8	7	5	88	10	8	4	5	5	4	9	9	8	5	55	5	23	3	54	86	4	4	6	0	4	7	6	4	5	8	6	5	8	12	5	56	4	89	5	8	10	36	2	6	5	6	13	9	23	7	7	8	6	5	6	55	5	5	4	4	5	7	8	6	5	9	4	4	10	12	4	8	8	9	9	8	7	5	8	7	6	6	4	7	5	7	6	4	6	5	6	4	4	7	7	6	6	7	4	5	5	5	4	2	7	3	5	3	6	13	6	4	6	7	9	9	7
SHV-135	11	7	6	8	11	7	12	29	7	7	10	7	7	3	6	7	7	9	11	9	10	14	3	8	4	20	88	7	7	90	4	6	8	6	5	7	7	8	6	17	7	4	49	8	11	10	4	8	9	8	8	10	8	5	8	12	7	10	8	8	9	89	8	6	57	8	138	13	11	3	7	8	6	7	6	6	4	3	9	7	7	9	10	9	5	90	12	10	4	7	7	4	9	11	8	5	57	7	25	1	56	88	4	2	6	4	0	9	8	4	7	10	8	5	10	14	7	58	6	91	7	10	12	38	4	8	7	8	15	9	25	9	7	10	8	7	8	57	7	9	6	4	3	9	10	8	7	11	4	4	12	14	4	10	10	11	11	10	9	7	10	9	8	8	4	7	5	9	8	4	8	5	8	4	6	7	9	8	8	7	6	7	5	7	6	4	9	5	7	5	6	15	8	6	8	7	11	9	9
SHV-99	10	8	9	7	8	4	9	32	10	6	9	4	4	8	7	6	8	6	10	6	13	11	8	5	7	17	89	10	8	91	7	7	5	7	8	8	6	5	5	18	8	5	44	5	12	7	9	7	10	11	7	7	7	8	9	7	8	11	5	9	6	90	7	7	58	5	142	10	6	8	6	7	9	6	9	7	7	6	8	8	6	6	9	6	10	91	7	7	7	8	6	7	12	8	11	8	56	6	22	8	57	89	7	7	7	7	9	0	9	7	4	5	7	8	7	11	6	61	9	92	10	7	11	39	7	7	4	5	12	10	26	4	10	9	11	8	9	57	4	8	9	7	8	10	7	5	6	8	7	7	13	11	7	7	7	6	8	7	6	6	5	6	9	5	7	10	8	4	5	7	3	8	5	7	5	10	2	5	5	10	7	4	10	4	7	7	12	8	4	6	9	12	9	5	5	10	6	10	6
SHV-48	11	3	8	8	11	9	12	31	9	9	10	9	9	7	8	9	9	7	9	9	12	14	7	8	6	20	84	9	3	86	8	8	8	6	7	3	9	8	6	13	7	6	47	6	7	10	8	8	11	10	8	10	8	5	2	10	3	8	8	10	9	85	10	4	53	6	140	15	9	7	9	10	8	7	8	8	8	5	9	3	5	9	12	9	9	86	10	10	8	9	7	8	11	11	10	7	53	9	23	7	52	84	8	6	8	6	8	9	0	8	9	8	4	7	10	14	7	56	6	87	9	8	12	32	6	8	9	8	15	11	21	9	9	12	10	3	4	53	7	11	8	6	7	11	10	6	9	9	6	8	8	14	6	8	8	9	11	10	9	7	8	9	4	8	6	9	7	9	6	6	8	7	8	6	6	9	9	6	8	9	8	9	9	9	6	6	7	7	7	7	8	15	6	6	8	7	9	11	7
SHV-107	11	7	6	8	11	7	12	29	7	5	10	7	7	3	6	7	7	7	9	9	10	14	5	6	4	20	88	7	7	90	4	6	8	4	5	7	5	8	6	17	7	2	47	6	11	10	4	8	9	8	8	10	8	5	8	10	7	10	8	8	9	89	8	6	57	8	138	13	9	5	7	6	6	5	6	6	2	3	9	7	7	9	8	9	5	90	10	10	2	7	5	4	9	11	8	5	57	7	25	3	56	88	4	4	6	4	4	7	8	0	7	8	8	5	10	14	5	58	6	91	7	8	12	38	4	8	7	8	15	9	25	7	7	8	8	7	8	57	5	9	6	4	5	9	10	8	7	11	4	4	12	14	4	10	10	9	11	10	9	7	8	9	8	6	4	7	5	7	8	4	8	5	6	4	4	7	7	8	8	7	6	7	5	7	6	4	9	5	7	5	6	15	8	6	8	7	9	9	7
SHV-85	8	8	9	7	8	2	9	30	8	6	7	2	2	6	7	4	6	8	12	6	11	11	8	7	7	17	89	8	8	91	5	5	5	7	8	8	6	5	5	18	6	5	46	7	12	7	7	5	8	9	5	7	7	6	9	9	8	11	5	9	6	90	5	7	58	5	140	8	8	8	4	7	7	6	7	5	7	6	6	8	6	6	9	6	8	91	9	7	7	6	6	5	12	8	11	8	56	4	22	6	57	89	5	7	7	5	7	4	9	7	0	7	7	8	7	11	6	59	7	92	8	9	11	39	5	7	2	5	12	10	26	6	10	9	9	8	9	57	6	6	7	7	8	8	7	5	4	8	7	5	13	11	7	7	7	8	8	7	6	6	7	6	9	7	7	10	8	6	5	7	3	8	7	7	7	10	4	5	5	10	5	2	8	2	5	5	10	6	4	4	9	12	9	5	5	10	8	8	8
SHV-51	9	7	10	8	9	7	10	33	11	7	8	7	7	9	8	7	9	5	9	9	14	12	9	6	8	18	88	11	7	90	8	8	6	6	9	7	7	6	6	17	7	6	45	4	11	8	10	6	11	12	6	8	8	7	8	8	7	10	6	10	7	89	8	6	57	4	143	13	7	9	7	8	10	5	10	8	8	7	9	7	5	7	10	9	11	90	8	8	8	9	5	8	13	9	12	9	57	7	21	9	56	88	8	8	8	8	10	5	8	8	7	0	6	9	8	12	5	60	10	91	11	6	12	38	8	8	7	6	13	11	25	7	11	10	12	7	8	57	5	9	10	8	9	11	8	8	7	7	8	8	12	12	8	10	10	7	9	8	7	9	6	7	8	6	8	11	9	7	4	8	6	9	6	8	6	11	5	4	6	11	8	7	11	7	6	8	11	9	7	7	10	13	8	6	6	9	7	9	5
SHV-143	9	3	8	6	9	7	10	31	9	7	8	7	7	7	6	7	7	5	9	7	12	12	7	8	6	18	84	9	3	86	8	6	6	6	7	3	7	6	4	13	7	6	45	4	7	8	8	6	9	10	6	8	6	5	4	8	3	8	6	10	7	85	8	4	53	4	141	12	7	7	7	10	8	7	8	6	8	5	7	3	5	7	10	7	9	86	8	8	8	7	7	6	11	9	10	7	53	7	21	7	52	84	8	6	8	6	8	7	4	8	7	6	0	7	8	12	7	56	6	87	9	8	10	34	6	6	7	6	13	11	21	7	9	10	10	3	4	53	7	9	8	6	7	9	8	4	7	7	6	8	8	12	6	6	6	7	9	8	7	7	6	7	4	8	6	9	7	7	4	6	6	7	8	6	6	9	7	4	6	9	8	7	9	7	4	6	7	7	5	7	8	13	6	4	6	7	7	9	7
SHV-104	12	6	5	7	10	8	11	30	8	8	11	8	8	4	5	8	8	8	10	8	11	13	4	7	3	19	86	8	6	88	5	7	7	7	4	6	8	7	5	16	8	5	48	7	10	9	5	9	10	9	9	9	7	6	7	11	6	9	7	7	8	87	9	5	56	7	138	14	10	4	8	9	7	8	7	7	5	2	10	6	6	8	11	8	6	88	11	9	5	8	8	5	8	10	7	4	56	8	24	4	55	86	5	3	5	5	5	8	7	5	8	9	7	0	9	13	8	59	7	89	8	9	11	37	5	7	8	7	14	8	24	8	6	11	9	6	7	56	6	10	7	3	4	10	9	7	8	10	3	5	11	13	3	9	9	10	10	9	8	6	9	8	7	7	3	6	4	8	7	3	7	4	7	3	5	6	8	7	7	6	7	8	6	8	7	5	10	6	6	6	5	14	7	5	7	6	10	10	8
SHV-140	11	9	10	8	7	7	8	33	11	9	10	7	7	9	8	7	9	9	13	9	14	10	9	8	8	14	89	11	9	91	8	6	2	10	9	9	9	4	6	19	9	8	49	8	13	6	10	8	11	12	8	6	8	9	10	12	9	12	6	10	5	90	8	8	59	6	142	13	11	9	7	10	10	9	10	8	10	7	11	9	7	5	12	9	11	91	12	6	10	9	9	8	13	7	12	9	59	7	23	9	58	89	8	8	8	8	10	7	10	10	7	8	8	9	0	8	9	62	10	92	11	10	10	40	8	8	7	4	11	11	27	9	11	12	12	9	10	59	7	7	10	8	9	11	6	8	5	9	8	8	14	10	8	8	10	11	9	6	5	9	10	7	10	8	8	11	9	9	6	8	6	9	6	8	8	11	7	6	4	11	8	7	11	7	8	8	13	9	7	7	10	9	10	6	4	11	11	11	9
SHV-187	15	13	14	12	11	11	12	37	15	13	14	11	11	13	12	11	13	13	17	13	18	14	13	12	12	6	93	15	13	95	12	10	6	14	13	13	13	8	10	23	13	12	53	12	17	10	14	12	15	16	12	10	12	13	14	16	13	16	10	14	9	94	12	12	63	10	146	17	15	13	11	14	14	13	14	12	14	11	15	13	11	9	16	13	15	95	16	10	14	13	13	12	17	11	16	13	63	11	27	13	62	93	12	12	12	12	14	11	14	14	11	12	12	13	8	0	13	66	14	96	15	14	14	44	12	12	11	8	15	15	31	13	15	16	16	13	14	63	11	11	14	12	13	15	10	12	9	13	12	12	18	14	12	12	14	15	13	10	9	13	14	11	14	12	12	15	13	13	10	12	10	13	10	12	12	15	11	10	8	15	12	11	15	11	12	12	17	13	11	11	14	1	14	10	8	15	15	15	13
SHV-110	8	6	9	9	10	6	9	30	8	6	7	6	6	6	9	6	8	6	8	10	11	13	8	3	7	19	87	8	6	89	5	7	7	3	8	6	6	7	7	16	4	3	46	5	10	9	7	5	10	9	5	9	9	4	7	9	6	9	7	9	8	88	7	5	56	5	140	12	8	8	6	3	7	2	7	7	5	6	8	6	4	8	9	10	8	89	9	9	5	8	2	7	12	10	11	8	56	6	22	6	55	87	5	7	7	5	7	6	7	5	6	5	7	8	9	13	0	57	7	90	8	3	13	37	5	9	6	7	14	10	24	8	10	9	9	6	7	56	2	8	7	7	8	10	9	9	6	8	7	5	11	13	7	11	11	8	10	9	8	8	7	8	7	3	7	10	8	8	5	7	7	8	5	7	5	10	6	5	7	10	5	6	8	6	5	5	8	6	8	4	9	14	7	7	7	8	8	8	2
SHV-123	61	55	59	60	61	59	60	29	55	59	60	59	59	57	60	59	59	59	53	61	55	58	59	60	58	72	40	55	55	40	58	58	60	56	59	55	59	60	58	61	57	56	99	58	51	60	58	58	60	56	58	62	58	55	56	62	55	56	60	56	59	39	59	56	5	58	95	65	59	59	59	60	54	57	54	58	58	57	59	53	57	61	56	61	59	38	58	62	58	59	57	56	57	61	56	59	7	59	45	57	8	40	58	58	60	56	58	61	56	58	59	60	56	59	62	66	57	0	54	39	55	56	54	26	56	60	59	60	67	57	73	61	54	56	56	53	52	9	59	61	54	58	59	54	60	58	59	57	58	58	50	56	58	58	56	61	63	62	61	59	60	61	56	60	58	61	59	61	57	57	59	57	59	58	58	61	61	58	60	60	58	59	59	59	56	56	53	57	59	57	60	67	56	58	60	57	61	60	59
SHV-2A	11	5	8	8	11	7	10	27	5	7	10	7	7	5	8	7	7	9	9	9	8	12	7	8	6	20	86	5	5	86	6	6	8	6	7	5	7	8	6	13	7	4	49	8	7	8	6	8	9	6	8	10	8	5	6	12	5	8	8	10	7	85	8	6	53	8	140	13	9	7	7	8	4	7	4	6	6	5	9	3	7	9	10	9	7	86	10	10	6	7	7	6	11	9	10	7	55	7	25	5	54	86	6	6	8	4	6	9	6	6	7	10	6	7	10	14	7	54	0	87	5	8	10	36	4	8	7	8	15	11	23	9	9	10	6	5	4	55	7	9	4	6	7	9	10	6	7	9	6	6	8	12	6	6	6	11	11	10	9	7	10	9	6	8	6	9	7	9	8	6	8	7	8	6	6	9	9	8	8	9	6	7	7	7	6	4	5	5	7	5	8	15	8	6	8	9	11	11	9
SHV-23	94	86	90	91	91	92	90	62	88	92	93	92	92	89	91	92	92	90	84	92	88	89	90	91	89	102	5	88	86	3	90	91	90	89	90	86	92	91	89	92	89	89	129	89	82	90	91	91	93	89	91	92	89	88	87	93	86	86	90	87	90	4	92	87	36	89	80	98	89	90	92	93	87	90	87	91	91	88	92	84	88	92	89	92	91	3	88	91	91	91	90	89	88	91	87	90	38	92	76	90	37	5	91	89	91	89	91	92	87	91	92	91	87	89	92	96	90	39	87	0	87	87	85	57	89	91	92	91	90	88	104	91	85	89	89	84	83	39	90	94	87	89	90	87	90	89	92	87	89	91	81	87	89	89	87	91	92	92	92	90	91	92	87	91	89	92	90	92	89	88	90	88	90	89	88	92	92	89	91	91	91	92	92	92	89	89	86	90	90	90	90	97	87	89	91	88	90	93	90
SHV-86	12	8	9	9	10	8	9	26	4	8	11	8	8	6	9	8	8	10	10	10	7	13	8	9	7	21	88	4	8	88	7	7	9	7	8	8	8	9	7	14	8	5	48	9	10	9	7	9	10	5	9	11	7	6	9	13	8	7	9	11	8	87	9	7	54	9	140	14	8	8	8	9	3	8	3	7	7	6	10	6	8	10	11	10	8	86	7	11	7	8	8	5	12	10	11	8	56	8	26	6	57	88	7	7	9	5	7	10	9	7	8	11	9	8	11	15	8	55	5	87	0	7	9	39	5	9	8	9	15	12	26	8	10	11	5	6	5	56	8	10	3	7	8	10	9	9	8	8	7	7	9	13	7	9	7	10	12	11	10	8	11	10	9	9	7	10	8	10	9	7	9	8	9	7	7	10	10	9	9	10	7	8	8	8	7	5	6	6	8	6	9	16	7	7	9	8	10	12	10
SHV-45	11	7	10	10	9	9	6	29	7	9	10	9	9	9	10	9	11	7	7	11	10	12	9	4	8	20	88	7	7	88	8	10	8	6	9	7	9	8	8	13	7	6	47	6	9	8	10	8	13	8	8	10	8	7	8	10	7	6	8	10	7	87	10	6	53	6	143	15	7	9	9	6	6	5	6	10	8	7	11	5	5	9	12	11	11	86	6	10	8	11	5	8	13	9	12	9	55	9	23	9	56	88	8	8	8	8	10	7	8	8	9	6	8	9	10	14	3	56	8	87	7	0	10	38	8	10	9	8	15	11	25	9	11	12	8	5	4	57	3	11	6	8	9	13	8	10	9	5	8	8	8	12	8	10	8	9	11	10	9	9	8	9	8	4	8	11	9	9	6	8	8	9	6	8	6	11	7	6	8	11	8	9	11	9	8	8	7	9	9	7	10	15	6	8	8	7	9	11	3
SHV-154	15	11	12	10	7	11	6	25	9	11	14	11	11	11	10	11	11	11	7	11	12	4	11	12	10	20	86	9	11	86	12	8	8	12	11	11	11	8	8	17	13	10	51	10	7	6	12	12	13	10	12	10	8	11	12	14	11	10	8	8	5	85	12	8	51	10	139	17	11	11	11	14	8	13	8	10	12	9	13	9	11	9	8	11	13	84	10	10	12	11	13	8	7	7	8	11	53	11	21	11	54	86	12	10	12	10	12	11	12	12	11	12	10	11	10	14	13	54	10	85	9	10	0	36	10	10	11	8	15	7	29	11	9	8	10	9	8	55	11	9	8	10	11	9	6	10	9	7	10	12	6	4	10	8	8	13	13	10	9	11	12	11	12	12	10	13	11	11	10	10	10	11	10	10	10	13	11	10	8	13	12	11	13	11	10	10	11	11	9	11	12	15	10	8	8	11	13	15	13
SHV-84	41	33	37	38	41	39	42	13	39	39	40	37	39	37	38	39	39	37	33	39	41	38	37	38	36	50	54	39	33	56	38	38	38	36	37	33	39	38	36	43	37	36	77	36	31	40	38	38	41	40	38	38	38	35	32	40	33	38	38	34	39	55	39	34	23	36	110	45	39	37	39	40	38	37	38	38	38	35	39	33	35	39	36	39	39	56	40	40	38	39	37	38	35	41	34	37	23	39	23	37	22	54	38	36	38	36	38	39	32	38	39	38	34	37	40	44	37	26	36	57	39	38	36	0	36	38	39	38	43	35	51	39	32	36	40	33	34	23	37	41	38	36	37	34	40	36	39	39	36	38	32	36	36	38	38	39	41	40	39	37	38	39	34	38	36	39	37	39	36	36	38	35	38	36	36	39	39	36	38	38	38	39	39	39	36	36	37	37	37	37	38	45	36	36	38	37	39	40	37
SHV-70	9	5	6	6	9	5	10	27	5	5	8	5	5	3	6	5	5	7	9	7	8	12	5	6	4	18	86	5	5	88	4	4	6	4	5	5	5	6	4	15	5	2	47	6	9	8	4	6	7	6	6	8	6	3	6	10	5	8	6	8	7	87	6	4	55	6	138	11	9	5	5	6	4	5	4	4	4	3	7	5	5	7	8	7	5	88	10	8	4	5	5	4	9	9	8	5	55	5	23	3	54	86	4	4	6	2	4	7	6	4	5	8	6	5	8	12	5	56	4	89	5	8	10	36	0	6	5	6	13	9	23	7	7	8	6	5	6	55	5	7	4	4	5	7	8	6	5	9	4	4	10	12	4	8	8	9	9	8	7	5	8	7	6	6	4	7	5	7	6	4	6	5	6	4	4	7	7	6	6	7	4	5	5	5	4	2	7	3	5	3	6	13	6	4	6	7	9	9	7
SHV-95	11	7	8	6	9	7	10	31	9	7	10	7	7	7	6	7	7	7	11	5	12	12	7	8	6	18	88	9	7	90	8	6	6	8	7	7	7	6	4	17	9	6	45	6	11	8	8	8	9	10	8	8	4	7	8	8	7	10	6	10	7	89	8	6	57	6	142	13	7	7	5	8	8	9	8	6	8	5	9	7	7	7	10	7	9	90	8	8	8	7	9	6	11	9	10	7	57	5	23	7	56	88	8	6	8	6	8	7	8	8	7	8	6	7	8	12	9	60	8	91	9	10	10	38	6	0	7	6	13	11	25	5	9	10	10	7	8	57	7	9	8	6	7	9	8	6	7	9	6	8	12	12	6	8	8	7	9	8	7	7	6	7	8	8	6	9	7	5	6	6	6	7	8	6	6	9	7	6	6	9	8	7	9	7	6	6	9	7	5	7	8	13	8	4	6	9	7	11	9
SHV-40	8	8	9	7	8	2	9	30	8	6	7	2	2	6	7	2	6	8	12	6	11	11	8	7	7	17	89	8	8	91	5	5	5	7	8	8	6	5	5	18	6	5	46	7	12	7	7	5	8	9	5	7	7	6	9	9	8	11	5	9	6	90	5	7	58	5	140	8	8	8	4	7	7	6	7	5	7	6	6	8	6	6	9	6	8	91	9	7	7	6	6	5	12	8	11	8	56	4	22	6	57	89	5	7	7	5	7	4	9	7	2	7	7	8	7	11	6	59	7	92	8	9	11	39	5	7	0	5	12	10	26	6	10	9	9	8	9	57	6	6	7	7	8	8	7	5	4	8	7	5	13	11	7	7	7	8	8	7	6	6	7	6	9	7	7	10	8	6	5	7	3	8	7	7	7	10	4	5	5	10	5	2	8	2	5	5	10	6	4	4	9	12	9	5	5	10	8	8	8
SHV-111	9	7	8	6	5	5	6	31	9	7	8	5	5	7	6	5	7	7	11	7	12	8	7	6	6	14	88	9	7	90	6	4	2	8	7	7	7	2	4	17	7	6	47	6	11	4	8	6	9	10	6	4	6	7	8	10	7	10	4	8	3	89	6	6	57	4	141	11	9	7	5	8	8	7	8	6	8	5	9	7	5	3	10	7	9	90	10	4	8	7	7	6	11	5	10	7	57	5	21	7	56	88	6	6	6	6	8	5	8	8	5	6	6	7	4	8	7	60	8	91	9	8	8	38	6	6	5	0	9	9	25	7	9	10	10	7	8	57	5	5	8	6	7	9	4	6	3	7	6	6	12	8	6	6	8	9	7	4	1	7	8	5	8	6	6	9	7	7	4	6	4	7	4	6	6	9	5	4	2	9	6	5	9	5	6	6	11	7	5	5	8	9	8	4	2	9	9	9	7
SHV-73	16	14	15	13	12	12	13	38	16	14	15	10	12	14	13	12	14	14	18	14	19	15	14	13	13	21	87	16	14	89	13	11	9	15	14	14	14	7	11	24	14	13	53	13	18	11	15	13	16	17	13	7	13	14	15	17	14	17	11	15	10	88	13	13	64	11	140	18	15	14	12	15	15	14	15	13	15	12	16	14	12	8	17	14	16	89	16	9	15	12	14	13	18	12	17	14	64	12	26	14	63	87	13	13	13	13	15	12	15	15	12	13	13	14	11	15	14	67	15	90	15	15	15	43	13	13	12	9	0	16	32	13	16	17	17	14	15	63	12	12	15	13	14	16	11	13	8	14	13	13	19	15	13	13	15	15	12	9	10	14	15	10	15	13	13	16	14	14	11	13	11	14	11	13	13	16	12	11	9	16	13	12	16	12	13	13	18	14	12	12	15	16	15	11	9	16	15	16	14
SHV-151	14	10	9	11	10	10	11	28	12	12	13	10	10	8	9	10	12	12	8	12	15	7	8	9	7	21	85	12	10	87	7	11	9	11	8	10	12	9	9	20	10	9	52	11	8	9	9	11	14	13	11	11	11	10	11	15	10	13	7	3	8	86	11	7	54	9	137	16	14	8	10	11	11	10	11	11	9	6	14	10	8	10	9	12	10	87	15	11	9	12	10	9	4	10	5	8	54	10	20	8	53	85	7	7	7	9	9	10	11	9	10	11	11	8	11	15	10	57	11	88	12	11	7	35	9	11	10	9	16	0	28	12	6	9	13	10	11	54	8	10	11	7	8	10	9	11	10	10	7	7	9	7	7	13	13	14	12	11	10	10	13	10	11	9	7	10	8	12	9	7	9	8	9	7	9	10	10	9	9	10	9	10	10	10	11	9	14	10	10	8	9	16	11	9	9	10	14	12	10
SHV-16	28	20	25	25	28	26	29	48	26	26	27	26	26	24	25	26	26	24	26	26	29	31	24	25	23	37	101	26	20	103	25	25	25	23	24	20	26	25	23	30	24	23	64	23	24	27	25	25	28	27	25	27	25	22	21	27	20	25	25	27	26	102	27	21	70	23	158	32	26	24	26	27	25	24	25	25	25	22	26	20	22	26	29	26	26	103	27	27	25	26	24	25	28	28	27	24	70	26	40	24	69	101	25	23	25	23	25	26	21	25	26	25	21	24	27	31	24	73	23	104	26	25	29	51	23	25	26	25	32	28	0	26	26	29	27	20	21	70	24	28	25	23	24	28	27	23	26	26	23	25	25	31	23	25	25	26	28	27	26	24	25	26	21	25	23	26	24	26	23	23	25	24	25	23	23	26	26	23	25	26	25	26	26	26	23	23	24	24	24	24	25	32	23	23	25	24	26	28	24
SHV-28	12	8	9	7	10	6	11	32	10	6	11	6	6	8	7	8	8	6	10	4	13	13	8	7	7	19	88	10	8	90	9	7	7	7	8	8	6	7	5	18	10	5	40	5	12	9	9	9	10	11	9	9	7	8	9	5	8	11	7	11	8	89	9	7	58	7	141	12	2	8	8	9	9	8	9	7	7	6	8	8	8	8	9	6	10	90	3	9	7	8	8	7	12	10	11	8	56	8	24	8	57	88	9	7	9	7	9	4	9	7	6	7	7	8	9	13	8	61	9	91	8	9	11	39	7	5	6	7	13	12	26	0	10	9	11	8	9	55	6	10	9	7	8	10	9	5	8	10	7	9	13	13	7	7	7	2	10	9	8	6	3	8	9	7	7	10	8	2	7	7	5	8	7	7	5	10	4	7	7	10	9	6	10	6	7	7	12	8	4	8	9	14	9	5	7	10	2	12	8
SHV-148	14	8	7	9	12	10	13	25	10	10	13	10	10	6	7	10	10	10	8	10	13	11	6	9	5	21	82	10	8	84	7	9	9	9	6	8	10	9	7	18	10	7	50	9	8	11	7	11	12	11	11	11	9	8	9	13	8	11	9	5	10	83	11	7	51	9	134	16	12	6	10	11	9	10	9	9	7	4	12	8	8	10	9	10	8	84	13	11	7	10	10	7	6	12	5	6	51	10	19	6	50	82	7	5	7	7	7	10	9	7	10	11	9	6	11	15	10	54	9	85	10	11	9	32	7	9	10	9	16	6	26	10	0	9	11	8	9	51	8	12	9	5	6	4	11	9	10	12	5	7	9	8	5	11	11	12	12	11	10	8	11	10	9	9	5	8	6	10	9	5	9	6	9	5	7	8	10	9	9	8	9	10	8	10	9	7	12	8	8	8	7	16	9	7	9	8	12	12	10
SHV-159	13	11	12	10	13	9	14	27	11	5	12	9	9	9	10	9	9	9	7	11	14	10	11	10	10	22	86	11	11	88	10	8	10	8	11	11	7	10	8	21	11	6	49	8	9	12	10	10	11	12	10	12	10	9	12	12	11	14	10	8	11	87	10	10	55	10	137	15	11	11	9	10	10	9	10	8	8	9	11	11	11	11	2	11	11	88	12	12	8	9	9	8	9	13	8	11	55	9	21	9	54	86	10	10	12	8	10	9	12	8	9	10	10	11	12	16	9	56	10	89	11	12	8	36	8	10	9	10	17	9	29	9	9	0	12	11	12	55	9	11	10	10	11	5	12	10	9	13	10	10	10	10	10	12	12	11	13	12	11	11	10	11	12	10	10	13	11	9	10	10	10	11	10	10	8	13	9	10	10	13	10	9	11	9	8	8	13	9	9	9	12	17	12	8	10	13	11	13	11
SHV-183	13	9	10	10	11	9	10	27	5	9	12	9	9	7	10	9	9	11	11	11	8	14	9	10	8	22	90	5	9	90	8	8	10	8	9	9	9	10	8	15	9	6	51	10	11	10	8	10	11	6	10	12	8	7	10	14	9	8	10	12	9	89	10	8	55	10	142	15	11	9	9	10	4	9	4	8	8	7	11	7	9	11	12	11	9	88	10	12	8	9	9	6	13	11	12	9	57	9	27	7	58	90	8	8	10	6	8	11	10	8	9	12	10	9	12	16	9	56	6	89	5	8	10	40	6	10	9	10	17	13	27	11	11	12	0	7	6	59	9	11	4	8	9	11	10	10	9	9	8	8	10	14	8	10	8	13	13	12	11	9	12	11	10	10	8	11	9	11	10	8	10	9	10	8	8	11	11	10	10	11	8	9	9	9	8	6	7	7	9	7	10	17	8	8	10	9	13	13	11
SHV-120	10	2	7	7	8	8	9	28	6	8	9	8	8	6	7	8	8	6	8	8	9	13	6	7	5	19	83	6	2	85	7	7	7	5	6	2	8	7	5	10	6	5	46	5	6	9	7	7	10	7	7	9	5	4	3	9	2	5	7	9	8	84	9	3	50	5	140	14	8	6	8	9	5	6	5	7	7	4	8	2	4	8	11	8	8	83	7	9	7	8	6	5	10	10	9	6	50	8	22	6	51	83	7	5	7	5	7	8	3	7	8	7	3	6	9	13	6	53	5	84	6	5	9	33	5	7	8	7	14	10	20	8	8	11	7	0	1	52	6	10	5	5	6	10	7	5	8	6	5	7	5	13	5	7	5	8	10	9	8	6	7	8	3	7	5	8	6	8	5	5	7	6	7	5	5	8	8	5	7	8	7	8	8	8	5	5	4	6	6	6	7	14	3	5	7	4	8	10	6
SHV-5	11	3	8	8	9	9	8	27	5	9	10	9	9	7	8	9	9	7	7	9	8	12	7	8	6	20	84	5	3	84	8	8	8	6	7	3	9	8	6	9	7	6	47	6	5	8	8	8	11	6	8	10	6	5	4	10	3	4	8	10	7	83	10	4	49	6	141	15	7	7	9	10	4	7	4	8	8	5	9	1	5	9	12	9	9	82	6	10	8	9	7	6	11	9	10	7	51	9	23	7	52	84	8	6	8	6	8	9	4	8	9	8	4	7	10	14	7	52	4	83	5	4	8	34	6	8	9	8	15	11	21	9	9	12	6	1	0	53	7	11	4	6	7	11	8	6	9	5	6	8	4	12	6	6	4	9	11	10	9	7	8	9	4	8	6	9	7	9	6	6	8	7	8	6	6	9	9	6	8	9	8	9	9	9	6	6	3	7	7	7	8	15	4	6	8	5	9	11	7
SHV-127	60	52	56	57	60	57	61	32	58	58	59	57	57	56	57	58	58	56	52	57	58	57	56	57	55	69	36	58	52	38	57	57	57	55	56	52	58	57	55	62	56	55	93	55	50	59	57	57	59	59	57	59	57	54	53	58	52	57	57	53	58	37	58	53	6	55	91	63	55	56	58	59	57	56	57	57	57	54	57	52	54	58	55	57	58	38	56	59	57	58	56	57	54	60	53	56	5	58	42	56	5	36	57	55	57	55	57	57	53	57	57	57	53	56	59	63	56	9	55	39	56	57	55	23	55	57	57	57	63	54	70	55	51	55	59	52	53	0	56	60	57	55	56	53	59	54	58	58	55	57	51	55	55	56	56	55	60	59	58	55	56	58	53	57	55	58	56	57	55	54	55	54	56	55	55	58	57	55	57	57	57	57	58	57	55	55	56	56	55	56	57	64	55	55	57	56	55	59	56
SHV-27	10	6	7	7	8	6	7	30	8	6	9	6	6	6	7	6	8	6	8	8	11	11	6	1	5	17	87	8	6	89	5	7	5	5	6	6	6	5	5	16	6	3	46	5	10	7	7	7	10	9	7	7	7	6	7	9	6	9	5	7	6	88	7	5	56	5	141	12	8	6	6	3	7	4	7	7	5	4	10	6	4	6	9	8	8	89	9	7	5	8	4	7	10	8	9	6	56	6	22	6	55	87	5	5	5	5	7	4	7	5	6	5	7	6	7	11	2	59	7	90	8	3	11	37	5	7	6	5	12	8	24	6	8	9	9	6	7	56	0	8	7	5	6	10	7	7	6	8	5	5	11	11	5	9	9	8	8	7	6	6	7	6	7	1	5	8	6	6	5	5	5	6	3	5	3	8	4	5	5	8	5	6	8	6	7	5	10	6	6	4	7	12	7	5	5	8	8	10	2
SHV-29	10	10	11	9	4	6	7	32	10	8	9	6	6	8	9	6	8	10	14	10	13	9	10	9	9	17	91	10	10	93	7	5	5	9	10	10	8	5	7	20	8	7	50	9	14	5	9	7	10	11	7	7	9	8	9	13	10	13	5	11	4	92	7	7	60	7	142	12	12	10	6	9	9	8	9	7	9	8	10	10	8	6	11	10	10	93	13	7	9	8	8	7	12	6	13	10	60	6	24	8	59	91	7	9	9	5	9	8	11	9	6	9	9	10	7	11	8	61	9	94	10	11	9	41	7	9	6	5	12	10	28	10	12	11	11	10	11	60	8	0	9	9	10	10	5	9	4	8	9	7	15	9	9	9	11	12	10	7	6	10	11	8	11	9	9	12	10	10	7	9	7	10	7	9	9	12	8	7	5	12	7	6	10	6	7	7	12	8	8	6	11	12	11	7	5	12	12	10	10
SHV-160	11	7	8	8	9	7	8	25	3	7	10	7	7	5	8	7	7	9	9	9	6	12	7	8	6	20	88	3	7	88	6	6	8	6	7	7	7	8	6	13	7	4	49	8	9	8	6	8	9	4	8	10	6	5	8	12	7	6	8	10	7	87	8	6	53	8	140	13	9	7	7	8	2	7	2	6	6	5	9	5	7	9	10	9	7	86	8	10	6	7	7	4	11	9	10	7	55	7	25	5	56	88	6	6	8	4	6	9	8	6	7	10	8	7	10	14	7	54	4	87	3	6	8	38	4	8	7	8	15	11	25	9	9	10	4	5	4	57	7	9	0	6	7	9	8	8	7	7	6	6	8	12	6	8	6	11	11	10	9	7	10	9	8	8	6	9	7	9	8	6	8	7	8	6	6	9	9	8	8	9	6	7	7	7	6	4	5	5	7	5	8	15	6	6	8	7	11	11	9
SHV-98	11	5	4	6	9	7	10	29	7	7	10	7	7	3	4	7	7	7	9	7	10	12	3	6	2	18	86	7	5	88	4	6	6	6	3	5	7	6	4	15	7	4	47	6	9	8	4	8	9	8	8	8	6	5	6	10	5	8	6	6	7	87	8	4	55	6	137	13	9	3	7	8	6	7	6	6	4	1	9	5	5	7	10	7	5	88	10	8	4	7	7	4	7	9	6	3	55	7	23	3	54	86	4	2	4	4	4	7	6	4	7	8	6	3	8	12	7	58	6	89	7	8	10	36	4	6	7	6	13	7	23	7	5	10	8	5	6	55	5	9	6	0	3	9	8	6	7	9	2	4	10	12	2	8	8	9	9	8	7	5	8	7	6	6	2	5	3	7	6	2	6	3	6	2	4	5	7	6	6	5	6	7	5	7	6	2	9	5	5	5	4	13	6	4	6	5	9	9	7
SHV-50	12	6	5	7	10	8	11	30	8	8	11	8	8	4	5	8	8	8	10	8	11	13	2	7	3	19	87	8	6	89	5	7	7	7	4	6	8	7	5	16	8	5	48	7	10	9	5	9	10	9	9	9	7	6	7	11	6	9	7	7	8	88	9	5	56	7	139	14	10	2	8	9	7	8	7	7	5	2	10	6	6	8	11	8	6	89	11	9	5	8	8	5	8	10	7	4	56	8	24	2	55	87	5	1	5	5	3	8	7	5	8	9	7	4	9	13	8	59	7	90	8	9	11	37	5	7	8	7	14	8	24	8	6	11	9	6	7	56	6	10	7	3	0	10	9	7	8	10	3	5	11	13	3	9	9	10	10	9	8	6	9	8	7	7	3	6	4	8	7	3	7	4	7	3	5	6	8	7	7	6	7	8	6	8	7	5	10	6	6	6	5	14	7	5	7	6	10	10	8
SHV-155	12	10	11	9	12	8	13	25	10	6	11	8	8	8	9	8	8	10	10	10	13	11	10	11	9	21	84	10	10	86	9	7	9	9	10	10	8	9	7	20	10	7	50	9	10	11	9	9	10	11	9	11	9	8	11	13	10	13	9	9	10	85	9	9	53	9	135	14	12	10	8	11	9	10	9	7	9	8	10	10	10	10	5	10	10	86	13	11	9	8	10	7	10	12	9	10	53	8	19	8	52	84	9	9	11	7	9	10	11	9	8	11	9	10	11	15	10	54	9	87	10	13	9	34	7	9	8	9	16	10	28	10	4	5	11	10	11	53	10	10	9	9	10	0	11	9	8	12	9	9	11	8	9	11	11	12	12	11	10	10	11	10	11	11	9	12	10	10	9	9	9	10	11	9	9	12	10	9	9	12	9	8	10	8	7	7	12	8	8	8	11	16	11	7	9	12	12	12	12
SHV-189	11	9	10	8	1	7	2	31	9	9	10	7	7	9	8	7	9	9	13	9	12	8	9	8	8	16	89	9	9	91	7	6	4	10	9	9	9	4	6	17	8	8	49	8	13	2	10	8	11	10	8	4	6	9	10	12	9	10	2	10	3	90	8	6	57	6	142	13	11	9	7	10	8	9	8	8	10	7	11	9	7	5	12	9	11	89	10	4	10	9	9	6	11	3	12	9	57	7	23	9	58	89	8	8	8	8	10	7	10	10	7	8	8	9	6	10	9	60	10	90	9	8	6	40	8	8	7	4	11	9	27	9	11	12	10	7	8	59	7	5	8	8	9	11	0	8	5	3	8	8	12	8	8	8	8	11	7	4	5	9	10	7	10	8	8	11	9	9	6	8	6	9	6	8	8	11	7	6	4	11	8	7	11	7	8	8	11	9	7	7	10	11	8	6	4	9	11	11	9
SHV-44	11	5	8	6	9	5	10	31	9	7	10	5	5	7	6	7	7	7	11	5	12	12	7	8	6	18	86	9	5	88	8	6	6	8	7	5	7	6	4	15	9	6	45	6	9	8	8	8	9	10	8	8	6	7	6	8	5	10	6	10	7	87	8	6	55	6	141	11	7	7	7	10	8	9	8	6	8	5	7	5	7	7	10	5	9	88	8	8	8	7	9	6	11	9	10	7	53	7	23	7	54	86	8	6	8	6	8	5	6	8	5	8	4	7	8	12	9	58	6	89	9	10	10	36	6	6	5	6	13	11	23	5	9	10	10	5	6	54	7	9	8	6	7	9	8	0	7	9	6	8	10	12	6	2	2	7	9	8	7	5	6	7	6	8	6	9	7	5	6	6	4	7	8	6	6	9	5	6	6	9	8	5	9	5	6	6	9	7	3	7	8	13	8	4	6	9	7	11	9
SHV-144	8	8	9	7	6	4	7	30	8	6	7	4	4	6	7	4	6	8	12	8	11	9	8	7	7	15	89	8	8	91	5	3	3	7	8	8	6	1	5	18	6	5	48	7	12	5	7	5	8	9	5	3	7	6	9	11	8	11	5	9	4	90	5	7	58	5	140	10	10	8	4	7	7	6	7	5	7	6	8	8	6	2	9	8	8	91	11	3	7	6	6	5	12	6	11	8	58	4	20	6	57	89	5	7	7	5	7	6	9	7	4	7	7	8	5	9	6	59	7	92	8	9	9	39	5	7	4	3	8	10	26	8	10	9	9	8	9	58	6	4	7	7	8	8	5	7	0	8	7	5	13	9	7	7	9	10	6	3	4	8	9	4	9	7	7	10	8	8	5	7	5	8	5	7	7	10	6	5	3	10	5	4	8	4	5	5	10	6	6	4	9	10	9	5	3	10	10	8	8
SHV-7	10	8	11	9	4	8	3	30	8	10	9	8	8	10	9	8	10	8	10	10	11	9	10	9	9	19	88	8	8	88	8	9	7	9	10	8	10	7	7	14	7	9	48	7	10	3	11	7	12	9	7	7	7	8	9	11	8	7	3	11	4	87	9	5	54	5	143	14	8	10	8	11	7	8	7	9	11	8	10	6	6	8	13	10	12	86	7	7	11	10	8	7	12	4	13	10	56	8	22	10	57	88	9	9	9	9	11	8	9	11	8	7	7	10	9	13	8	57	9	87	8	5	7	39	9	9	8	7	14	10	26	10	12	13	9	6	5	58	8	8	7	9	10	12	3	9	8	0	9	9	9	9	9	9	7	10	8	7	8	10	9	8	9	9	9	12	10	10	5	9	7	10	9	9	9	12	8	5	7	12	9	8	12	8	7	9	8	10	8	8	11	14	7	7	7	8	10	10	8
SHV-145	11	5	4	6	9	7	10	29	7	7	10	7	7	3	4	7	7	7	9	7	10	12	3	6	2	18	86	7	5	88	4	6	6	6	3	5	7	6	4	15	7	4	47	6	9	8	4	8	9	8	8	8	6	5	6	10	5	8	6	6	7	87	8	4	55	6	138	13	9	3	7	8	6	7	6	6	4	1	9	5	5	7	10	7	5	88	10	8	4	7	7	4	7	9	6	3	55	7	23	3	54	86	4	2	4	4	4	7	6	4	7	8	6	3	8	12	7	58	6	89	7	8	10	36	4	6	7	6	13	7	23	7	5	10	8	5	6	55	5	9	6	2	3	9	8	6	7	9	0	4	10	12	2	8	8	9	9	8	7	5	8	7	6	6	2	5	3	7	6	2	6	3	6	2	4	5	7	6	6	5	6	7	5	7	6	4	9	5	5	5	4	13	6	4	6	5	9	9	7
SHV-178	9	7	6	8	9	5	10	29	7	7	8	5	5	3	6	5	7	9	11	9	10	12	5	6	4	18	88	7	7	90	2	6	6	6	5	7	7	6	6	17	5	4	49	8	11	8	4	6	9	8	6	8	8	5	8	12	7	10	6	6	7	89	6	6	57	6	138	11	11	5	5	6	6	5	6	6	4	3	9	7	5	7	10	9	5	90	12	8	4	7	5	4	9	9	8	5	57	5	23	3	56	88	2	4	4	4	4	7	8	4	5	8	8	5	8	12	5	58	6	91	7	8	12	38	4	8	5	6	13	7	25	9	7	10	8	7	8	57	5	7	6	4	5	9	8	8	5	9	4	0	12	12	4	10	10	11	9	8	7	7	10	7	8	6	4	7	5	9	6	4	6	5	6	4	6	7	7	6	6	7	4	5	5	5	6	4	9	5	7	3	6	13	8	6	6	7	11	7	7
SHV-165	14	7	12	12	13	13	12	25	9	13	14	13	13	11	12	13	12	11	5	13	12	10	11	12	10	24	82	9	7	82	12	12	12	10	11	7	13	12	10	13	11	10	51	10	3	12	11	12	14	10	12	14	10	9	8	14	7	8	12	8	11	81	14	8	47	10	139	19	11	11	13	14	8	11	8	11	12	9	12	5	9	13	10	13	13	80	10	14	12	13	11	10	9	13	8	11	49	13	21	11	50	82	12	10	12	10	12	13	8	12	13	12	8	11	14	18	11	50	8	81	9	8	6	32	10	12	13	12	19	9	25	13	9	10	10	5	4	51	11	15	8	10	11	11	12	10	13	9	10	12	0	10	10	10	8	13	15	14	13	11	12	13	8	12	10	13	11	13	10	10	12	11	12	10	10	13	13	10	12	13	12	13	13	13	10	10	7	11	11	11	12	19	8	10	12	9	13	15	11
SHV-163	15	13	14	12	9	11	8	27	13	13	14	11	11	13	12	11	13	13	9	13	16	4	13	12	12	20	86	13	13	86	12	10	8	14	13	13	13	8	10	21	13	12	53	12	9	6	14	12	15	14	12	10	12	13	14	16	13	14	8	8	5	85	12	10	53	10	139	17	13	13	11	14	12	13	12	12	14	11	15	11	11	9	10	13	15	86	14	10	14	13	13	12	9	7	10	13	55	11	19	13	54	86	12	12	12	12	14	11	14	14	11	12	12	13	10	14	13	56	12	87	13	12	4	36	12	12	11	8	15	7	31	13	8	10	14	13	12	55	11	9	12	12	13	8	8	12	9	9	12	12	10	0	12	10	12	15	13	10	9	13	14	11	14	12	12	15	13	13	10	12	10	13	10	12	12	15	11	10	8	15	12	11	15	11	12	12	15	13	11	11	14	15	14	10	8	15	15	15	13
SHV-179	11	5	4	6	9	7	10	29	7	7	10	7	7	3	4	7	7	7	9	7	10	12	3	6	2	18	86	7	5	88	4	6	6	6	3	5	7	6	4	15	7	4	47	6	9	8	4	8	9	8	8	8	6	5	6	10	5	8	6	6	7	87	8	4	55	6	138	13	9	3	7	8	6	7	6	6	4	1	9	5	5	7	10	7	5	88	10	8	4	7	7	4	7	9	6	3	55	7	23	3	54	86	4	2	4	4	4	7	6	4	7	8	6	3	8	12	7	58	6	89	7	8	10	36	4	6	7	6	13	7	23	7	5	10	8	5	6	55	5	9	6	2	3	9	8	6	7	9	2	4	10	12	0	8	8	9	9	8	7	5	8	7	6	6	2	5	3	7	6	2	6	3	6	2	4	5	7	6	6	5	6	7	5	7	6	4	9	5	5	5	4	13	6	4	6	5	9	9	7
SHV-3	13	7	10	8	9	7	8	31	9	9	12	7	7	9	8	9	9	9	11	7	12	10	9	10	8	18	88	9	7	88	10	6	6	10	9	7	9	6	6	15	11	8	47	8	9	6	10	10	11	10	10	8	8	9	8	10	7	10	8	12	5	87	10	8	55	8	142	13	7	9	9	12	8	11	8	8	10	7	9	5	9	7	12	7	11	88	8	8	10	9	11	8	13	7	12	9	55	9	25	9	56	88	10	8	10	8	10	7	8	10	7	10	6	9	8	12	11	58	6	89	9	10	8	38	8	8	7	6	13	13	25	7	11	12	10	7	6	56	9	9	8	8	9	11	8	2	7	9	8	10	10	10	8	0	2	9	11	8	7	7	8	9	8	10	8	11	9	7	8	8	6	9	8	8	8	11	7	8	6	11	10	7	11	7	8	8	9	9	5	9	10	13	10	6	6	11	9	13	11
SHV-4	13	7	10	8	9	7	8	29	7	9	12	7	7	9	8	9	9	9	11	7	10	12	9	10	8	20	88	7	7	88	10	8	8	10	9	7	9	8	6	13	11	8	47	8	9	8	10	10	11	8	10	10	6	9	8	10	7	8	8	12	7	87	10	8	53	8	143	13	7	9	9	12	6	11	6	8	10	7	9	5	9	9	12	7	11	86	6	10	10	9	11	6	13	9	12	9	53	9	25	9	56	88	10	8	10	8	10	7	8	10	7	10	6	9	10	14	11	56	6	87	7	8	8	38	8	8	7	8	15	13	25	7	11	12	8	5	4	56	9	11	6	8	9	11	8	2	9	7	8	10	8	12	8	2	0	9	11	10	9	7	8	9	8	10	8	11	9	7	8	8	6	9	10	8	8	11	7	8	8	11	10	7	11	7	8	8	7	9	5	9	10	15	8	6	8	9	9	13	11
SHV-205	12	8	11	9	12	8	13	34	12	8	11	8	8	10	8	10	10	6	10	6	15	15	10	9	9	21	88	12	8	90	11	9	9	7	10	8	8	9	7	18	10	7	40	5	12	11	11	9	12	13	9	11	9	8	9	5	8	11	9	13	10	89	11	7	58	7	142	14	2	10	8	11	11	8	11	9	9	8	8	8	8	10	11	8	12	90	3	11	9	10	8	9	14	12	13	10	56	10	24	10	57	88	11	9	11	9	11	6	9	9	8	7	7	10	11	15	8	61	11	91	10	9	13	39	9	7	8	9	15	14	26	2	12	11	13	8	9	55	8	12	11	9	10	12	11	7	10	10	9	11	13	15	9	9	9	0	12	11	10	8	3	10	9	9	9	12	10	4	7	9	7	10	9	9	7	12	6	7	9	12	11	8	12	8	7	9	12	10	6	10	11	16	9	7	9	10	2	12	8
SHV-222	12	10	11	9	8	8	9	34	12	10	11	8	8	10	9	8	10	10	14	10	15	13	10	9	9	19	89	12	10	91	8	9	7	11	10	10	10	5	7	20	9	9	50	9	14	7	11	9	12	13	9	5	9	10	11	13	10	13	5	11	8	90	9	9	60	7	143	14	12	10	8	11	11	10	11	9	11	8	12	10	8	6	13	10	12	91	13	3	11	10	10	9	14	8	13	10	60	8	22	10	59	89	9	9	9	9	11	8	11	11	8	9	9	10	9	13	10	63	11	92	12	11	13	41	9	9	8	7	12	12	28	10	12	13	13	10	11	60	8	10	11	9	10	12	7	9	6	8	9	9	15	13	9	11	11	12	0	5	8	10	11	6	11	9	9	12	10	10	7	9	7	10	9	9	9	12	8	7	7	12	9	8	12	8	9	9	14	10	8	8	11	14	11	7	7	12	12	12	10
SHV-198	11	9	10	8	5	7	6	33	11	9	10	7	7	9	8	7	9	9	13	9	14	10	9	8	8	16	89	11	9	91	7	6	4	10	9	9	9	2	6	19	8	8	49	8	13	4	10	8	11	12	8	2	8	9	10	12	9	12	4	10	5	90	8	8	59	6	142	13	11	9	7	10	10	9	10	8	10	7	11	9	7	3	12	9	11	91	12	2	10	9	9	8	13	5	12	9	59	7	21	9	58	89	8	8	8	8	10	7	10	10	7	8	8	9	6	10	9	62	10	92	11	10	10	40	8	8	7	4	9	11	27	9	11	12	12	9	10	59	7	7	10	8	9	11	4	8	3	7	8	8	14	10	8	8	10	11	5	0	5	9	10	5	10	8	8	11	9	9	6	8	6	9	6	8	8	11	7	6	4	11	8	7	11	7	8	8	13	9	7	7	10	11	10	6	4	11	11	11	9
SHV-195	10	8	9	7	6	6	7	32	10	8	9	6	6	8	7	6	8	8	12	8	13	9	8	7	7	15	89	10	8	91	7	5	3	9	8	8	8	3	5	18	8	7	48	7	12	5	9	7	10	11	7	5	7	8	9	11	8	11	5	9	4	90	7	7	58	5	142	12	10	8	6	9	9	8	9	7	9	6	10	8	6	4	11	8	10	91	11	5	9	8	8	7	12	6	11	8	58	6	22	8	57	89	7	7	7	7	9	6	9	9	6	7	7	8	5	9	8	61	9	92	10	9	9	39	7	7	6	1	10	10	26	8	10	11	11	8	9	58	6	6	9	7	8	10	5	7	4	8	7	7	13	9	7	7	9	10	8	5	0	8	9	6	9	7	7	10	8	8	5	7	5	8	5	7	7	10	6	5	3	10	7	6	10	6	7	7	12	8	6	6	9	10	9	5	3	10	10	10	8
SHV-201	12	6	7	7	10	6	11	30	8	8	11	6	6	6	7	8	8	8	10	6	11	13	6	7	5	19	87	8	6	89	7	7	7	7	6	6	8	7	5	16	8	5	46	7	10	9	7	9	10	9	9	9	7	6	7	9	6	9	7	9	8	88	9	5	56	7	140	12	8	6	8	9	7	8	7	7	7	4	8	6	6	8	11	6	8	89	9	9	7	8	8	7	10	10	9	6	54	8	24	6	55	87	7	5	7	5	7	6	7	7	6	9	7	6	9	13	8	59	7	90	8	9	11	37	5	7	6	7	14	10	24	6	8	11	9	6	7	55	6	10	7	5	6	10	9	5	8	10	5	7	11	13	5	7	7	8	10	9	8	0	5	8	7	7	5	8	6	6	7	5	5	6	7	5	5	8	6	7	7	8	7	6	8	6	7	5	10	6	4	6	7	14	5	3	7	8	8	12	8
SHV-212	11	7	10	8	11	7	12	33	11	7	10	7	7	9	8	9	9	5	9	5	14	14	9	8	8	20	88	11	7	90	10	8	8	6	9	7	7	8	6	17	9	6	41	4	11	10	10	8	11	12	8	10	8	7	8	4	7	10	8	12	9	89	10	6	57	6	142	13	3	9	9	10	10	7	10	8	8	7	7	7	7	9	10	7	11	90	4	10	8	9	7	8	13	11	12	9	55	9	23	9	56	88	10	8	10	8	10	5	8	8	7	6	6	9	10	14	7	60	10	91	11	8	12	38	8	6	7	8	15	13	25	3	11	10	12	7	8	56	7	11	10	8	9	11	10	6	9	9	8	10	12	14	8	8	8	3	11	10	9	5	0	9	8	8	8	11	9	3	6	8	6	9	8	8	6	11	5	6	8	11	10	7	11	7	6	8	11	9	5	9	10	15	8	6	8	9	3	11	7
SHV-204	10	8	9	7	8	6	9	32	10	8	9	6	6	8	7	6	8	8	12	8	13	11	8	7	7	17	89	10	8	91	7	7	5	9	8	8	8	3	5	18	8	7	48	7	12	7	9	7	10	11	5	5	7	8	9	11	8	11	5	9	6	90	7	7	58	5	143	12	10	8	6	9	9	8	9	7	9	6	10	8	6	2	11	8	10	91	11	5	9	8	8	7	12	8	11	8	58	6	16	8	57	89	7	7	7	7	9	6	9	9	6	7	7	8	7	11	8	61	9	92	10	9	11	39	7	7	6	5	10	10	26	8	10	11	11	8	9	58	6	8	9	7	8	10	7	7	4	8	7	7	13	11	7	9	9	10	6	5	6	8	9	0	9	7	7	10	8	8	5	7	5	8	7	7	7	10	6	5	5	10	7	6	10	6	7	7	12	8	6	6	9	12	9	5	5	10	10	10	8
SHV-197	11	3	8	8	11	9	12	31	9	9	10	9	9	7	8	9	9	7	9	9	12	14	7	8	6	20	84	9	3	86	8	8	8	6	7	3	9	8	6	13	7	6	47	6	7	10	8	8	11	10	8	10	8	5	4	10	3	8	8	10	9	85	10	4	53	6	141	15	9	7	9	10	8	7	8	8	8	5	9	3	5	9	12	9	9	86	10	10	8	9	7	8	11	11	10	7	53	9	23	7	52	84	8	6	8	6	8	9	4	8	9	8	4	7	10	14	7	56	6	87	9	8	12	34	6	8	9	8	15	11	21	9	9	12	10	3	4	53	7	11	8	6	7	11	10	6	9	9	6	8	8	14	6	8	8	9	11	10	9	7	8	9	0	8	6	9	7	9	6	6	8	7	8	6	6	9	9	6	8	9	8	9	9	9	6	6	7	7	7	7	8	15	6	6	8	7	9	11	7
SHV-216	11	7	8	8	9	7	8	31	9	7	10	7	7	7	8	7	9	6	9	9	12	12	7	2	6	18	88	9	7	90	6	8	6	6	7	7	7	6	6	17	7	4	47	6	11	8	8	8	11	10	8	8	8	7	8	10	7	10	6	8	7	89	8	6	57	6	142	13	9	7	7	4	8	5	8	8	6	5	11	7	5	7	10	9	9	90	10	8	6	9	5	8	11	9	10	7	57	7	23	7	56	88	6	6	6	6	8	5	8	6	7	6	8	7	8	12	3	60	8	91	9	4	12	38	6	8	7	6	13	9	25	7	9	10	10	7	8	57	1	9	8	6	7	11	8	8	7	9	6	6	12	12	6	10	10	9	9	8	7	7	8	7	8	0	6	9	7	7	6	6	6	7	4	6	4	9	5	6	6	9	6	7	9	7	8	6	11	7	7	5	8	13	8	6	6	9	9	11	3
SHV-194	11	5	4	6	9	7	10	29	7	7	10	7	7	3	4	7	7	7	9	7	10	12	3	6	2	18	86	7	5	88	4	6	6	6	3	5	7	6	4	15	7	4	47	6	9	8	4	8	9	8	8	8	6	5	6	10	5	8	6	6	7	87	8	4	55	6	138	13	9	3	7	8	6	7	6	6	4	1	9	5	5	7	10	7	5	88	10	8	4	7	7	4	7	9	6	3	55	7	23	3	54	86	4	2	2	4	4	7	6	4	7	8	6	3	8	12	7	58	6	89	7	8	10	36	4	6	7	6	13	7	23	7	5	10	8	5	6	55	5	9	6	2	3	9	8	6	7	9	2	4	10	12	2	8	8	9	9	8	7	5	8	7	6	6	0	5	3	7	6	2	6	3	6	2	4	5	7	6	6	5	6	7	5	7	6	4	9	5	5	5	4	13	6	4	6	5	9	9	7
SHV-220	14	8	7	9	12	10	13	32	10	10	13	10	10	6	5	10	10	10	12	10	13	15	6	9	5	21	89	10	8	91	7	9	9	9	2	8	10	9	7	18	10	7	50	9	12	11	5	11	12	11	11	11	9	8	9	13	8	11	9	9	10	90	11	7	58	9	140	16	12	6	10	11	9	10	9	9	7	4	12	8	8	10	13	10	8	91	13	11	7	10	10	7	10	12	9	6	58	10	26	6	57	89	7	5	7	7	7	10	9	7	10	11	9	6	11	15	10	61	9	92	10	11	13	39	7	9	10	9	16	10	26	10	8	13	11	8	9	58	8	12	9	5	6	12	11	9	10	12	5	7	13	15	5	11	11	12	12	11	10	8	11	10	9	9	5	0	6	10	9	5	9	6	9	5	7	8	10	9	9	8	9	10	8	10	9	7	12	8	8	8	7	16	9	7	9	8	12	12	10
SHV-210	12	6	5	7	10	8	11	30	8	8	11	8	8	4	5	8	8	8	10	8	11	13	4	7	3	19	87	8	6	89	5	7	7	7	4	6	8	7	5	16	8	5	48	7	10	9	5	9	10	9	9	9	7	6	7	11	6	9	7	7	8	88	9	5	56	7	139	14	10	4	8	9	7	8	7	7	5	2	10	6	6	8	11	8	6	89	11	9	5	8	8	5	8	10	7	4	56	8	24	4	55	87	5	3	5	5	5	8	7	5	8	9	7	4	9	13	8	59	7	90	8	9	11	37	5	7	8	7	14	8	24	8	6	11	9	6	7	56	6	10	7	3	4	10	9	7	8	10	3	5	11	13	3	9	9	10	10	9	8	6	9	8	7	7	3	6	0	8	7	3	7	4	7	3	5	6	8	7	7	6	7	8	6	8	7	5	10	6	6	6	5	14	7	5	7	6	10	10	8
SHV-208	12	8	9	7	10	6	11	32	10	6	11	6	6	8	7	8	8	6	10	4	13	13	8	7	7	19	89	10	8	91	9	7	7	7	8	8	6	7	5	18	10	5	42	5	12	9	9	9	10	11	9	9	7	8	9	5	8	11	7	11	8	90	9	7	58	7	142	12	4	8	8	9	9	8	9	7	7	6	8	8	8	8	9	6	10	91	5	9	7	8	8	7	12	10	11	8	56	8	24	8	57	89	9	7	9	7	9	4	9	7	6	7	7	8	9	13	8	61	9	92	10	9	11	39	7	5	6	7	14	12	26	2	10	9	11	8	9	57	6	10	9	7	8	10	9	5	8	10	7	9	13	13	7	7	7	4	10	9	8	6	3	8	9	7	7	10	8	0	7	7	5	8	7	7	5	10	4	7	7	10	9	6	10	6	7	7	12	8	4	8	9	14	9	5	7	10	4	12	8
SHV-206	7	5	8	6	7	5	8	31	9	7	6	5	5	7	6	5	7	5	9	7	12	10	7	6	6	16	86	9	5	88	6	6	4	6	7	5	7	4	4	15	5	6	45	4	9	6	8	4	9	10	4	6	6	5	6	8	5	8	4	8	5	87	6	4	55	2	141	11	7	7	5	8	8	5	8	6	8	5	7	5	3	5	10	7	9	88	8	6	8	7	5	6	11	7	10	7	55	5	19	7	54	86	6	6	6	6	8	5	6	8	5	4	4	7	6	10	5	57	8	89	9	6	10	36	6	6	5	4	11	9	23	7	9	10	10	5	6	55	5	7	8	6	7	9	6	6	5	5	6	6	10	10	6	8	8	7	7	6	5	7	6	5	6	6	6	9	7	7	0	6	4	7	6	6	6	9	5	2	4	9	6	5	9	5	4	6	9	7	5	5	8	11	6	4	4	7	7	7	5
SHV-226	11	5	4	6	9	7	10	29	7	7	10	7	7	3	4	7	7	7	9	7	10	12	3	6	2	18	85	7	5	87	4	6	6	6	3	5	7	6	4	15	7	4	47	6	9	8	4	8	9	8	8	8	6	5	6	10	5	8	6	6	7	86	8	4	54	6	137	13	9	3	7	8	6	7	6	6	4	1	9	5	5	7	10	7	5	87	10	8	4	7	7	4	7	9	6	3	54	7	23	3	53	85	4	2	4	4	4	7	6	4	7	8	6	3	8	12	7	57	6	88	7	8	10	36	4	6	7	6	13	7	23	7	5	10	8	5	6	54	5	9	6	2	3	9	8	6	7	9	2	4	10	12	2	8	8	9	9	8	7	5	8	7	6	6	2	5	3	7	6	0	6	3	6	2	4	5	7	6	6	5	6	7	5	7	6	4	9	5	5	5	4	13	6	4	6	5	9	9	7
SHV-196	9	7	8	6	7	3	8	31	9	7	8	3	3	7	6	5	7	7	11	5	12	10	7	6	6	16	87	9	7	89	6	6	4	8	7	7	7	4	4	17	7	6	45	6	11	6	8	6	9	10	6	6	6	7	8	8	7	10	4	8	5	88	6	6	56	4	140	9	7	7	5	8	8	7	8	6	8	5	7	7	5	5	10	5	9	89	8	6	8	7	7	6	11	7	10	7	54	5	21	7	55	87	6	6	6	6	8	3	8	8	3	6	6	7	6	10	7	59	8	90	9	8	10	38	6	6	3	4	11	9	25	5	9	10	10	7	8	55	5	7	8	6	7	9	6	4	5	7	6	6	12	10	6	6	6	7	7	6	5	5	6	5	8	6	6	9	7	5	4	6	0	7	6	6	6	9	3	4	4	9	6	3	9	3	6	6	11	7	3	5	8	11	8	4	4	9	7	9	7
SHV-211	12	6	5	7	10	8	11	30	8	8	11	8	8	4	5	8	8	8	10	8	11	13	4	7	3	19	85	8	6	87	5	7	7	7	4	6	8	7	5	16	8	5	48	7	10	9	5	9	10	9	9	9	7	6	7	11	6	9	7	7	8	86	9	5	54	7	137	14	10	4	8	9	7	8	7	7	5	2	10	6	6	8	11	8	6	87	11	9	5	8	8	5	8	10	7	4	54	8	24	4	53	85	5	3	5	5	5	8	7	5	8	9	7	4	9	13	8	57	7	88	8	9	11	35	5	7	8	7	14	8	24	8	6	11	9	6	7	54	6	10	7	3	4	10	9	7	8	10	3	5	11	13	3	9	9	10	10	9	8	6	9	8	7	7	3	6	4	8	7	3	7	0	7	3	5	6	8	7	7	6	7	8	6	8	7	5	10	6	6	6	5	14	7	5	7	6	10	10	8
SHV-219	11	7	8	8	7	7	8	31	9	7	10	7	7	7	8	7	9	7	9	9	12	10	7	4	6	16	87	9	7	89	6	6	4	6	7	7	7	4	6	17	7	4	47	6	11	6	8	8	11	10	8	6	8	7	8	10	7	10	6	8	5	88	8	6	56	6	140	13	9	7	7	6	8	5	8	8	6	5	11	7	5	5	10	9	9	89	10	6	6	9	5	8	11	7	10	7	56	7	23	7	55	87	6	6	6	6	8	5	8	6	7	6	8	7	6	10	5	59	8	90	9	6	10	38	6	8	7	4	11	9	25	7	9	10	10	7	8	56	3	7	8	6	7	11	6	8	5	9	6	6	12	10	6	8	10	9	9	6	5	7	8	7	8	4	6	9	7	7	6	6	6	7	0	6	4	9	5	6	4	9	6	7	9	7	8	6	11	7	7	5	8	11	8	6	4	9	9	11	5
SHV-199	11	5	4	6	9	7	10	29	7	7	10	7	7	3	4	7	7	7	9	7	10	12	3	6	2	18	86	7	5	88	4	6	6	6	3	5	7	6	4	15	7	4	47	6	9	8	4	8	9	8	8	8	6	5	6	10	5	8	6	6	7	87	8	4	55	6	138	13	9	3	7	8	6	7	6	6	4	1	9	5	5	7	10	7	5	88	10	8	4	7	7	4	7	9	6	3	55	7	23	3	54	86	4	2	4	4	4	7	6	4	7	8	6	3	8	12	7	58	6	89	7	8	10	36	4	6	7	6	13	7	23	7	5	10	8	5	6	55	5	9	6	2	3	9	8	6	7	9	2	4	10	12	2	8	8	9	9	8	7	5	8	7	6	6	2	5	3	7	6	2	6	3	6	0	4	5	7	6	6	5	6	7	5	7	6	4	9	5	5	5	4	13	6	4	6	5	9	9	7
SHV-227	11	5	6	6	9	7	10	29	7	5	10	7	7	5	6	7	7	5	7	7	10	12	5	4	4	18	86	7	5	88	6	6	6	4	5	5	5	6	4	15	7	2	45	4	9	8	6	8	9	8	8	8	6	5	6	8	5	8	6	8	7	87	8	4	55	6	140	13	7	5	7	6	6	5	6	6	4	3	9	5	5	7	8	7	7	88	8	8	4	7	5	6	9	9	8	5	55	7	23	5	54	86	6	4	6	4	6	5	6	4	7	6	6	5	8	12	5	58	6	88	7	6	10	36	4	6	7	6	13	9	23	5	7	8	8	5	6	55	3	9	6	4	5	9	8	6	7	9	4	6	10	12	4	8	8	7	9	8	7	5	6	7	6	4	4	7	5	5	6	4	6	5	4	4	0	7	5	6	6	7	6	7	7	7	6	4	9	5	5	5	6	13	6	4	6	7	7	11	5
SHV-223	14	8	7	9	12	10	13	32	10	10	13	10	10	6	7	10	10	10	12	10	13	15	6	9	5	21	89	10	8	91	7	9	9	9	6	8	10	9	7	17	10	7	50	9	12	11	7	11	12	11	11	11	9	8	9	13	8	11	9	9	10	90	11	7	58	9	141	16	12	6	10	11	9	10	9	9	7	4	12	8	8	10	13	10	8	91	13	11	7	10	10	7	10	12	9	6	58	10	26	6	57	89	7	5	7	7	7	10	9	7	10	11	9	6	11	15	10	61	9	92	10	11	13	39	7	9	10	9	16	10	26	10	8	13	11	8	9	58	8	12	9	5	6	12	11	9	10	12	5	7	13	15	5	11	11	12	12	11	10	8	11	10	9	9	5	8	6	10	9	5	9	6	9	5	7	0	10	9	9	8	9	10	8	10	9	7	12	8	8	8	5	16	9	7	9	8	12	12	10
SHV-214	10	8	9	7	8	4	9	32	10	6	9	4	4	8	7	6	8	6	10	6	13	11	8	5	7	17	89	10	8	91	7	7	5	7	8	8	6	5	5	18	8	5	44	5	12	7	9	7	10	11	7	7	7	8	9	7	8	11	5	9	6	90	7	7	58	5	142	10	6	8	6	7	9	6	9	7	7	6	8	8	6	6	9	6	10	91	7	7	7	8	6	7	12	8	11	8	56	6	22	8	57	89	7	7	7	7	9	2	9	7	4	5	7	8	7	11	6	61	9	92	10	7	11	39	7	7	4	5	12	10	26	4	10	9	11	8	9	57	4	8	9	7	8	10	7	5	6	8	7	7	13	11	7	7	7	6	8	7	6	6	5	6	9	5	7	10	8	4	5	7	3	8	5	7	5	10	0	5	5	10	7	4	10	4	7	7	12	8	4	6	9	12	9	5	5	10	6	10	6
SHV-207	7	5	8	6	7	5	8	31	9	7	6	5	5	7	6	5	7	5	9	7	12	10	7	6	6	16	86	9	5	88	6	6	4	6	7	5	7	4	4	15	5	6	45	4	9	6	8	4	9	10	4	6	6	5	6	8	5	8	4	8	5	87	6	4	55	2	141	11	7	7	5	8	8	5	8	6	8	5	7	5	3	5	10	7	9	88	8	6	8	7	5	6	11	7	10	7	55	3	19	7	54	86	6	6	6	6	8	5	6	8	5	4	4	7	6	10	5	58	8	89	9	6	10	36	6	6	5	4	11	9	23	7	9	10	10	5	6	55	5	7	8	6	7	9	6	6	5	5	6	6	10	10	6	8	8	7	7	6	5	7	6	5	6	6	6	9	7	7	2	6	4	7	6	6	6	9	5	0	4	9	6	5	9	5	4	6	9	7	5	5	8	11	6	4	4	7	7	7	5
SHV-1b-b	9	7	8	6	5	5	6	31	9	7	8	5	5	7	6	5	7	7	11	7	12	8	7	6	6	14	88	9	7	90	6	4	2	8	7	7	7	2	4	17	7	6	47	6	11	4	8	6	9	10	6	4	6	7	8	10	7	10	4	8	3	89	6	6	57	4	141	11	9	7	5	8	8	7	8	6	8	5	9	7	5	3	10	7	9	90	10	4	8	7	7	6	11	5	10	7	57	5	21	7	56	88	6	6	6	6	8	5	8	8	5	6	6	7	4	8	7	60	8	91	9	8	8	38	6	6	5	2	9	9	25	7	9	10	10	7	8	57	5	5	8	6	7	9	4	6	3	7	6	6	12	8	6	6	8	9	7	4	3	7	8	5	8	6	6	9	7	7	4	6	4	7	4	6	6	9	5	4	0	9	6	5	9	5	6	6	11	7	5	5	8	9	8	4	2	9	9	9	7
SHV-218	14	8	1	9	12	10	13	31	10	10	13	10	10	6	7	10	10	10	12	10	13	15	6	9	5	21	88	10	8	90	7	9	9	9	6	8	10	9	7	18	10	7	50	9	12	11	7	11	12	11	11	11	9	8	9	13	8	11	9	9	10	89	11	7	57	9	140	16	12	6	10	11	9	10	9	9	7	4	12	8	8	10	13	10	8	90	13	11	6	10	10	7	10	12	9	6	57	10	26	6	56	88	7	5	7	7	7	10	9	7	10	11	9	6	11	15	10	60	9	91	10	11	13	38	7	9	10	9	16	10	26	10	8	13	11	8	9	57	8	12	9	5	6	12	11	9	10	12	5	7	13	15	5	11	11	12	12	11	10	8	11	10	9	9	5	8	6	10	9	5	9	6	9	5	7	8	10	9	9	0	9	10	8	10	9	7	12	8	8	8	7	16	9	7	9	8	12	12	10
SHV-193	9	7	8	8	9	5	10	29	7	7	8	5	5	5	8	5	7	9	11	9	10	12	7	6	6	18	88	7	7	90	4	6	6	6	7	7	7	6	6	17	5	4	49	8	11	8	6	6	9	8	6	8	8	5	8	12	7	10	6	8	7	89	6	6	57	6	140	11	11	7	5	6	6	5	6	6	6	5	9	7	5	7	10	9	7	90	12	8	6	7	5	6	11	9	10	7	57	5	23	5	56	88	4	6	6	4	6	7	8	6	5	8	8	7	8	12	5	58	6	91	7	8	12	38	4	8	5	6	13	9	25	9	9	10	8	7	8	57	5	7	6	6	7	9	8	8	5	9	6	4	12	12	6	10	10	11	9	8	7	7	10	7	8	6	6	9	7	9	6	6	6	7	6	6	6	9	7	6	6	9	0	5	7	5	6	4	9	5	7	3	8	13	8	6	6	9	11	9	7
SHV-224	8	8	9	7	8	2	9	30	8	6	7	2	2	6	7	4	6	8	12	6	11	11	8	7	7	17	89	8	8	91	5	5	5	7	8	8	6	5	5	18	6	5	46	7	12	7	7	5	8	9	5	7	7	6	9	9	8	11	5	9	6	90	5	7	58	5	140	8	8	8	4	7	7	6	7	5	7	6	6	8	6	6	9	6	8	91	9	7	7	6	6	5	12	8	11	8	56	4	22	6	57	89	5	7	7	5	7	4	9	7	2	7	7	8	7	11	6	59	7	92	8	9	11	39	5	7	2	5	12	10	26	6	10	9	9	8	9	57	6	6	7	7	8	8	7	5	4	8	7	5	13	11	7	7	7	8	8	7	6	6	7	6	9	7	7	10	8	6	5	7	3	8	7	7	7	10	4	5	5	10	5	0	8	2	5	5	10	6	4	4	9	12	9	5	5	10	8	8	8
SHV-225	12	8	7	9	12	8	13	30	8	8	11	8	8	4	7	8	8	10	12	10	11	15	6	9	5	21	89	8	8	91	5	7	9	7	6	8	8	9	7	18	8	5	50	9	12	11	5	9	10	9	9	11	9	6	9	13	8	11	9	9	10	90	9	7	58	9	139	14	12	6	8	9	7	8	7	7	5	4	8	8	8	10	11	10	6	91	13	11	5	8	8	5	10	12	9	6	58	8	26	4	57	89	5	5	7	5	5	10	9	5	8	11	9	6	11	15	8	59	7	92	8	11	13	39	5	9	8	9	16	10	26	10	8	11	9	8	9	58	8	10	7	5	6	10	11	9	8	12	5	5	13	15	5	11	11	12	12	11	10	8	11	10	9	9	5	8	6	10	9	5	9	6	9	5	7	8	10	9	9	8	7	8	0	8	7	5	10	6	8	6	7	16	9	7	9	8	12	10	10
SHV-209	8	8	9	7	8	2	9	30	8	6	7	2	2	6	7	4	6	8	12	6	11	11	8	7	7	17	89	8	8	91	5	5	5	7	8	8	6	5	5	18	6	5	46	7	12	7	7	5	8	9	5	7	7	6	9	9	8	11	5	9	6	90	5	7	58	5	140	8	8	8	4	7	7	6	7	5	7	6	6	8	6	6	9	6	8	91	9	7	7	6	6	5	12	8	11	8	56	4	22	6	57	89	5	7	7	5	7	4	9	7	2	7	7	8	7	11	6	59	7	92	8	9	11	39	5	7	2	5	12	10	26	6	10	9	9	8	9	57	6	6	7	7	8	8	7	5	4	8	7	5	13	11	7	7	7	8	8	7	6	6	7	6	9	7	7	10	8	6	5	7	3	8	7	7	7	10	4	5	5	10	5	2	8	0	5	5	10	6	4	4	9	12	9	5	5	10	8	8	8
SHV-215	7	5	8	6	9	5	10	29	7	5	6	5	5	5	6	5	5	5	9	7	10	12	7	8	6	18	86	7	5	88	6	4	6	4	7	5	5	6	4	15	5	4	45	4	9	8	6	4	7	8	4	8	6	3	6	8	5	8	6	10	7	87	6	4	55	4	139	11	7	7	5	8	6	5	6	4	6	5	5	5	5	7	8	7	7	88	8	8	6	5	5	4	11	9	10	7	55	5	21	5	54	86	6	6	8	4	6	7	6	6	5	6	4	7	8	12	5	56	6	89	7	8	10	36	4	6	5	6	13	11	23	7	9	8	8	5	6	55	7	7	6	6	7	7	8	6	5	7	6	6	10	12	6	8	8	7	9	8	7	7	6	7	6	8	6	9	7	7	4	6	6	7	8	6	6	9	7	4	6	9	6	5	7	5	0	4	7	5	5	5	8	13	6	4	6	7	7	7	7
SHV-228	9	5	6	6	9	5	10	27	5	5	8	5	5	3	6	5	5	7	9	7	8	12	5	6	4	18	86	5	5	88	4	4	6	4	5	5	5	6	4	15	5	2	47	6	9	8	4	6	7	6	6	8	6	3	6	10	5	8	6	8	7	87	6	4	55	6	137	11	9	5	5	6	4	5	4	4	4	3	7	5	5	7	8	7	5	88	10	8	4	5	5	4	9	9	8	5	55	5	23	3	54	86	4	4	6	2	4	7	6	4	5	8	6	5	8	12	5	56	4	89	5	8	10	36	2	6	5	6	13	9	23	7	7	8	6	5	6	55	5	7	4	2	5	7	8	6	5	9	4	4	10	12	4	8	8	9	9	8	7	5	8	7	6	6	4	7	5	7	6	4	6	5	6	4	4	7	7	6	6	7	4	5	5	5	4	0	7	3	5	3	6	13	6	4	6	7	9	9	7
SHV-200	12	6	11	11	12	10	11	28	6	10	11	10	10	8	11	10	10	10	10	12	9	15	10	11	9	23	87	6	6	87	9	9	11	7	10	6	10	11	9	12	8	7	50	9	8	11	9	9	12	7	9	13	7	6	7	13	6	7	11	12	10	86	11	7	52	9	142	16	10	10	8	9	5	8	5	9	9	8	10	4	8	12	13	12	10	85	9	13	9	10	8	7	14	12	13	10	54	8	26	8	55	87	9	9	11	7	9	12	7	9	10	11	7	10	13	17	8	53	5	86	6	7	11	37	7	9	10	11	18	14	24	12	12	13	7	4	3	56	10	12	5	9	10	12	11	9	10	8	9	9	7	15	9	9	7	12	14	13	12	10	11	12	7	11	9	12	10	12	9	9	11	10	11	9	9	12	12	9	11	12	9	10	10	10	7	7	0	8	10	8	11	18	7	9	11	8	12	12	10
SHV-203	10	6	7	7	10	6	11	28	6	6	9	6	6	4	7	6	6	8	10	8	9	13	6	7	5	19	87	6	6	89	5	5	7	5	6	6	6	7	5	16	6	3	48	7	10	9	5	7	8	7	7	9	7	4	7	11	6	9	7	9	8	88	7	5	56	7	139	12	10	6	6	7	5	6	5	5	5	4	8	6	6	8	9	8	6	89	11	9	5	6	6	5	10	10	9	6	56	6	24	4	55	87	5	5	7	3	5	8	7	5	6	9	7	6	9	13	6	57	5	90	6	9	11	37	3	7	6	7	14	10	24	8	8	9	7	6	7	56	6	8	5	5	6	8	9	7	6	10	5	5	11	13	5	9	9	10	10	9	8	6	9	8	7	7	5	8	6	8	7	5	7	6	7	5	5	8	8	7	7	8	5	6	6	6	5	3	8	0	6	4	7	14	7	5	6	8	10	10	8
SHV-217	10	6	7	5	8	4	9	30	8	6	9	4	4	6	5	6	6	6	10	4	11	11	6	7	5	17	87	8	6	89	7	5	5	7	6	6	6	5	3	16	8	5	44	5	10	7	7	7	8	9	7	7	5	6	7	7	6	9	5	9	6	88	7	5	56	5	140	10	6	6	6	9	7	8	7	5	7	4	6	6	6	6	9	4	8	89	7	7	7	6	8	5	10	8	9	6	54	6	22	6	55	87	7	5	7	5	7	4	7	7	4	7	5	6	7	11	8	59	7	90	8	9	9	37	5	5	4	5	12	10	24	4	8	9	9	6	7	55	6	8	7	5	6	8	7	3	6	8	5	7	11	11	5	5	5	6	8	7	6	4	5	6	7	7	5	8	6	4	5	5	3	6	7	5	5	8	4	5	5	8	7	4	8	4	5	5	10	6	0	6	7	12	7	3	5	8	6	10	8
SHV-213	8	6	7	7	8	4	9	28	6	6	7	4	4	4	7	4	6	8	10	8	9	11	6	5	5	17	87	6	6	89	3	5	5	5	6	6	6	5	5	16	4	3	48	7	10	7	5	5	8	7	5	7	7	4	7	11	6	9	5	7	6	88	5	5	56	5	139	10	10	6	4	5	5	4	5	5	5	4	8	6	4	6	9	8	6	89	11	7	5	6	4	5	10	8	9	6	56	4	22	4	55	87	3	5	5	3	5	6	7	5	4	7	7	6	7	11	4	57	5	90	6	7	11	37	3	7	4	5	12	8	24	8	8	9	7	6	7	56	4	6	5	5	6	8	7	7	4	8	5	3	11	11	5	9	9	10	8	7	6	6	9	6	7	5	5	8	6	8	5	5	5	6	5	5	5	8	6	5	5	8	3	4	6	4	5	3	8	4	6	0	7	12	7	5	5	8	10	8	6
SHV-221	13	7	6	8	11	9	12	31	9	9	12	9	9	5	6	9	9	9	11	9	12	14	5	8	4	20	87	9	7	89	6	8	8	8	5	7	9	8	6	16	9	6	49	8	11	10	6	10	11	10	10	10	8	7	8	12	7	10	8	8	9	88	10	6	57	8	139	15	11	5	9	10	8	9	8	8	6	3	11	7	7	9	12	9	7	89	12	10	6	9	9	6	9	11	8	5	57	9	25	5	54	87	6	4	6	6	6	9	8	6	9	10	8	5	10	14	9	60	8	90	9	10	12	38	6	8	9	8	15	9	25	9	7	12	10	7	8	57	7	11	8	4	5	11	10	8	9	11	4	6	12	14	4	10	10	11	11	10	9	7	10	9	8	8	4	7	5	9	8	4	8	5	8	4	6	5	9	8	8	7	8	9	7	9	8	6	11	7	7	7	0	15	8	6	8	7	11	11	9
SHV-202	16	14	15	13	12	12	13	38	16	14	15	12	12	14	13	12	14	14	18	14	19	15	14	13	13	7	94	16	14	96	13	11	7	15	14	14	13	9	11	24	14	13	54	13	18	11	15	13	16	17	13	11	13	14	15	17	14	17	11	15	10	95	13	13	64	11	147	18	16	14	12	15	15	14	15	13	15	12	16	14	12	10	17	14	16	96	17	11	15	14	14	13	18	12	17	14	64	12	28	14	63	94	13	13	13	13	15	12	15	15	12	13	13	14	9	1	14	67	15	97	16	15	15	45	13	13	12	9	16	16	32	14	16	17	17	14	15	64	12	12	15	13	14	16	11	13	10	14	13	13	19	15	13	13	15	16	14	11	10	14	15	12	15	13	13	16	14	14	11	13	11	14	11	13	13	16	12	11	9	16	13	12	16	12	13	13	18	14	12	12	15	0	15	11	9	16	16	16	14
SHV-115	11	5	8	8	9	9	10	29	7	9	10	9	9	7	8	9	9	7	9	9	10	14	7	8	6	20	86	7	5	88	8	8	8	6	7	5	9	8	6	13	7	6	47	6	9	10	8	8	11	8	8	10	6	5	6	10	5	6	8	10	9	87	10	4	53	6	140	15	9	7	9	10	6	7	6	8	8	5	9	5	5	9	12	9	9	86	8	10	8	9	7	6	11	11	10	7	53	9	23	7	54	86	8	6	8	6	8	9	6	8	9	8	6	7	10	14	7	56	8	87	7	6	10	36	6	8	9	8	15	11	23	9	9	12	8	3	4	55	7	11	6	6	7	11	8	8	9	7	6	8	8	14	6	10	8	9	11	10	9	5	8	9	6	8	6	9	7	9	6	6	8	7	8	6	6	9	9	6	8	9	8	9	9	9	6	6	7	7	7	7	8	15	0	4	8	3	9	11	7
SHV-116	9	5	6	4	7	5	8	29	7	5	8	5	5	5	4	5	5	5	9	5	10	10	5	6	4	16	86	7	5	88	6	4	4	6	5	5	5	4	2	15	7	4	45	4	9	6	6	6	7	8	6	6	4	5	6	8	5	8	4	8	5	87	6	4	55	4	140	11	7	5	5	8	6	7	6	4	6	3	7	5	5	5	8	5	7	88	8	6	6	5	7	4	9	7	8	5	55	5	21	5	54	86	6	4	6	4	6	5	6	6	5	6	4	5	6	10	7	58	6	89	7	8	8	36	4	4	5	4	11	9	23	5	7	8	8	5	6	55	5	7	6	4	5	7	6	4	5	7	4	6	10	10	4	6	6	7	7	6	5	3	6	5	6	6	4	7	5	5	4	4	4	5	6	4	4	7	5	4	4	7	6	5	7	5	4	4	9	5	3	5	6	11	4	0	4	7	7	9	7
SHV-132	9	7	8	6	5	5	6	31	9	7	8	5	5	7	6	5	7	7	11	7	12	8	7	6	6	14	88	9	7	90	6	4	2	8	7	7	7	2	4	17	7	6	47	6	11	4	8	6	9	10	6	4	6	7	8	10	7	10	4	8	3	89	6	6	57	4	141	11	9	7	5	8	8	7	8	6	8	5	9	7	5	3	10	7	9	90	10	4	8	7	7	6	11	5	10	7	57	5	21	7	56	88	6	6	6	6	8	5	8	8	5	6	6	7	4	8	7	60	8	91	9	8	8	38	6	6	5	2	9	9	25	7	9	10	10	7	8	57	5	5	8	6	7	9	4	6	3	7	6	6	12	8	6	6	8	9	7	4	3	7	8	5	8	6	6	9	7	7	4	6	4	7	4	6	6	9	5	4	2	9	6	5	9	5	6	6	11	6	5	5	8	9	8	4	0	9	9	9	7
SHV-146	12	6	7	7	10	10	11	30	8	10	11	10	10	6	7	10	10	8	10	8	11	15	6	9	5	21	87	8	6	89	7	9	9	7	6	6	10	9	7	14	8	7	48	7	10	11	7	9	12	9	9	11	7	6	7	11	6	7	9	9	10	88	11	5	54	7	139	16	10	6	10	11	7	8	7	9	7	4	10	6	6	10	13	8	8	87	9	11	7	10	8	5	10	12	9	4	54	10	24	6	55	87	7	5	7	7	7	10	7	7	10	9	7	6	11	15	8	57	9	88	8	7	11	37	7	9	10	9	16	10	24	10	8	13	9	4	5	56	8	12	7	5	6	12	9	9	10	8	5	7	9	15	5	11	9	10	12	11	10	8	9	10	7	9	5	8	6	10	7	5	9	6	9	5	7	8	10	7	9	8	9	10	8	10	7	7	8	8	8	8	7	16	3	7	9	0	10	10	8
SHV-171	12	8	11	9	12	8	13	34	12	8	11	8	8	10	9	10	10	6	10	6	15	15	10	9	9	21	87	12	8	89	11	9	9	7	10	8	8	9	7	18	10	7	40	5	12	11	11	9	12	13	9	11	9	8	9	5	8	11	9	13	10	88	11	7	58	7	142	14	2	10	10	11	11	8	11	9	9	8	8	8	8	10	11	8	12	89	3	11	9	10	8	9	14	12	13	10	56	10	24	10	57	87	11	9	11	9	11	6	9	9	8	7	7	10	11	15	8	61	11	90	10	9	13	39	9	7	8	9	15	14	26	2	12	11	13	8	9	55	8	12	11	9	10	12	11	7	10	10	9	11	13	15	9	9	9	2	12	11	10	8	3	10	9	9	9	12	10	4	7	9	7	10	9	9	7	12	6	7	9	12	11	8	12	8	7	9	12	10	6	10	11	16	9	7	9	10	0	12	8
SHV-190	8	10	11	11	12	8	13	33	12	10	7	8	8	8	9	8	10	10	14	12	15	15	10	11	9	21	90	12	10	92	7	9	9	9	10	10	10	9	9	20	8	9	50	9	14	11	9	5	12	13	7	11	11	8	11	13	10	13	9	11	10	91	9	9	59	7	140	14	12	10	8	11	11	8	11	9	9	8	10	10	8	10	13	12	10	92	13	11	9	10	8	7	14	12	13	10	59	8	24	8	58	90	7	9	9	9	9	10	11	9	8	9	9	10	11	15	8	60	11	93	12	11	15	40	9	11	8	9	16	12	28	12	12	13	13	10	11	59	10	10	11	9	10	12	11	11	8	10	9	7	15	15	9	13	13	12	12	11	10	12	11	10	11	11	9	12	10	12	7	9	9	10	11	9	11	12	10	7	9	12	9	8	10	8	7	9	12	10	10	8	11	16	11	9	9	10	12	0	10
SHV-191	10	6	9	9	10	8	9	32	10	8	9	8	8	8	9	8	10	6	8	10	13	13	8	3	7	19	87	10	6	89	7	9	7	5	8	6	8	7	7	16	6	5	46	5	10	9	9	7	12	11	7	9	9	6	7	9	6	9	7	9	8	88	9	5	56	5	142	14	8	8	8	5	9	4	9	9	7	6	10	6	4	8	11	10	10	89	9	9	7	10	4	9	12	10	11	8	56	8	22	8	55	87	7	7	7	7	9	6	7	7	8	5	7	8	9	13	2	59	9	90	10	3	13	37	7	9	8	7	14	10	24	8	10	11	11	6	7	56	2	10	9	7	8	12	9	9	8	8	7	7	11	13	7	11	11	8	10	9	8	8	7	8	7	3	7	10	8	8	5	7	7	8	5	7	5	10	6	5	7	10	7	8	10	8	7	7	10	8	8	6	9	14	7	7	7	8	8	10	0
