	KPC-153	KPC-151	KPC-148	KPC-147	KPC-146	KPC-145	KPC-99	KPC-144	KPC-143	KPC-142	KPC-141	KPC-140	KPC-139	KPC-138	KPC-135	KPC-134	KPC-110	KPC-101	KPC-111	KPC-88	KPC-87	KPC-86	KPC-44	KPC-133	KPC-132	KPC-131	KPC-130	KPC-128	KPC-127	KPC-100	KPC-50	KPC-41	KPC-93	KPC-126	KPC-125	KPC-123	KPC-92	KPC-95	KPC-94	KPC-90	KPC-70	KPC-69	KPC-68	KPC-82	KPC-65	KPC-64	KPC-63	KPC-62	KPC-79	KPC-49	KPC-71	KPC-74	KPC-73	KPC-72	KPC-66	KPC-61	KPC-57	KPC-53	KPC-52	KPC-51	KPC-46	KPC-39	KPC-35	KPC-33	KPC-32	KPC-31	KPC-28	KPC-14	KPC-12	KPC-122	KPC-121	KPC-120	KPC-119	KPC-118	KPC-117	KPC-116	KPC-115	KPC-114	KPC-113	KPC-89	KPC-83	KPC-112	KPC-102	KPC-106	KPC-108	KPC-105	KPC-107	KPC-104	KPC-103	KPC-97	KPC-96	KPC-98	KPC-67	KPC-29	KPC-91	KPC-85	KPC-84	KPC-48	KPC-47	KPC-81	KPC-80	KPC-78	KPC-77	KPC-76	KPC-75	KPC-60	KPC-59	KPC-58	KPC-55	KPC-56	KPC-54	KPC-40	KPC-45	KPC-43	KPC-42	KPC-30	KPC-8	KPC-38	KPC-37	KPC-36	KPC-23	KPC-34	KPC-27	KPC-26	KPC-25	KPC-7	KPC-6	KPC-5	KPC-4	KPC-3	KPC-24	KPC-22	KPC-21	KPC-2	KPC-19	KPC-18	KPC-17	KPC-16	KPC-15	KPC-13	KPC-11	KPC-10
KPC-153	0	14	252	9	9	10	9	9	10	30	12	54	27	25	62	69	209	15	209	9	11	9	53	54	34	209	8	46	39	45	16	17	23	9	208	35	14	87	88	14	209	202	213	14	13	13	8	8	229	8	12	14	32	9	13	8	9	201	12	10	8	8	9	209	209	208	13	214	9	8	10	10	9	9	28	9	13	14	11	8	9	125	10	26	83	54	94	32	44	23	9	86	225	16	8	8	9	9	9	11	17	9	9	230	9	9	9	32	209	8	9	202	9	9	9	9	8	8	10	8	8	32	8	9	2	8	9	140	43	85	209	10	9	44	9	87	9	11	15	9	9	8
KPC-151	14	0	252	7	7	8	7	7	8	28	10	52	25	22	60	67	209	13	209	7	3	7	51	52	34	207	8	44	49	43	16	17	21	7	208	33	14	87	88	12	209	213	213	12	13	12	7	8	227	8	10	12	30	7	13	8	7	213	10	9	8	8	7	207	209	208	5	204	7	8	10	8	7	9	26	7	13	12	9	8	7	115	8	24	81	52	92	30	42	21	7	86	225	16	8	8	6	9	8	9	15	7	7	228	7	7	7	30	207	8	7	213	7	7	7	7	8	8	8	8	8	30	8	7	12	8	7	138	41	85	207	8	7	42	9	85	7	9	15	9	7	8
KPC-148	252	252	0	247	247	248	247	247	248	268	250	292	265	263	294	190	47	253	47	247	249	247	291	292	272	70	246	212	217	211	254	237	234	247	46	273	252	169	170	252	47	51	51	252	251	251	246	246	49	246	250	252	270	247	251	246	247	51	250	248	246	246	247	106	67	66	251	78	247	246	248	248	247	247	266	247	251	252	249	246	247	168	248	264	321	292	332	270	282	261	247	168	29	254	246	246	247	247	247	249	237	247	247	50	247	247	247	225	47	246	247	72	247	247	247	247	246	246	248	246	246	270	246	247	252	246	247	174	215	167	71	248	247	210	247	169	247	249	253	247	247	246
KPC-147	9	7	247	0	2	3	2	2	3	23	5	47	20	18	55	62	204	8	204	2	4	2	46	47	29	202	3	39	44	38	11	12	16	2	203	28	9	82	83	7	204	208	208	7	8	8	3	3	222	3	5	7	25	2	8	3	2	208	5	4	3	3	2	202	204	203	8	207	2	3	5	3	2	4	21	2	8	7	4	3	2	118	3	19	76	47	87	25	37	16	2	81	220	11	3	3	2	4	4	4	10	2	2	223	2	2	2	25	202	3	2	209	2	2	2	2	3	3	3	3	3	25	3	2	7	3	2	133	36	80	202	3	2	37	4	80	2	4	10	4	2	3
KPC-146	9	7	247	2	0	3	2	2	3	23	5	47	20	18	55	62	204	8	204	2	4	2	46	47	29	202	3	39	44	38	11	12	16	2	203	28	9	82	83	7	204	208	208	7	8	8	3	3	222	3	5	7	25	2	8	3	2	208	5	4	3	3	2	202	204	203	8	207	2	3	5	3	2	4	21	2	8	7	4	3	2	118	3	19	76	47	87	25	37	16	2	81	220	11	3	3	2	4	4	4	10	2	2	223	2	2	2	25	202	3	2	209	2	2	2	2	3	3	3	3	3	25	3	2	7	3	2	133	36	80	202	3	2	37	4	80	2	4	10	4	2	3
KPC-145	10	8	248	3	3	0	3	3	2	24	4	47	19	19	56	63	203	9	203	3	5	3	47	48	30	203	4	38	45	39	12	13	17	3	204	29	10	81	84	8	201	209	209	8	9	9	4	4	223	4	6	8	26	3	9	4	3	209	4	4	4	4	3	201	203	202	9	208	3	4	6	2	3	5	22	3	9	8	5	4	3	119	2	20	77	48	88	26	38	17	3	82	221	12	4	4	3	5	5	5	11	3	3	222	3	3	3	26	203	4	3	210	3	3	3	3	4	4	4	4	4	26	4	3	8	4	3	134	37	81	203	4	3	38	5	81	3	5	11	5	3	4
KPC-99	9	7	247	2	2	3	0	2	3	23	5	47	20	18	55	62	204	8	204	2	4	2	46	47	29	202	3	39	44	38	11	12	16	2	203	28	9	82	83	7	204	208	208	7	8	8	3	3	222	1	5	7	25	2	8	3	2	208	5	4	3	3	2	202	204	203	8	207	2	3	5	3	2	4	21	2	8	7	4	3	2	118	3	19	76	47	87	25	37	16	2	81	220	11	3	3	2	4	4	4	10	2	2	223	2	2	2	25	202	3	2	209	2	2	2	2	3	3	3	3	3	25	3	2	7	3	2	133	36	80	202	3	2	37	4	80	2	4	10	4	2	3
KPC-144	9	7	247	2	2	3	2	0	3	23	5	47	20	18	55	62	204	8	204	2	4	2	46	47	29	202	3	39	42	38	11	12	16	2	203	28	9	80	83	7	204	208	208	7	8	8	3	3	222	3	5	7	25	2	8	3	2	208	5	4	3	1	2	202	204	203	8	207	2	3	5	3	2	4	21	2	8	7	4	3	2	118	3	19	76	47	87	25	37	16	2	81	220	11	3	3	2	2	2	4	10	2	2	223	2	2	2	25	202	3	2	209	2	2	2	2	3	3	3	3	3	25	3	2	7	3	2	133	36	80	202	3	2	37	4	80	2	4	10	4	2	3
KPC-143	10	8	248	3	3	2	3	3	0	24	4	47	19	19	56	63	203	9	203	3	5	3	47	48	30	203	4	38	45	39	12	13	17	3	204	29	10	81	84	8	203	209	209	8	9	9	4	4	223	4	6	8	26	3	9	4	3	209	4	4	4	4	3	201	203	202	9	208	3	4	6	2	3	5	22	3	9	8	5	4	3	119	2	20	77	48	88	26	38	17	3	82	221	12	4	4	3	5	5	5	11	3	3	222	3	3	3	26	203	4	3	210	3	3	3	3	4	4	4	4	4	26	4	3	8	4	3	134	37	81	203	4	3	38	5	81	3	5	11	5	3	4
KPC-142	30	28	268	23	23	24	23	23	24	0	26	32	14	13	40	83	225	17	225	23	25	23	31	32	50	223	24	60	65	59	14	33	37	23	224	11	30	103	104	22	225	229	223	16	23	21	24	24	243	24	18	28	19	23	29	24	23	229	26	25	24	24	23	223	225	224	29	228	23	24	20	24	23	25	42	23	29	22	25	24	23	139	24	10	55	32	101	14	22	11	23	102	241	32	24	24	23	25	25	25	31	23	23	244	23	23	23	46	223	24	23	230	23	23	23	23	24	24	24	24	24	14	24	23	28	24	23	154	57	101	223	24	23	58	25	101	23	25	31	25	23	24
KPC-141	12	10	250	5	5	4	5	5	4	26	0	49	21	21	58	65	205	11	205	5	7	5	49	50	32	205	6	40	47	41	14	15	19	5	206	31	12	83	86	10	205	211	211	10	11	11	6	6	225	6	8	10	28	5	11	6	5	211	6	6	6	6	5	203	205	204	11	210	5	6	8	4	5	7	24	5	11	10	7	6	5	121	4	22	79	50	90	28	40	19	5	84	223	14	6	6	5	7	7	7	13	5	5	224	5	5	5	28	205	6	5	212	5	5	5	5	6	6	6	6	6	28	6	5	10	6	5	136	39	83	205	6	5	40	7	83	5	7	13	7	5	6
KPC-140	54	52	292	47	47	47	47	47	47	32	49	0	29	34	10	107	248	41	248	47	49	47	1	2	74	247	48	83	89	83	38	57	61	47	248	31	54	126	128	52	248	253	253	40	53	53	48	48	267	48	50	52	35	47	53	48	47	253	49	47	48	48	47	246	248	247	53	252	47	48	50	47	47	49	66	47	53	52	49	48	47	163	47	40	31	2	132	34	16	32	47	126	265	56	48	48	47	49	49	49	55	47	47	267	47	47	47	70	247	48	47	254	47	47	47	47	48	48	48	48	48	22	48	47	52	48	47	178	81	125	247	48	47	82	49	125	47	49	55	49	47	48
KPC-139	27	25	265	20	20	19	20	20	19	14	21	29	0	19	38	80	220	14	220	20	22	20	29	30	47	220	21	55	62	56	20	30	34	20	221	11	27	98	101	25	220	226	226	14	26	26	21	21	240	21	23	25	7	20	26	21	20	226	21	21	21	21	20	218	220	219	26	225	20	21	23	19	20	22	39	20	26	25	22	21	20	136	19	22	59	30	105	10	20	17	20	99	238	29	21	21	20	22	22	22	28	20	20	239	20	20	20	43	220	21	20	227	20	20	20	20	21	21	21	21	21	8	21	20	25	21	20	151	54	98	220	21	20	55	22	98	20	22	28	22	20	21
KPC-138	25	22	263	18	18	19	18	18	19	13	21	34	19	0	42	78	220	16	220	18	19	18	33	34	45	218	19	55	60	54	9	28	32	18	219	22	25	98	98	23	220	224	224	11	24	22	19	18	238	19	21	23	24	18	24	19	18	224	21	20	17	19	16	218	220	219	23	222	18	19	21	19	18	20	37	18	23	23	20	19	18	133	19	11	63	33	103	25	23	2	18	97	236	27	19	19	17	18	18	20	26	18	18	239	18	18	18	41	218	19	18	224	18	18	18	18	19	19	19	19	19	19	19	18	23	19	18	149	52	96	218	19	18	53	20	96	18	20	26	20	18	19
KPC-135	62	60	294	55	55	56	55	55	56	40	58	10	38	42	0	109	251	49	251	55	57	55	9	10	82	249	56	86	91	85	46	65	69	55	250	39	50	135	136	60	251	255	255	48	61	61	56	56	269	56	58	60	31	55	49	56	55	255	58	57	56	56	55	249	251	250	61	254	55	56	58	56	55	57	74	55	61	60	57	56	55	153	56	48	39	10	140	42	24	40	55	134	267	64	56	56	55	57	57	57	63	55	55	270	55	55	55	78	249	56	55	256	55	55	55	55	56	56	56	56	56	30	56	55	60	56	55	180	83	133	249	56	55	84	57	133	55	57	63	57	55	56
KPC-134	69	67	190	62	62	63	62	62	63	83	65	107	80	78	109	0	192	68	192	62	64	61	106	106	89	190	62	27	32	26	71	54	46	62	189	88	69	80	81	67	192	196	196	67	68	68	63	63	194	63	65	67	85	62	68	63	61	196	65	64	63	63	62	190	192	191	68	195	62	63	65	63	62	64	81	62	68	67	64	63	62	106	63	79	136	107	147	85	97	76	62	79	176	71	63	63	62	64	64	64	52	60	62	195	62	62	62	37	190	63	62	197	62	62	62	62	63	63	63	63	63	85	63	62	67	63	62	123	48	78	190	63	62	25	64	78	62	64	70	64	62	63
KPC-110	209	209	47	204	204	203	204	204	203	225	205	248	220	220	251	192	0	210	2	204	206	204	248	249	229	27	203	167	174	168	211	212	218	204	3	230	209	124	127	209	2	8	8	209	208	208	203	203	47	203	207	209	227	204	208	203	204	8	205	204	203	203	204	61	22	21	208	35	204	203	205	203	204	204	223	204	208	209	206	203	204	125	203	221	278	249	289	227	239	218	204	125	20	211	203	203	204	204	204	206	212	204	204	46	204	204	204	227	4	203	204	29	204	204	204	204	203	203	205	203	203	227	203	204	209	203	204	131	172	124	28	205	204	167	204	126	204	206	210	204	204	203
KPC-101	15	13	253	8	8	9	8	8	9	17	11	41	14	16	49	68	210	0	210	8	10	8	40	41	35	208	9	45	50	44	17	18	22	8	209	22	15	88	89	13	210	214	214	7	14	14	9	9	228	9	11	13	19	8	14	9	8	214	11	10	9	9	8	208	210	209	14	213	8	9	11	9	8	10	27	8	14	13	10	9	8	124	9	19	70	41	93	19	31	14	8	87	226	17	9	9	8	10	10	10	16	8	8	229	8	8	8	31	208	9	8	215	8	8	8	8	9	9	9	9	9	19	9	8	13	9	8	139	42	86	208	9	8	43	10	86	8	10	16	10	8	9
KPC-111	209	209	47	204	204	203	204	204	203	225	205	248	220	220	251	192	2	210	0	204	206	204	248	249	229	27	203	167	174	168	211	212	218	204	3	230	209	124	127	209	2	8	8	209	208	208	203	203	47	203	207	209	227	204	208	203	204	8	205	204	203	203	204	61	22	21	208	35	204	203	205	203	204	204	223	204	208	209	206	203	204	125	203	221	278	249	289	227	239	218	204	125	20	211	203	203	204	204	204	206	212	204	204	46	204	204	204	227	4	203	204	29	204	204	204	204	203	203	205	203	203	227	203	204	209	203	204	131	172	124	28	205	204	167	204	126	204	206	210	204	204	203
KPC-88	9	7	247	2	2	3	2	2	3	23	5	47	20	18	55	62	204	8	204	0	4	2	46	47	29	202	3	39	44	38	11	12	16	2	203	28	9	82	83	7	204	208	208	7	8	8	3	3	222	3	5	7	25	2	8	3	2	208	5	4	3	3	2	202	204	203	8	207	2	3	5	3	2	4	21	2	8	7	4	3	2	118	3	19	76	47	87	25	37	16	2	81	220	11	3	3	2	4	4	4	10	2	2	223	2	2	2	25	202	3	2	209	2	2	2	2	3	3	3	3	3	25	3	2	7	3	2	133	36	80	202	3	2	37	4	80	2	4	10	4	2	3
KPC-87	11	3	249	4	4	5	4	4	5	25	7	49	22	19	57	64	206	10	206	4	0	4	48	49	31	204	5	41	46	40	13	14	18	4	205	30	11	84	85	9	206	210	210	9	10	9	5	5	224	5	7	9	27	4	10	5	4	210	7	6	5	5	4	204	206	205	4	203	4	5	7	5	4	6	23	4	10	9	6	5	4	114	5	21	78	49	89	27	39	18	4	83	222	13	5	5	3	6	5	6	12	4	4	225	4	4	4	27	204	5	4	210	4	4	4	4	5	5	5	5	5	27	5	4	9	5	4	135	38	82	204	5	4	39	6	82	4	6	12	6	4	5
KPC-86	9	7	247	2	2	3	2	2	3	23	5	47	20	18	55	61	204	8	204	2	4	0	46	45	29	202	1	39	44	38	11	12	16	2	202	28	9	82	83	7	204	208	208	7	8	8	3	3	222	3	5	7	25	2	8	3	1	208	5	4	3	3	2	202	204	203	8	207	2	3	5	3	2	4	21	2	8	7	4	3	2	118	3	19	76	47	87	25	37	16	2	81	220	11	3	3	2	4	4	4	10	1	2	223	2	2	2	25	202	3	2	209	2	2	2	2	3	3	3	3	3	25	3	2	7	3	2	133	36	80	202	3	2	37	4	80	2	4	10	4	2	3
KPC-44	53	51	291	46	46	47	46	46	47	31	49	1	29	33	9	106	248	40	248	46	48	46	0	1	73	246	47	83	88	82	37	56	60	46	247	30	53	126	127	51	248	252	252	39	52	52	47	47	266	47	49	51	34	46	52	47	46	252	49	48	47	47	46	246	248	247	52	251	46	47	49	47	46	48	65	46	52	51	48	47	46	162	47	39	30	1	131	33	15	31	46	125	264	55	47	47	46	48	48	48	54	46	46	267	46	46	46	69	246	47	46	253	46	46	46	46	47	47	47	47	47	21	47	46	51	47	46	177	80	124	246	47	46	81	48	124	46	48	54	48	46	47
KPC-133	54	52	292	47	47	48	47	47	48	32	50	2	30	34	10	106	249	41	249	47	49	45	1	0	74	247	46	84	89	83	38	57	61	47	247	31	54	127	128	52	249	253	253	40	53	53	48	48	267	48	50	52	35	47	53	48	46	253	50	49	48	48	47	247	249	248	53	252	47	48	50	48	47	49	66	47	53	52	49	48	47	163	48	40	31	2	132	34	16	32	47	126	265	56	48	48	47	49	49	49	55	46	47	268	47	47	47	70	247	48	47	254	47	47	47	47	48	48	48	48	48	22	48	47	52	48	47	178	81	125	247	48	47	82	49	125	47	49	55	49	47	48
KPC-132	34	34	272	29	29	30	29	29	30	50	32	74	47	45	82	89	229	35	229	29	31	29	73	74	0	229	28	66	71	65	36	37	43	29	228	55	34	107	108	34	229	233	233	34	33	33	28	28	249	28	32	34	52	29	33	28	29	233	32	30	28	28	29	229	229	228	33	234	29	28	30	30	29	29	48	29	33	34	31	28	29	145	30	46	103	74	114	52	64	43	29	106	245	18	28	28	29	29	29	31	37	29	29	250	29	29	29	52	229	28	29	234	29	29	29	29	28	28	30	28	28	52	28	29	34	28	29	160	63	105	229	30	29	64	29	107	29	31	35	29	29	28
KPC-131	209	207	70	202	202	203	202	202	203	223	205	247	220	218	249	190	27	208	27	202	204	202	246	247	229	0	203	167	172	166	211	212	216	202	26	228	209	126	127	207	27	31	31	207	208	208	203	203	22	203	205	207	225	202	208	203	202	31	205	204	203	203	202	58	40	39	208	46	202	203	205	203	202	204	221	202	208	207	204	203	202	123	203	219	276	247	287	225	237	216	202	125	43	211	203	203	202	204	204	204	210	202	202	23	202	202	202	225	25	203	202	45	202	202	202	202	203	203	203	203	203	225	203	202	207	203	202	131	170	124	4	203	202	165	204	124	202	204	210	204	202	203
KPC-130	8	8	246	3	3	4	3	3	4	24	6	48	21	19	56	62	203	9	203	3	5	1	47	46	28	203	0	40	45	39	10	11	17	3	201	29	8	81	82	8	203	207	207	8	7	7	2	2	223	2	6	8	26	3	7	2	2	207	6	4	2	2	3	203	203	202	7	208	3	2	4	4	3	3	22	3	7	8	5	2	3	119	4	20	77	48	88	26	38	17	3	80	219	10	2	2	3	3	3	5	11	2	3	224	3	3	3	26	203	2	3	208	3	3	3	3	2	2	4	2	2	26	2	3	8	2	3	134	37	79	203	4	3	38	3	81	3	5	9	3	3	2
KPC-128	46	44	212	39	39	38	39	39	38	60	40	83	55	55	86	27	167	45	167	39	41	39	83	84	66	167	40	0	9	1	48	49	53	39	168	65	46	55	58	44	167	173	173	44	45	45	40	40	187	40	42	44	62	39	45	40	39	173	40	40	40	40	39	165	165	166	44	171	39	40	42	38	39	41	58	39	45	44	41	38	39	82	38	56	113	84	124	62	74	53	39	56	185	48	40	40	39	41	41	41	47	39	39	186	39	39	39	62	167	40	39	174	39	39	39	39	40	40	40	40	40	62	40	39	44	40	39	100	25	55	167	40	39	2	41	55	39	41	47	41	39	40
KPC-127	39	49	217	44	44	45	44	42	45	65	47	89	62	60	91	32	174	50	174	44	46	44	88	89	71	172	45	9	0	8	53	54	58	44	173	70	51	60	63	49	174	167	178	49	50	50	45	45	192	45	47	49	67	44	50	45	44	166	47	46	45	43	44	172	174	173	50	177	44	45	47	45	44	46	63	44	50	49	46	45	44	88	45	61	118	89	129	67	79	58	44	61	190	53	45	45	44	44	44	46	52	44	44	193	44	44	44	67	172	45	44	167	44	44	44	44	45	45	45	45	45	67	45	44	37	45	44	105	30	60	172	45	44	7	46	60	44	46	52	46	44	45
KPC-100	45	43	211	38	38	39	38	38	39	59	41	83	56	54	85	26	168	44	168	38	40	38	82	83	65	166	39	1	8	0	47	48	52	38	167	64	45	56	57	43	168	172	172	43	44	44	39	39	186	39	41	43	61	38	44	39	38	172	41	40	39	39	38	166	166	167	43	170	38	39	41	39	38	40	57	38	44	43	40	37	38	81	39	55	112	83	123	61	73	52	38	55	184	47	39	39	38	40	40	40	46	38	38	187	38	38	38	61	166	39	38	173	38	38	38	38	39	39	39	39	39	61	39	38	43	39	38	99	24	54	166	39	38	1	40	54	38	40	46	40	38	39
KPC-50	16	16	254	11	11	12	11	11	12	14	14	38	20	9	46	71	211	17	211	11	13	11	37	38	36	211	10	48	53	47	0	19	25	11	210	23	16	89	90	16	211	215	215	10	15	15	10	10	231	10	14	16	25	11	15	10	11	215	14	12	10	10	11	211	211	210	15	216	11	10	12	12	11	11	30	11	15	16	13	10	11	127	12	10	67	38	96	26	28	7	11	88	227	18	10	10	11	11	11	13	19	11	11	232	11	11	11	34	211	10	11	216	11	11	11	11	10	10	12	10	10	20	10	11	16	10	11	142	45	87	211	12	11	46	11	89	11	13	17	11	11	10
KPC-41	17	17	237	12	12	13	12	12	13	33	15	57	30	28	65	54	212	18	212	12	14	12	56	57	37	212	11	49	54	48	19	0	8	12	211	38	17	90	91	17	212	216	216	17	16	16	11	11	222	11	15	17	35	12	16	11	12	216	15	13	11	11	12	212	212	211	16	217	12	11	13	13	12	12	31	12	16	17	14	11	12	128	13	29	86	57	97	35	47	26	12	89	217	19	11	11	12	12	12	14	2	12	12	223	12	12	12	17	212	11	12	217	12	12	12	12	11	11	13	11	11	35	11	12	17	11	12	143	46	88	212	13	12	47	12	90	12	14	18	12	12	11
KPC-93	23	21	234	16	16	17	16	16	17	37	19	61	34	32	69	46	218	22	218	16	18	16	60	61	43	216	17	53	58	52	25	8	0	16	217	42	23	96	97	21	218	222	222	21	22	22	17	17	220	17	19	21	39	16	22	17	16	222	19	18	17	17	16	216	218	217	22	221	16	17	19	17	16	18	35	16	22	21	18	17	16	132	17	33	90	61	101	39	51	30	16	95	220	25	17	17	16	18	18	18	6	16	16	221	16	16	16	9	216	17	16	223	16	16	16	16	17	17	17	17	17	39	17	16	21	17	16	147	50	94	216	17	16	51	18	94	16	18	24	18	16	17
KPC-126	9	7	247	2	2	3	2	2	3	23	5	47	20	18	55	62	204	8	204	2	4	2	46	47	29	202	3	39	44	38	11	12	16	0	203	28	9	82	83	7	204	208	208	7	8	8	3	3	222	3	5	7	25	1	8	3	2	208	5	4	3	3	2	202	204	203	8	207	2	3	5	3	2	4	21	2	8	7	4	3	2	118	3	19	76	47	87	25	37	16	2	81	220	11	3	1	2	4	4	4	10	2	2	223	2	2	2	25	202	3	2	209	2	2	2	2	3	3	3	3	3	25	3	2	7	3	2	133	36	80	202	3	2	37	4	80	2	4	10	4	2	3
KPC-125	208	208	46	203	203	204	203	203	204	224	206	248	221	219	250	189	3	209	3	203	205	202	247	247	228	26	201	168	173	167	210	211	217	203	0	229	208	125	126	208	3	7	7	208	207	207	202	202	46	202	206	208	226	203	207	202	202	7	206	204	202	202	203	62	23	22	207	34	203	202	204	204	203	203	222	203	207	208	205	202	203	124	204	220	277	248	288	226	238	217	203	124	19	210	202	202	203	203	203	205	211	201	203	47	203	203	203	226	3	202	203	28	203	203	203	203	202	202	204	202	202	226	202	203	208	202	203	130	171	123	27	204	203	166	203	125	203	205	209	203	203	202
KPC-123	35	33	273	28	28	29	28	28	29	11	31	31	11	22	39	88	230	22	230	28	30	28	30	31	55	228	29	65	70	64	23	38	42	28	229	0	35	108	109	21	230	234	228	21	22	28	29	29	248	29	25	33	16	28	34	29	28	234	31	30	29	29	28	228	230	229	34	233	28	29	25	29	28	30	47	28	34	27	30	29	28	144	29	13	48	31	103	3	21	20	28	107	246	37	29	29	28	30	30	30	36	28	28	249	28	28	28	51	228	29	28	235	28	28	28	28	29	29	29	29	29	9	29	28	33	29	28	159	62	106	228	29	28	63	30	106	28	30	36	30	28	29
KPC-92	14	14	252	9	9	10	9	9	10	30	12	54	27	25	50	69	209	15	209	9	11	9	53	54	34	209	8	46	51	45	16	17	23	9	208	35	0	87	87	14	209	213	213	14	13	13	8	8	229	8	12	14	20	9	1	8	9	213	12	10	8	8	9	209	209	208	13	214	9	8	10	10	9	9	28	9	12	14	11	8	9	113	10	26	83	54	94	32	44	23	9	86	225	16	8	8	9	9	9	11	17	9	9	230	9	9	9	32	209	8	9	214	9	9	9	9	8	8	10	8	8	32	8	9	14	8	9	140	43	85	209	10	9	44	9	87	9	11	15	9	9	8
KPC-95	87	87	169	82	82	81	82	80	81	103	83	126	98	98	135	80	124	88	124	82	84	82	126	127	107	126	81	55	60	56	89	90	96	82	125	108	87	0	5	87	124	130	130	87	86	86	81	81	146	81	85	87	105	82	86	81	82	130	83	82	81	79	82	124	124	123	86	131	82	81	83	81	82	82	101	82	86	87	84	81	82	44	81	99	156	127	167	105	117	96	82	3	142	89	81	81	82	80	80	84	90	82	82	145	82	82	82	105	126	81	82	131	82	82	82	82	81	81	83	81	81	105	81	82	87	81	82	153	78	2	126	83	82	55	82	4	82	84	88	82	82	81
KPC-94	88	88	170	83	83	84	83	83	84	104	86	128	101	98	136	81	127	89	127	83	85	83	127	128	108	127	82	58	63	57	90	91	97	83	126	109	87	5	0	88	127	131	131	88	87	87	82	81	147	82	86	88	106	83	87	82	83	131	86	84	81	82	82	127	127	126	87	132	83	82	84	84	83	83	102	83	81	88	85	82	83	45	84	100	157	127	168	106	118	97	83	4	143	90	82	82	83	82	83	85	91	83	83	148	83	83	83	106	127	82	83	132	83	83	83	83	82	82	84	82	82	106	82	83	88	82	83	154	79	3	127	84	83	56	83	5	83	85	89	83	83	82
KPC-90	14	12	252	7	7	8	7	7	8	22	10	52	25	23	60	67	209	13	209	7	9	7	51	52	34	207	8	44	49	43	16	17	21	7	208	21	14	87	88	0	209	213	207	12	1	7	8	8	227	8	4	12	30	7	13	8	7	213	10	9	8	8	7	207	209	208	13	212	7	8	4	8	7	9	26	7	13	6	9	8	7	123	8	12	69	52	82	18	42	21	7	86	225	16	8	8	7	9	9	9	15	7	7	228	7	7	7	30	207	8	7	214	7	7	7	7	8	8	8	8	8	30	8	7	12	8	7	138	41	85	207	8	7	42	9	85	7	9	15	9	7	8
KPC-70	209	209	47	204	204	201	204	204	203	225	205	248	220	220	251	192	2	210	2	204	206	204	248	249	229	27	203	167	174	168	211	212	218	204	3	230	209	124	127	209	0	8	8	209	208	208	203	203	47	203	207	209	227	204	208	203	204	8	205	204	203	203	204	61	22	21	208	35	204	203	205	203	204	204	223	204	208	209	206	203	204	125	203	221	278	249	289	227	239	218	204	125	20	211	203	203	204	204	204	206	212	204	204	46	204	204	204	227	4	203	204	29	204	204	204	204	203	203	205	203	203	227	203	204	209	203	204	131	172	124	28	205	204	167	204	126	204	206	210	204	204	203
KPC-69	202	213	51	208	208	209	208	208	209	229	211	253	226	224	255	196	8	214	8	208	210	208	252	253	233	31	207	173	167	172	215	216	222	208	7	234	213	130	131	213	8	0	12	213	212	212	207	207	51	207	211	213	231	208	212	207	208	1	211	209	207	207	208	67	28	27	212	39	208	207	209	209	208	208	227	208	212	213	210	207	208	129	209	225	282	253	293	231	243	222	208	129	24	215	207	207	208	208	208	210	216	208	208	52	208	208	208	231	8	207	208	22	208	208	208	208	207	207	209	207	207	231	207	208	202	207	208	135	176	128	32	209	208	171	208	130	208	210	214	208	208	207
KPC-68	213	213	51	208	208	209	208	208	209	223	211	253	226	224	255	196	8	214	8	208	210	208	252	253	233	31	207	173	178	172	215	216	222	208	7	228	213	130	131	207	8	12	0	213	206	206	207	207	51	207	205	213	231	208	212	207	208	12	211	209	207	207	208	67	28	27	212	39	208	207	203	209	208	208	227	208	212	201	210	207	208	129	209	219	270	253	281	225	243	222	208	129	24	215	207	207	208	208	208	210	216	208	208	52	208	208	208	231	8	207	208	33	208	208	208	208	207	207	209	207	207	231	207	208	213	207	208	135	176	128	32	209	208	171	208	130	208	210	214	208	208	207
KPC-82	14	12	252	7	7	8	7	7	8	16	10	40	14	11	48	67	209	7	209	7	9	7	39	40	34	207	8	44	49	43	10	17	21	7	208	21	14	87	88	12	209	213	213	0	13	13	8	8	227	8	10	12	19	7	13	8	7	213	10	9	8	8	7	207	209	208	13	212	7	8	10	8	7	9	26	7	13	12	9	8	7	123	8	12	69	40	92	18	30	9	7	86	225	16	8	8	7	9	9	9	15	7	7	228	7	7	7	30	207	8	7	214	7	7	7	7	8	8	8	8	8	18	8	7	12	8	7	138	41	85	207	8	7	42	9	85	7	9	15	9	7	8
KPC-65	13	13	251	8	8	9	8	8	9	23	11	53	26	24	61	68	208	14	208	8	10	8	52	53	33	208	7	45	50	44	15	16	22	8	207	22	13	86	87	1	208	212	206	13	0	6	7	7	228	7	5	13	31	8	12	7	8	212	11	9	7	7	8	208	208	207	12	213	8	7	3	9	8	8	27	8	12	7	10	7	8	124	9	13	70	53	83	19	43	22	8	85	224	15	7	7	8	8	8	10	16	8	8	229	8	8	8	31	208	7	8	213	8	8	8	8	7	7	9	7	7	31	7	8	13	7	8	139	42	84	208	9	8	43	8	86	8	10	14	8	8	7
KPC-64	13	12	251	8	8	9	8	8	9	21	11	53	26	22	61	68	208	14	208	8	9	8	52	53	33	208	7	45	50	44	15	16	22	8	207	28	13	86	87	7	208	212	206	13	6	0	7	7	228	7	3	13	31	8	12	7	8	212	11	9	7	7	8	208	208	207	11	212	8	7	3	9	8	8	27	8	12	7	10	7	8	123	9	19	76	53	86	25	43	22	8	85	224	15	7	7	7	8	6	10	16	8	8	229	8	8	8	31	207	7	8	212	8	8	8	8	7	7	9	7	7	31	7	8	13	7	8	139	42	84	208	9	8	43	8	86	8	10	14	8	8	7
KPC-63	8	7	246	3	3	4	3	3	4	24	6	48	21	19	56	63	203	9	203	3	5	3	47	48	28	203	2	40	45	39	10	11	17	3	202	29	8	81	82	8	203	207	207	8	7	7	0	2	223	2	6	8	26	3	7	2	3	207	6	4	2	2	3	203	203	202	7	208	3	2	4	4	3	3	22	3	7	8	5	2	3	119	4	20	77	48	88	26	38	17	3	80	219	10	2	2	3	3	3	5	11	3	3	224	3	3	3	26	203	2	3	208	3	3	3	3	2	2	4	2	2	26	2	3	8	2	3	134	37	79	203	4	3	38	3	81	3	5	9	3	3	2
KPC-62	8	8	246	3	3	4	3	3	4	24	6	48	21	18	56	63	203	9	203	3	5	3	47	48	28	203	2	40	45	39	10	11	17	3	202	29	8	81	81	8	203	207	207	8	7	7	2	0	223	2	6	8	26	3	7	2	3	207	6	4	1	2	2	203	203	202	7	208	3	2	4	4	3	3	22	3	6	8	5	2	3	119	4	20	77	46	88	26	38	17	3	80	219	10	2	2	3	2	3	5	11	3	3	224	3	3	3	26	203	2	3	208	3	3	3	3	2	2	4	2	2	26	2	3	8	2	3	134	37	79	203	4	3	38	3	81	3	5	9	3	3	2
KPC-79	229	227	49	222	222	223	222	222	223	243	225	267	240	238	269	194	47	228	47	222	224	222	266	267	249	22	223	187	192	186	231	222	220	222	46	248	229	146	147	227	47	51	51	227	228	228	223	223	0	223	225	227	245	222	228	223	222	51	225	224	223	223	222	78	60	59	228	66	222	223	225	223	222	224	241	222	228	227	224	223	222	143	223	239	296	267	307	245	257	236	222	145	60	231	223	223	222	224	224	224	220	222	222	1	222	222	222	229	45	223	222	65	222	222	222	222	223	223	223	223	223	245	223	222	227	223	222	151	190	144	24	223	222	185	224	144	222	224	230	224	222	223
KPC-49	8	8	246	3	3	4	1	3	4	24	6	48	21	19	56	63	203	9	203	3	5	3	47	48	28	203	2	40	45	39	10	11	17	3	202	29	8	81	82	8	203	207	207	8	7	7	2	2	223	0	6	8	26	3	7	2	3	207	6	4	2	2	3	203	203	202	7	208	3	2	4	4	3	3	22	3	7	8	5	2	3	119	4	20	77	48	88	26	38	17	3	80	219	10	2	2	3	3	3	5	11	3	3	224	3	3	3	26	203	2	3	208	3	3	3	3	2	2	4	2	2	26	2	3	8	2	3	134	37	79	203	4	3	38	3	81	3	5	9	3	3	2
KPC-71	12	10	250	5	5	6	5	5	6	18	8	50	23	21	58	65	207	11	207	5	7	5	49	50	32	205	6	42	47	41	14	15	19	5	206	25	12	85	86	4	207	211	205	10	5	3	6	6	225	6	0	10	28	5	11	6	5	211	8	7	6	6	5	205	207	206	11	210	5	6	2	6	5	7	24	5	11	4	7	6	5	121	6	16	73	50	83	22	40	19	5	84	223	14	6	6	5	7	7	7	13	5	5	226	5	5	5	28	205	6	5	212	5	5	5	5	6	6	6	6	6	28	6	5	10	6	5	136	39	83	205	6	5	40	7	83	5	7	13	7	5	6
KPC-74	14	12	252	7	7	8	7	7	8	28	10	52	25	23	60	67	209	13	209	7	9	7	51	52	34	207	8	44	49	43	16	17	21	7	208	33	14	87	88	12	209	213	213	12	13	13	8	8	227	8	10	0	30	7	13	8	7	213	10	9	8	8	7	207	209	208	13	212	7	8	10	8	7	9	26	7	13	12	9	8	7	123	8	24	81	52	92	30	42	21	7	86	225	16	8	8	7	9	9	9	15	7	7	228	7	7	7	30	207	8	7	214	7	7	7	7	7	8	8	8	7	30	8	7	12	8	6	138	40	85	207	8	7	42	9	85	7	9	14	9	7	8
KPC-73	32	30	270	25	25	26	25	25	26	19	28	35	7	24	31	85	227	19	227	25	27	25	34	35	52	225	26	62	67	61	25	35	39	25	226	16	20	105	106	30	227	231	231	19	31	31	26	26	245	26	28	30	0	25	19	26	25	231	28	27	26	26	25	225	227	226	31	230	25	26	28	26	25	27	44	25	31	30	27	26	25	129	26	27	64	35	110	15	25	22	25	104	243	34	26	26	25	27	27	27	33	25	25	246	25	25	25	48	225	26	25	232	25	25	25	25	26	26	26	26	26	13	26	25	30	26	25	156	59	103	225	26	25	60	27	103	25	27	33	27	25	26
KPC-72	9	7	247	2	2	3	2	2	3	23	5	47	20	18	55	62	204	8	204	2	4	2	46	47	29	202	3	39	44	38	11	12	16	1	203	28	9	82	83	7	204	208	208	7	8	8	3	3	222	3	5	7	25	0	8	3	2	208	5	4	3	3	2	202	204	203	8	207	2	3	5	3	2	4	21	2	8	7	4	3	2	118	3	19	76	47	87	25	37	16	2	81	220	11	3	2	2	4	4	4	10	2	2	223	2	2	2	25	202	3	2	209	2	2	2	2	3	3	3	3	3	25	3	2	7	3	2	133	36	80	202	3	2	37	4	80	2	4	10	4	2	3
KPC-66	13	13	251	8	8	9	8	8	9	29	11	53	26	24	49	68	208	14	208	8	10	8	52	53	33	208	7	45	50	44	15	16	22	8	207	34	1	86	87	13	208	212	212	13	12	12	7	7	228	7	11	13	19	8	0	7	8	212	11	9	7	7	8	208	208	207	12	213	8	7	9	9	8	8	27	8	12	13	10	7	8	112	9	25	82	53	93	31	43	22	8	85	224	15	7	7	8	8	8	10	16	8	8	229	8	8	8	31	208	7	8	213	8	8	8	8	7	7	9	7	7	31	7	8	13	7	8	139	42	84	208	9	8	43	8	86	8	10	14	8	8	7
KPC-61	8	8	246	3	3	4	3	3	4	24	6	48	21	19	56	63	203	9	203	3	5	3	47	48	28	203	2	40	45	39	10	11	17	3	202	29	8	81	82	8	203	207	207	8	7	7	2	2	223	2	6	8	26	3	7	0	3	207	6	4	2	2	3	203	203	202	7	208	3	2	4	4	3	3	22	3	6	8	5	2	3	119	4	20	77	48	88	26	38	17	3	80	219	10	2	2	3	3	3	5	11	3	3	224	3	3	3	26	203	2	3	208	3	3	3	3	2	2	4	2	2	26	2	3	8	2	3	134	37	79	203	4	3	38	3	81	3	5	9	3	3	2
KPC-57	9	7	247	2	2	3	2	2	3	23	5	47	20	18	55	61	204	8	204	2	4	1	46	46	29	202	2	39	44	38	11	12	16	2	202	28	9	82	83	7	204	208	208	7	8	8	3	3	222	3	5	7	25	2	8	3	0	208	5	4	3	3	2	202	204	203	8	207	2	3	5	3	2	4	21	2	8	7	4	3	2	118	3	19	76	47	87	25	37	16	2	81	220	11	3	3	2	4	4	4	10	1	2	223	2	2	2	25	202	3	2	209	2	2	2	2	3	3	3	3	3	25	3	2	7	3	2	133	36	80	202	3	2	37	4	80	2	4	10	4	2	3
KPC-53	201	213	51	208	208	209	208	208	209	229	211	253	226	224	255	196	8	214	8	208	210	208	252	253	233	31	207	173	166	172	215	216	222	208	7	234	213	130	131	213	8	1	12	213	212	212	207	207	51	207	211	213	231	208	212	207	208	0	211	209	207	207	208	67	28	27	212	39	208	207	209	209	208	208	227	208	212	213	210	207	208	129	209	225	282	253	293	231	243	222	208	129	24	215	207	207	208	208	208	210	216	208	208	52	208	208	208	231	8	207	208	21	208	208	208	208	207	207	209	207	207	231	207	208	201	207	208	135	176	128	32	209	208	171	208	130	208	210	214	208	208	207
KPC-52	12	10	250	5	5	4	5	5	4	26	6	49	21	21	58	65	205	11	205	5	7	5	49	50	32	205	6	40	47	41	14	15	19	5	206	31	12	83	86	10	205	211	211	10	11	11	6	6	225	6	8	10	28	5	11	6	5	211	0	6	6	6	5	203	205	204	11	210	5	6	8	4	5	7	24	5	11	10	7	6	5	121	4	22	79	50	90	28	40	19	5	84	223	14	6	6	5	7	7	7	13	5	5	224	5	5	5	28	205	6	5	212	5	5	5	5	6	6	6	6	6	28	6	5	10	6	5	136	39	83	205	6	5	40	7	83	5	7	13	7	5	6
KPC-51	10	9	248	4	4	4	4	4	4	25	6	47	21	20	57	64	204	10	204	4	6	4	48	49	30	204	4	40	46	40	12	13	18	4	204	30	10	82	84	9	204	209	209	9	9	9	4	4	224	4	7	9	27	4	9	4	4	209	6	0	4	4	4	203	204	203	9	209	4	4	6	4	4	5	23	4	9	9	6	4	4	120	3	21	78	49	89	27	39	18	3	82	221	12	4	4	4	5	5	6	12	4	4	224	4	4	4	27	204	4	4	210	4	4	4	4	4	4	5	4	4	27	4	4	9	4	4	135	38	81	204	5	4	39	5	82	4	6	11	5	4	4
KPC-46	8	8	246	3	3	4	3	3	4	24	6	48	21	17	56	63	203	9	203	3	5	3	47	48	28	203	2	40	45	39	10	11	17	3	202	29	8	81	81	8	203	207	207	8	7	7	2	1	223	2	6	8	26	3	7	2	3	207	6	4	0	2	1	203	203	202	7	208	3	2	4	4	3	3	22	3	6	8	5	2	3	119	4	20	77	47	88	26	38	17	3	80	219	10	2	2	3	1	3	5	11	3	3	224	3	3	3	26	203	2	3	208	3	3	3	3	2	2	4	2	2	26	2	3	8	2	3	134	37	79	203	4	3	38	3	81	3	5	9	3	3	2
KPC-39	8	8	246	3	3	4	3	1	4	24	6	48	21	19	56	63	203	9	203	3	5	3	47	48	28	203	2	40	43	39	10	11	17	3	202	29	8	79	82	8	203	207	207	8	7	7	2	2	223	2	6	8	26	3	7	2	3	207	6	4	2	0	3	203	203	202	7	208	3	2	4	4	3	3	22	3	7	8	5	2	3	119	4	20	77	48	88	26	38	17	3	80	219	10	2	2	3	1	1	5	11	3	3	224	3	3	3	26	203	2	3	208	3	3	3	3	2	2	4	2	2	26	2	3	8	2	3	134	37	79	203	4	3	38	3	81	3	5	9	3	3	2
KPC-35	9	7	247	2	2	3	2	2	3	23	5	47	20	16	55	62	204	8	204	2	4	2	46	47	29	202	3	39	44	38	11	12	16	2	203	28	9	82	82	7	204	208	208	7	8	8	3	2	222	3	5	7	25	2	8	3	2	208	5	4	1	3	0	202	204	203	8	207	2	3	5	3	2	4	21	2	7	7	4	3	2	118	3	19	76	46	87	25	37	16	2	81	220	11	3	3	2	2	4	4	10	2	2	223	2	2	2	25	202	3	2	209	2	2	2	2	3	3	3	3	3	25	3	2	7	3	2	133	36	80	202	3	2	37	4	80	2	4	10	4	2	3
KPC-33	209	207	106	202	202	201	202	202	201	223	203	246	218	218	249	190	61	208	61	202	204	202	246	247	229	58	203	165	172	166	211	212	216	202	62	228	209	124	127	207	61	67	67	207	208	208	203	203	78	203	205	207	225	202	208	203	202	67	203	203	203	203	202	0	71	70	208	75	202	203	205	201	202	204	221	202	208	207	204	203	202	123	201	219	276	247	287	225	237	216	202	125	79	211	203	203	202	204	204	204	210	202	202	77	202	202	202	225	61	203	202	78	202	202	202	202	203	203	203	203	203	225	203	202	207	203	202	129	170	124	58	203	202	165	204	124	202	204	210	204	202	203
KPC-32	209	209	67	204	204	203	204	204	203	225	205	248	220	220	251	192	22	210	22	204	206	204	248	249	229	40	203	165	174	166	211	212	218	204	23	230	209	124	127	209	22	28	28	209	208	208	203	203	60	203	207	209	227	204	208	203	204	28	205	204	203	203	204	71	0	1	207	16	204	203	205	203	204	204	223	204	208	209	206	201	204	124	203	221	278	249	289	227	239	218	204	125	40	211	203	203	204	204	204	206	212	204	204	59	204	204	204	227	24	203	204	9	204	204	204	204	203	203	205	203	203	227	203	204	209	203	204	139	172	124	41	205	204	167	204	126	204	206	210	204	204	203
KPC-31	208	208	66	203	203	202	203	203	202	224	204	247	219	219	250	191	21	209	21	203	205	203	247	248	228	39	202	166	173	167	210	211	217	203	22	229	208	123	126	208	21	27	27	208	207	207	202	202	59	202	206	208	226	203	207	202	203	27	204	203	202	202	203	70	1	0	207	16	203	202	204	202	203	203	222	203	207	208	205	202	203	124	202	220	277	248	288	226	238	217	203	124	39	210	202	202	203	203	203	205	211	203	203	58	203	203	203	226	23	202	203	8	203	203	203	203	202	202	204	202	202	226	202	203	208	202	203	138	171	123	40	204	203	166	203	125	203	205	209	203	203	202
KPC-28	13	5	251	8	8	9	8	8	9	29	11	53	26	23	61	68	208	14	208	8	4	8	52	53	33	208	7	44	50	43	15	16	22	8	207	34	13	86	87	13	208	212	212	13	12	11	7	7	228	7	11	13	31	8	12	7	8	212	11	9	7	7	8	208	207	207	0	201	8	7	9	9	8	8	27	8	12	13	10	6	8	112	9	25	82	53	93	31	43	22	8	85	224	15	7	7	7	8	7	10	16	8	8	229	8	8	8	31	208	7	8	212	8	8	8	8	7	7	9	7	7	31	7	8	13	7	8	139	42	84	208	9	8	43	8	86	8	10	14	8	8	7
KPC-14	214	204	78	207	207	208	207	207	208	228	210	252	225	222	254	195	35	213	35	207	203	207	251	252	234	46	208	171	177	170	216	217	221	207	34	233	214	131	132	212	35	39	39	212	213	212	208	208	66	208	210	212	230	207	213	208	207	39	210	209	208	208	207	75	16	16	201	0	207	208	210	208	207	209	226	207	213	212	209	207	207	116	208	224	281	252	292	230	242	221	207	130	51	216	208	208	206	209	208	209	215	207	207	67	207	207	207	230	33	208	207	21	207	207	207	207	208	208	208	208	208	230	208	207	212	208	207	143	175	129	47	208	207	170	209	129	207	209	215	209	207	208
KPC-12	9	7	247	2	2	3	2	2	3	23	5	47	20	18	55	62	204	8	204	2	4	2	46	47	29	202	3	39	44	38	11	12	16	2	203	28	9	82	83	7	204	208	208	7	8	8	3	3	222	3	5	7	25	2	8	3	2	208	5	4	3	3	2	202	204	203	8	207	0	3	5	3	2	4	21	2	8	7	4	3	2	118	3	19	76	47	87	25	37	16	2	81	220	11	3	3	2	4	4	4	10	2	2	223	2	2	2	25	202	3	2	209	2	2	2	2	3	3	3	3	3	25	3	2	7	3	2	133	36	80	202	3	2	37	4	80	2	4	10	4	2	3
KPC-122	8	8	246	3	3	4	3	3	4	24	6	48	21	19	56	63	203	9	203	3	5	3	47	48	28	203	2	40	45	39	10	11	17	3	202	29	8	81	82	8	203	207	207	8	7	7	2	2	223	2	6	8	26	3	7	2	3	207	6	4	2	2	3	203	203	202	7	208	3	0	4	4	3	3	22	3	7	8	5	2	3	119	4	20	77	48	88	26	38	17	3	80	219	10	2	2	3	3	3	5	11	3	3	224	3	3	3	26	203	2	3	208	3	3	3	3	2	2	4	2	2	26	2	3	8	2	3	134	37	79	203	4	3	38	3	79	3	5	9	3	3	2
KPC-121	10	10	248	5	5	6	5	5	6	20	8	50	23	21	58	65	205	11	205	5	7	5	49	50	30	205	4	42	47	41	12	13	19	5	204	25	10	83	84	4	205	209	203	10	3	3	4	4	225	4	2	10	28	5	9	4	5	209	8	6	4	4	5	205	205	204	9	210	5	4	0	6	5	5	24	5	9	4	7	4	5	121	6	16	73	50	84	22	40	19	5	82	221	12	4	4	5	5	5	7	13	5	5	226	5	5	5	28	205	4	5	210	5	5	5	5	4	4	6	4	4	28	4	5	10	4	5	136	39	81	205	6	5	40	5	83	5	7	11	5	5	4
KPC-120	10	8	248	3	3	2	3	3	2	24	4	47	19	19	56	63	203	9	203	3	5	3	47	48	30	203	4	38	45	39	12	13	17	3	204	29	10	81	84	8	203	209	209	8	9	9	4	4	223	4	6	8	26	3	9	4	3	209	4	4	4	4	3	201	203	202	9	208	3	4	6	0	3	5	22	3	9	8	5	4	3	119	2	20	77	48	88	26	38	17	3	82	221	12	4	4	3	5	5	5	11	3	3	222	3	3	3	26	203	4	3	210	3	3	3	3	4	4	4	4	4	26	4	3	8	4	3	132	35	81	203	4	3	38	5	81	3	5	9	5	2	2
KPC-119	9	7	247	2	2	3	2	2	3	23	5	47	20	18	55	62	204	8	204	2	4	2	46	47	29	202	3	39	44	38	11	12	16	2	203	28	9	82	83	7	204	208	208	7	8	8	3	3	222	3	5	7	25	2	8	3	2	208	5	4	3	3	2	202	204	203	8	207	2	3	5	3	0	4	21	2	8	7	4	3	2	118	3	19	76	47	87	25	37	16	2	81	220	11	3	3	2	4	4	4	10	2	2	223	2	2	2	25	202	3	2	209	2	2	2	2	3	3	3	3	3	25	3	2	7	3	2	133	36	80	202	3	2	37	4	80	2	4	10	4	2	3
KPC-118	9	9	247	4	4	5	4	4	5	25	7	49	22	20	57	64	204	10	204	4	6	4	48	49	29	204	3	41	46	40	11	12	18	4	203	30	9	82	83	9	204	208	208	9	8	8	3	3	224	3	7	9	27	4	8	3	4	208	7	5	3	3	4	204	204	203	8	209	4	3	5	5	4	0	23	4	8	9	6	3	4	120	5	21	78	49	89	27	39	18	4	81	220	11	1	3	4	4	4	6	12	4	4	225	4	4	4	27	204	3	4	209	4	4	4	4	3	3	3	3	3	27	3	4	9	3	4	135	38	80	204	5	4	39	4	82	4	6	10	4	4	3
KPC-117	28	26	266	21	21	22	21	21	22	42	24	66	39	37	74	81	223	27	223	21	23	21	65	66	48	221	22	58	63	57	30	31	35	21	222	47	28	101	102	26	223	227	227	26	27	27	22	22	241	22	24	26	44	21	27	22	21	227	24	23	22	22	21	221	223	222	27	226	21	22	24	22	21	23	0	21	27	26	23	22	21	137	22	38	95	66	106	44	56	35	21	100	239	30	22	22	21	23	23	23	29	21	21	242	21	21	21	44	221	22	21	228	21	21	21	20	22	22	22	22	22	44	22	21	26	22	21	152	55	99	220	22	21	56	23	99	21	23	29	23	21	22
KPC-116	9	7	247	2	2	3	2	2	3	23	5	47	20	18	55	62	204	8	204	2	4	2	46	47	29	202	3	39	44	38	11	12	16	2	203	28	9	82	83	7	204	208	208	7	8	8	3	3	222	3	5	7	25	2	8	3	2	208	5	4	3	3	2	202	204	203	8	207	2	3	5	3	2	4	21	0	8	7	4	3	2	118	3	19	76	47	87	25	37	16	2	81	220	11	3	3	2	4	4	4	10	2	2	223	2	2	2	25	202	3	2	209	2	2	2	2	3	3	3	3	3	25	3	2	7	3	2	133	36	80	202	3	2	37	4	80	2	4	10	4	2	3
KPC-115	13	13	251	8	8	9	8	8	9	29	11	53	26	23	61	68	208	14	208	8	10	8	52	53	33	208	7	45	50	44	15	16	22	8	207	34	12	86	81	13	208	212	212	13	12	12	7	6	228	7	11	13	31	8	12	6	8	212	11	9	6	7	7	208	208	207	12	213	8	7	9	9	8	8	27	8	0	13	10	7	8	124	9	25	82	52	93	31	43	22	8	85	224	15	7	7	8	7	8	10	16	8	8	229	8	8	8	31	208	7	8	213	8	8	8	8	7	7	9	7	7	31	7	8	13	7	8	139	42	84	208	9	8	43	8	86	8	10	14	8	8	7
KPC-114	14	12	252	7	7	8	7	7	8	22	10	52	25	23	60	67	209	13	209	7	9	7	51	52	34	207	8	44	49	43	16	17	21	7	208	27	14	87	88	6	209	213	201	12	7	7	8	8	227	8	4	12	30	7	13	8	7	213	10	9	8	8	7	207	209	208	13	212	7	8	4	8	7	9	26	7	13	0	9	8	7	123	8	18	69	52	80	24	42	21	7	86	225	16	8	8	7	9	9	9	15	7	7	228	7	7	7	30	207	8	7	214	7	7	7	7	8	8	8	8	8	30	8	7	12	8	7	138	41	85	207	8	7	42	9	85	7	9	15	9	7	8
KPC-113	11	9	249	4	4	5	4	4	5	25	7	49	22	20	57	64	206	10	206	4	6	4	48	49	31	204	5	41	46	40	13	14	18	4	205	30	11	84	85	9	206	210	210	9	10	10	5	5	224	5	7	9	27	4	10	5	4	210	7	6	5	5	4	204	206	205	10	209	4	5	7	5	4	6	23	4	10	9	0	5	4	120	5	21	78	49	89	27	39	18	4	83	222	13	5	5	4	6	6	6	12	4	4	225	4	4	4	27	204	5	4	211	4	4	4	4	5	5	5	5	5	27	5	4	9	5	4	135	38	82	204	5	4	39	6	82	4	6	12	6	4	5
KPC-89	8	8	246	3	3	4	3	3	4	24	6	48	21	19	56	63	203	9	203	3	5	3	47	48	28	203	2	38	45	37	10	11	17	3	202	29	8	81	82	8	203	207	207	8	7	7	2	2	223	2	6	8	26	3	7	2	3	207	6	4	2	2	3	203	201	202	6	207	3	2	4	4	3	3	22	3	7	8	5	0	3	118	4	20	77	48	88	26	38	17	3	80	219	10	2	2	3	3	3	5	11	3	3	224	3	3	3	26	203	2	3	208	3	3	3	3	2	2	4	2	2	26	2	3	8	2	3	134	37	79	203	4	3	38	3	81	3	5	9	3	3	2
KPC-83	9	7	247	2	2	3	2	2	3	23	5	47	20	18	55	62	204	8	204	2	4	2	46	47	29	202	3	39	44	38	11	12	16	2	203	28	9	82	83	7	204	208	208	7	8	8	3	3	222	3	5	7	25	2	8	3	2	208	5	4	3	3	2	202	204	203	8	207	2	3	5	3	2	4	21	2	8	7	4	3	0	118	3	19	76	47	87	25	37	16	2	81	220	11	3	3	2	4	4	4	10	2	2	223	2	2	2	25	202	3	2	209	2	2	2	2	3	3	3	3	3	25	3	2	7	3	2	133	36	80	202	3	2	37	4	80	2	4	10	4	2	3
KPC-112	125	115	168	118	118	119	118	118	119	139	121	163	136	133	153	106	125	124	125	118	114	118	162	163	145	123	119	82	88	81	127	128	132	118	124	144	113	44	45	123	125	129	129	123	124	123	119	119	143	119	121	123	129	118	112	119	118	129	121	120	119	119	118	123	124	124	112	116	118	119	121	119	118	120	137	118	124	123	120	118	118	0	119	135	192	163	203	141	153	132	118	43	141	127	119	119	117	120	119	120	126	118	118	144	118	118	118	141	123	119	118	129	118	118	118	118	119	119	119	119	119	141	119	118	123	119	118	179	104	42	123	119	118	81	120	42	118	120	126	120	118	119
KPC-102	10	8	248	3	3	2	3	3	2	24	4	47	19	19	56	63	203	9	203	3	5	3	47	48	30	203	4	38	45	39	12	13	17	3	204	29	10	81	84	8	203	209	209	8	9	9	4	4	223	4	6	8	26	3	9	4	3	209	4	3	4	4	3	201	203	202	9	208	3	4	6	2	3	5	22	3	9	8	5	4	3	119	0	20	77	48	88	26	38	17	2	82	221	12	4	4	3	5	5	5	11	3	3	222	3	3	3	26	203	4	3	210	3	3	3	3	4	4	4	4	4	26	4	3	8	4	3	134	37	81	203	4	3	38	5	81	3	5	11	5	3	4
KPC-106	26	24	264	19	19	20	19	19	20	10	22	40	22	11	48	79	221	19	221	19	21	19	39	40	46	219	20	56	61	55	10	29	33	19	220	13	26	99	100	12	221	225	219	12	13	19	20	20	239	20	16	24	27	19	25	20	19	225	22	21	20	20	19	219	221	220	25	224	19	20	16	20	19	21	38	19	25	18	21	20	19	135	20	0	57	40	94	16	30	9	19	98	237	28	20	20	19	21	21	21	27	19	19	240	19	19	19	42	219	20	19	226	19	19	19	19	20	20	20	20	20	22	20	19	24	20	19	150	53	97	219	20	19	54	21	97	19	21	27	21	19	20
KPC-108	83	81	321	76	76	77	76	76	77	55	79	31	59	63	39	136	278	70	278	76	78	76	30	31	103	276	77	113	118	112	67	86	90	76	277	48	83	156	157	69	278	282	270	69	70	76	77	77	296	77	73	81	64	76	82	77	76	282	79	78	77	77	76	276	278	277	82	281	76	77	73	77	76	78	95	76	82	69	78	77	76	192	77	57	0	31	103	51	45	61	76	155	294	85	77	77	76	78	78	78	84	76	76	297	76	76	76	99	276	77	76	283	76	76	76	76	77	77	77	77	77	51	77	76	81	77	76	207	110	154	276	77	76	111	78	154	76	78	84	78	76	77
KPC-105	54	52	292	47	47	48	47	47	48	32	50	2	30	33	10	107	249	41	249	47	49	47	1	2	74	247	48	84	89	83	38	57	61	47	248	31	54	127	127	52	249	253	253	40	53	53	48	46	267	48	50	52	35	47	53	48	47	253	50	49	47	48	46	247	249	248	53	252	47	48	50	48	47	49	66	47	52	52	49	48	47	163	48	40	31	0	132	34	16	32	47	126	265	56	48	48	47	48	49	49	55	47	47	268	47	47	47	70	247	48	47	254	47	47	47	47	48	48	48	48	48	22	48	47	52	48	47	178	81	125	247	48	47	82	49	125	47	49	55	49	47	48
KPC-107	94	92	332	87	87	88	87	87	88	101	90	132	105	103	140	147	289	93	289	87	89	87	131	132	114	287	88	124	129	123	96	97	101	87	288	103	94	167	168	82	289	293	281	92	83	86	88	88	307	88	83	92	110	87	93	88	87	293	90	89	88	88	87	287	289	288	93	292	87	88	84	88	87	89	106	87	93	80	89	88	87	203	88	94	103	132	0	100	122	101	87	166	305	96	88	88	87	89	89	89	95	87	87	308	87	87	87	110	287	88	87	294	87	87	87	87	88	88	88	88	88	110	88	87	92	88	87	218	121	165	287	88	87	122	89	165	87	89	95	89	87	88
KPC-104	32	30	270	25	25	26	25	25	26	14	28	34	10	25	42	85	227	19	227	25	27	25	33	34	52	225	26	62	67	61	26	35	39	25	226	3	32	105	106	18	227	231	225	18	19	25	26	26	245	26	22	30	15	25	31	26	25	231	28	27	26	26	25	225	227	226	31	230	25	26	22	26	25	27	44	25	31	24	27	26	25	141	26	16	51	34	100	0	24	23	25	104	243	34	26	26	25	27	27	27	33	25	25	246	25	25	25	48	225	26	25	232	25	25	25	25	26	26	26	26	26	12	26	25	30	26	25	156	59	103	225	26	25	60	27	103	25	27	33	27	25	26
KPC-103	44	42	282	37	37	38	37	37	38	22	40	16	20	23	24	97	239	31	239	37	39	37	15	16	64	237	38	74	79	73	28	47	51	37	238	21	44	117	118	42	239	243	243	30	43	43	38	38	257	38	40	42	25	37	43	38	37	243	40	39	38	38	37	237	239	238	43	242	37	38	40	38	37	39	56	37	43	42	39	38	37	153	38	30	45	16	122	24	0	21	37	116	255	46	38	38	37	39	39	39	45	37	37	258	37	37	37	60	237	38	37	244	37	37	37	37	38	38	38	38	38	12	38	37	42	38	37	168	71	115	237	38	37	72	39	115	37	39	45	39	37	38
KPC-97	23	21	261	16	16	17	16	16	17	11	19	32	17	2	40	76	218	14	218	16	18	16	31	32	43	216	17	53	58	52	7	26	30	16	217	20	23	96	97	21	218	222	222	9	22	22	17	17	236	17	19	21	22	16	22	17	16	222	19	18	17	17	16	216	218	217	22	221	16	17	19	17	16	18	35	16	22	21	18	17	16	132	17	9	61	32	101	23	21	0	16	95	234	25	17	17	16	18	18	18	24	16	16	237	16	16	16	39	216	17	16	223	16	16	16	16	17	17	17	17	17	17	17	16	21	17	16	147	50	94	216	17	16	51	18	94	16	18	24	18	16	17
KPC-96	9	7	247	2	2	3	2	2	3	23	5	47	20	18	55	62	204	8	204	2	4	2	46	47	29	202	3	39	44	38	11	12	16	2	203	28	9	82	83	7	204	208	208	7	8	8	3	3	222	3	5	7	25	2	8	3	2	208	5	3	3	3	2	202	204	203	8	207	2	3	5	3	2	4	21	2	8	7	4	3	2	118	2	19	76	47	87	25	37	16	0	81	220	11	3	3	2	4	4	4	10	2	2	223	2	2	2	25	202	3	2	209	2	2	2	2	3	3	3	3	3	25	3	2	7	3	2	133	36	80	202	3	2	37	4	80	2	4	10	4	2	3
KPC-98	86	86	168	81	81	82	81	81	82	102	84	126	99	97	134	79	125	87	125	81	83	81	125	126	106	125	80	56	61	55	88	89	95	81	124	107	86	3	4	86	125	129	129	86	85	85	80	80	145	80	84	86	104	81	85	80	81	129	84	82	80	80	81	125	125	124	85	130	81	80	82	82	81	81	100	81	85	86	83	80	81	43	82	98	155	126	166	104	116	95	81	0	141	88	80	80	81	81	81	83	89	81	80	146	81	81	81	104	125	80	81	130	81	81	81	81	80	80	82	80	80	104	80	81	86	80	81	152	77	1	125	82	81	54	81	3	81	83	87	81	81	80
KPC-67	225	225	29	220	220	221	220	220	221	241	223	265	238	236	267	176	20	226	20	220	222	220	264	265	245	43	219	185	190	184	227	217	220	220	19	246	225	142	143	225	20	24	24	225	224	224	219	219	60	219	223	225	243	220	224	219	220	24	223	221	219	219	220	79	40	39	224	51	220	219	221	221	220	220	239	220	224	225	222	219	220	141	221	237	294	265	305	243	255	234	220	141	0	227	219	219	220	220	220	222	217	220	220	61	220	220	220	211	20	219	220	45	220	220	220	220	219	219	221	219	219	243	219	220	225	219	220	147	188	140	44	221	220	183	220	142	220	222	226	220	220	219
KPC-29	16	16	254	11	11	12	11	11	12	32	14	56	29	27	64	71	211	17	211	11	13	11	55	56	18	211	10	48	53	47	18	19	25	11	210	37	16	89	90	16	211	215	215	16	15	15	10	10	231	10	14	16	34	11	15	10	11	215	14	12	10	10	11	211	211	210	15	216	11	10	12	12	11	11	30	11	15	16	13	10	11	127	12	28	85	56	96	34	46	25	11	88	227	0	10	10	11	11	11	13	19	11	11	232	11	11	11	34	211	10	11	216	11	11	11	11	10	10	12	10	10	34	10	11	16	10	11	142	45	87	211	12	11	46	11	89	11	13	17	11	11	10
KPC-91	8	8	246	3	3	4	3	3	4	24	6	48	21	19	56	63	203	9	203	3	5	3	47	48	28	203	2	40	45	39	10	11	17	3	202	29	8	81	82	8	203	207	207	8	7	7	2	2	223	2	6	8	26	3	7	2	3	207	6	4	2	2	3	203	203	202	7	208	3	2	4	4	3	1	22	3	7	8	5	2	3	119	4	20	77	48	88	26	38	17	3	80	219	10	0	2	3	3	3	5	11	3	3	224	3	3	3	26	203	2	3	208	3	3	3	3	2	2	4	2	2	26	2	3	8	2	3	134	37	79	203	4	3	38	3	81	3	5	9	3	3	2
KPC-85	8	8	246	3	3	4	3	3	4	24	6	48	21	19	56	63	203	9	203	3	5	3	47	48	28	203	2	40	45	39	10	11	17	1	202	29	8	81	82	8	203	207	207	8	7	7	2	2	223	2	6	8	26	2	7	2	3	207	6	4	2	2	3	203	203	202	7	208	3	2	4	4	3	3	22	3	7	8	5	2	3	119	4	20	77	48	88	26	38	17	3	80	219	10	2	0	3	3	3	5	11	3	3	224	3	3	3	26	203	2	3	208	3	3	3	3	2	2	4	2	2	26	2	3	8	2	3	134	37	79	203	4	3	38	3	81	3	5	9	3	3	2
KPC-84	9	6	247	2	2	3	2	2	3	23	5	47	20	17	55	62	204	8	204	2	3	2	46	47	29	202	3	39	44	38	11	12	16	2	203	28	9	82	83	7	204	208	208	7	8	7	3	3	222	3	5	7	25	2	8	3	2	208	5	4	3	3	2	202	204	203	7	206	2	3	5	3	2	4	21	2	8	7	4	3	2	117	3	19	76	47	87	25	37	16	2	81	220	11	3	3	0	4	3	4	10	2	2	223	2	2	2	25	202	3	2	208	2	2	2	2	3	3	3	3	3	25	3	2	7	3	2	133	36	80	202	3	2	37	4	80	2	4	10	4	2	3
KPC-48	9	9	247	4	4	5	4	2	5	25	7	49	22	18	57	64	204	10	204	4	6	4	48	49	29	204	3	41	44	40	11	12	18	4	203	30	9	80	82	9	204	208	208	9	8	8	3	2	224	3	7	9	27	4	8	3	4	208	7	5	1	1	2	204	204	203	8	209	4	3	5	5	4	4	23	4	7	9	6	3	4	120	5	21	78	48	89	27	39	18	4	81	220	11	3	3	4	0	2	6	12	4	4	225	4	4	4	27	204	3	4	209	4	4	4	4	3	3	5	3	3	27	3	4	9	3	4	135	38	80	204	5	4	39	4	82	4	6	10	4	4	3
KPC-47	9	8	247	4	4	5	4	2	5	25	7	49	22	18	57	64	204	10	204	4	5	4	48	49	29	204	3	41	44	40	11	12	18	4	203	30	9	80	83	9	204	208	208	9	8	6	3	3	224	3	7	9	27	4	8	3	4	208	7	5	3	1	4	204	204	203	7	208	4	3	5	5	4	4	23	4	8	9	6	3	4	119	5	21	78	49	89	27	39	18	4	81	220	11	3	3	3	2	0	6	12	4	4	225	4	4	4	27	204	3	4	208	4	4	4	4	3	3	5	3	3	27	3	4	9	3	4	135	38	80	204	5	4	39	4	82	4	6	10	4	4	3
KPC-81	11	9	249	4	4	5	4	4	5	25	7	49	22	20	57	64	206	10	206	4	6	4	48	49	31	204	5	41	46	40	13	14	18	4	205	30	11	84	85	9	206	210	210	9	10	10	5	5	224	5	7	9	27	4	10	5	4	210	7	6	5	5	4	204	206	205	10	209	4	5	7	5	4	6	23	4	10	9	6	5	4	120	5	21	78	49	89	27	39	18	4	83	222	13	5	5	4	6	6	0	12	4	4	225	4	4	4	27	204	5	4	211	4	4	4	4	5	5	5	5	5	27	5	4	9	5	4	135	38	82	204	5	4	39	6	82	4	6	12	5	4	5
KPC-80	17	15	237	10	10	11	10	10	11	31	13	55	28	26	63	52	212	16	212	10	12	10	54	55	37	210	11	47	52	46	19	2	6	10	211	36	17	90	91	15	212	216	216	15	16	16	11	11	220	11	13	15	33	10	16	11	10	216	13	12	11	11	10	210	212	211	16	215	10	11	13	11	10	12	29	10	16	15	12	11	10	126	11	27	84	55	95	33	45	24	10	89	217	19	11	11	10	12	12	12	0	10	10	221	10	10	10	15	210	11	10	217	10	10	10	10	11	11	11	11	11	33	11	10	15	11	10	141	44	88	210	11	10	45	12	88	10	12	18	12	10	11
KPC-78	9	7	247	2	2	3	2	2	3	23	5	47	20	18	55	60	204	8	204	2	4	1	46	46	29	202	2	39	44	38	11	12	16	2	201	28	9	82	83	7	204	208	208	7	8	8	3	3	222	3	5	7	25	2	8	3	1	208	5	4	3	3	2	202	204	203	8	207	2	3	5	3	2	4	21	2	8	7	4	3	2	118	3	19	76	47	87	25	37	16	2	81	220	11	3	3	2	4	4	4	10	0	2	223	2	2	2	25	202	3	2	209	2	2	2	2	3	3	3	3	3	25	3	2	7	3	2	133	36	80	202	3	2	37	4	80	2	4	10	4	2	3
KPC-77	9	7	247	2	2	3	2	2	3	23	5	47	20	18	55	62	204	8	204	2	4	2	46	47	29	202	3	39	44	38	11	12	16	2	203	28	9	82	83	7	204	208	208	7	8	8	3	3	222	3	5	7	25	2	8	3	2	208	5	4	3	3	2	202	204	203	8	207	2	3	5	3	2	4	21	2	8	7	4	3	2	118	3	19	76	47	87	25	37	16	2	80	220	11	3	3	2	4	4	4	10	2	0	223	2	2	2	25	202	3	2	209	2	2	2	2	3	3	3	3	3	25	3	2	7	3	2	133	36	80	202	3	2	37	4	80	2	4	10	4	2	3
KPC-76	230	228	50	223	223	222	223	223	222	244	224	267	239	239	270	195	46	229	46	223	225	223	267	268	250	23	224	186	193	187	232	223	221	223	47	249	230	145	148	228	46	52	52	228	229	229	224	224	1	224	226	228	246	223	229	224	223	52	224	224	224	224	223	77	59	58	229	67	223	224	226	222	223	225	242	223	229	228	225	224	223	144	222	240	297	268	308	246	258	237	223	146	61	232	224	224	223	225	225	225	221	223	223	0	223	223	223	230	46	224	223	66	223	223	223	223	224	224	224	224	224	246	224	223	228	224	223	152	191	145	25	224	223	186	225	145	223	225	231	225	223	224
KPC-75	9	7	247	2	2	3	2	2	3	23	5	47	20	18	55	62	204	8	204	2	4	2	46	47	29	202	3	39	44	38	11	12	16	2	203	28	9	82	83	7	204	208	208	7	8	8	3	3	222	3	5	7	25	2	8	3	2	208	5	4	3	3	2	202	204	203	8	207	2	3	5	3	2	4	21	2	8	7	4	3	2	118	3	19	76	47	87	25	37	16	2	81	220	11	3	3	2	4	4	4	10	2	2	223	0	2	2	25	202	3	2	209	2	2	2	2	3	3	3	3	3	25	3	2	7	3	2	133	36	80	202	3	2	37	4	80	2	4	10	4	2	3
KPC-60	9	7	247	2	2	3	2	2	3	23	5	47	20	18	55	62	204	8	204	2	4	2	46	47	29	202	3	39	44	38	11	12	16	2	203	28	9	82	83	7	204	208	208	7	8	8	3	3	222	3	5	7	25	2	8	3	2	208	5	4	3	3	2	202	204	203	8	207	2	3	5	3	2	4	21	2	8	7	4	3	2	118	3	19	76	47	87	25	37	16	2	81	220	11	3	3	2	4	4	4	10	2	2	223	2	0	2	25	202	3	2	209	2	2	2	2	3	3	3	3	3	25	3	2	7	3	2	133	36	80	202	3	2	37	4	80	2	4	9	4	2	3
KPC-59	9	7	247	2	2	3	2	2	3	23	5	47	20	18	55	62	204	8	204	2	4	2	46	47	29	202	3	39	44	38	11	12	16	2	203	28	9	82	83	7	204	208	208	7	8	8	3	3	222	3	5	7	25	2	8	3	2	208	5	4	3	3	2	202	204	203	8	207	2	3	5	3	2	4	21	2	8	7	4	3	2	118	3	19	76	47	87	25	37	16	2	81	220	11	3	3	2	4	4	4	10	2	2	223	2	2	0	25	202	3	2	209	2	2	2	2	3	3	3	3	3	25	3	2	7	3	2	133	36	80	202	3	2	37	4	80	2	4	10	4	2	3
KPC-58	32	30	225	25	25	26	25	25	26	46	28	70	43	41	78	37	227	31	227	25	27	25	69	70	52	225	26	62	67	61	34	17	9	25	226	51	32	105	106	30	227	231	231	30	31	31	26	26	229	26	28	30	48	25	31	26	25	231	28	27	26	26	25	225	227	226	31	230	25	26	28	26	25	27	44	25	31	30	27	26	25	141	26	42	99	70	110	48	60	39	25	104	211	34	26	26	25	27	27	27	15	25	25	230	25	25	25	0	225	26	25	232	25	25	25	25	26	26	26	26	26	48	26	25	30	26	25	156	59	103	225	26	25	60	27	103	25	27	33	27	25	26
KPC-55	209	207	47	202	202	203	202	202	203	223	205	247	220	218	249	190	4	208	4	202	204	202	246	247	229	25	203	167	172	166	211	212	216	202	3	228	209	126	127	207	4	8	8	207	208	207	203	203	45	203	205	207	225	202	208	203	202	8	205	204	203	203	202	61	24	23	208	33	202	203	205	203	202	204	221	202	208	207	204	203	202	123	203	219	276	247	287	225	237	216	202	125	20	211	203	203	202	204	204	204	210	202	202	46	202	202	202	225	0	203	202	29	202	202	202	202	203	203	203	203	203	225	203	202	207	203	202	129	170	124	26	203	202	165	204	124	202	204	210	204	202	203
KPC-56	8	8	246	3	3	4	3	3	4	24	6	48	21	19	56	63	203	9	203	3	5	3	47	48	28	203	2	40	45	39	10	11	17	3	202	29	8	81	82	8	203	207	207	8	7	7	2	2	223	2	6	8	26	3	7	2	3	207	6	4	2	2	3	203	203	202	7	208	3	2	4	4	3	3	22	3	7	8	5	2	3	119	4	20	77	48	88	26	38	17	3	80	219	10	2	2	3	3	3	5	11	3	3	224	3	3	3	26	203	0	3	208	3	3	3	3	2	2	4	2	2	26	2	3	8	2	3	134	37	79	203	4	3	38	3	81	3	5	9	3	3	2
KPC-54	9	7	247	2	2	3	2	2	3	23	5	47	20	18	55	62	204	8	204	2	4	2	46	47	29	202	3	39	44	38	11	12	16	2	203	28	9	82	83	7	204	208	208	7	8	8	3	3	222	3	5	7	25	2	8	3	2	208	5	4	3	3	2	202	204	203	8	207	2	3	5	3	2	4	21	2	8	7	4	3	2	118	3	19	76	47	87	25	37	16	2	81	220	11	3	3	2	4	4	4	10	2	2	223	2	2	2	25	202	3	0	209	2	2	2	2	3	3	3	3	3	25	3	2	7	3	2	133	36	80	202	3	2	37	4	80	2	4	10	4	2	3
KPC-40	202	213	72	209	209	210	209	209	210	230	212	254	227	224	256	197	29	215	29	209	210	209	253	254	234	45	208	174	167	173	216	217	223	209	28	235	214	131	132	214	29	22	33	214	213	212	208	208	65	208	212	214	232	209	213	208	209	21	212	210	208	208	209	78	9	8	212	21	209	208	210	210	209	209	228	209	213	214	211	208	209	129	210	226	283	254	294	232	244	223	209	130	45	216	208	208	208	209	208	211	217	209	209	66	209	209	209	232	29	208	209	0	209	209	209	209	208	208	210	208	208	232	208	209	202	208	209	144	177	129	46	210	209	172	209	131	209	211	215	209	209	208
KPC-45	9	7	247	2	2	3	2	2	3	23	5	47	20	18	55	62	204	8	204	2	4	2	46	47	29	202	3	39	44	38	11	12	16	2	203	28	9	82	83	7	204	208	208	7	8	8	3	3	222	3	5	7	25	2	8	3	2	208	5	4	3	3	2	202	204	203	8	207	2	3	5	3	2	4	21	2	8	7	4	3	2	118	3	19	76	47	87	25	37	16	2	81	220	11	3	3	2	4	4	4	10	2	2	223	2	2	2	25	202	3	2	209	0	2	2	2	3	3	3	3	3	25	3	2	7	3	2	133	36	80	202	3	2	37	4	80	2	4	10	4	2	3
KPC-43	9	7	247	2	2	3	2	2	3	23	5	47	20	18	55	62	204	8	204	2	4	2	46	47	29	202	3	39	44	38	11	12	16	2	203	28	9	82	83	7	204	208	208	7	8	8	3	3	222	3	5	7	25	2	8	3	2	208	5	4	3	3	2	202	204	203	8	207	2	3	5	3	2	4	21	2	8	7	4	3	2	118	3	19	76	47	87	25	37	16	2	81	220	11	3	3	2	4	4	4	10	2	2	223	2	2	2	25	202	3	2	209	2	0	2	2	3	3	3	3	3	25	3	2	7	3	2	133	36	80	202	3	2	37	4	80	2	4	10	4	2	3
KPC-42	9	7	247	2	2	3	2	2	3	23	5	47	20	18	55	62	204	8	204	2	4	2	46	47	29	202	3	39	44	38	11	12	16	2	203	28	9	82	83	7	204	208	208	7	8	8	3	3	222	3	5	7	25	2	8	3	2	208	5	4	3	3	2	202	204	203	8	207	2	3	5	3	2	4	21	2	8	7	4	3	2	118	3	19	76	47	87	25	37	16	2	81	220	11	3	3	2	4	4	4	10	2	2	223	2	2	2	25	202	3	2	209	2	2	0	2	3	3	3	3	3	25	3	2	7	3	2	133	36	80	202	3	2	37	4	80	2	4	10	4	2	3
KPC-30	9	7	247	2	2	3	2	2	3	23	5	47	20	18	55	62	204	8	204	2	4	2	46	47	29	202	3	39	44	38	11	12	16	2	203	28	9	82	83	7	204	208	208	7	8	8	3	3	222	3	5	7	25	2	8	3	2	208	5	4	3	3	2	202	204	203	8	207	2	3	5	3	2	4	20	2	8	7	4	3	2	118	3	19	76	47	87	25	37	16	2	81	220	11	3	3	2	4	4	4	10	2	2	223	2	2	2	25	202	3	2	209	2	2	2	0	3	3	3	3	3	25	3	2	7	3	2	133	36	80	201	3	2	37	4	80	2	4	10	4	2	3
KPC-8	8	8	246	3	3	4	3	3	4	24	6	48	21	19	56	63	203	9	203	3	5	3	47	48	28	203	2	40	45	39	10	11	17	3	202	29	8	81	82	8	203	207	207	8	7	7	2	2	223	2	6	7	26	3	7	2	3	207	6	4	2	2	3	203	203	202	7	208	3	2	4	4	3	3	22	3	7	8	5	2	3	119	4	20	77	48	88	26	38	17	3	80	219	10	2	2	3	3	3	5	11	3	3	224	3	3	3	26	203	2	3	208	3	3	3	3	0	2	4	2	1	26	2	3	8	2	1	134	35	79	203	4	3	38	3	81	3	5	7	3	3	2
KPC-38	8	8	246	3	3	4	3	3	4	24	6	48	21	19	56	63	203	9	203	3	5	3	47	48	28	203	2	40	45	39	10	11	17	3	202	29	8	81	82	8	203	207	207	8	7	7	2	2	223	2	6	8	26	3	7	2	3	207	6	4	2	2	3	203	203	202	7	208	3	2	4	4	3	3	22	3	7	8	5	2	3	119	4	20	77	48	88	26	38	17	3	80	219	10	2	2	3	3	3	5	11	3	3	224	3	3	3	26	203	2	3	208	3	3	3	3	2	0	4	2	2	26	2	3	8	2	3	134	37	79	203	4	3	38	3	81	3	5	9	3	3	2
KPC-37	10	8	248	3	3	4	3	3	4	24	6	48	21	19	56	63	205	9	205	3	5	3	47	48	30	203	4	40	45	39	12	13	17	3	204	29	10	83	84	8	205	209	209	8	9	9	4	4	223	4	6	8	26	3	9	4	3	209	6	5	4	4	3	203	205	204	9	208	3	4	6	4	3	3	22	3	9	8	5	4	3	119	4	20	77	48	88	26	38	17	3	82	221	12	4	4	3	5	5	5	11	3	3	224	3	3	3	26	203	4	3	210	3	3	3	3	4	4	0	4	4	26	4	3	8	4	3	134	37	81	203	2	3	38	5	81	1	3	11	5	3	4
KPC-36	8	8	246	3	3	4	3	3	4	24	6	48	21	19	56	63	203	9	203	3	5	3	47	48	28	203	2	40	45	39	10	11	17	3	202	29	8	81	82	8	203	207	207	8	7	7	2	2	223	2	6	8	26	3	7	2	3	207	6	4	2	2	3	203	203	202	7	208	3	2	4	4	3	3	22	3	7	8	5	2	3	119	4	20	77	48	88	26	38	17	3	80	219	10	2	2	3	3	3	5	11	3	3	224	3	3	3	26	203	2	3	208	3	3	3	3	2	2	4	0	2	26	2	3	8	2	3	134	37	79	203	4	3	38	3	81	3	5	9	3	3	2
KPC-23	8	8	246	3	3	4	3	3	4	24	6	48	21	19	56	63	203	9	203	3	5	3	47	48	28	203	2	40	45	39	10	11	17	3	202	29	8	81	82	8	203	207	207	8	7	7	2	2	223	2	6	7	26	3	7	2	3	207	6	4	2	2	3	203	203	202	7	208	3	2	4	4	3	3	22	3	7	8	5	2	3	119	4	20	77	48	88	26	38	17	3	80	219	10	2	2	3	3	3	5	11	3	3	224	3	3	3	26	203	2	3	208	3	3	3	3	1	2	4	2	0	26	2	3	8	2	2	134	36	79	203	4	3	38	3	81	3	5	8	3	3	2
KPC-34	32	30	270	25	25	26	25	25	26	14	28	22	8	19	30	85	227	19	227	25	27	25	21	22	52	225	26	62	67	61	20	35	39	25	226	9	32	105	106	30	227	231	231	18	31	31	26	26	245	26	28	30	13	25	31	26	25	231	28	27	26	26	25	225	227	226	31	230	25	26	28	26	25	27	44	25	31	30	27	26	25	141	26	22	51	22	110	12	12	17	25	104	243	34	26	26	25	27	27	27	33	25	25	246	25	25	25	48	225	26	25	232	25	25	25	25	26	26	26	26	26	0	26	25	30	26	25	156	59	103	225	26	25	60	27	103	25	27	33	27	25	26
KPC-27	8	8	246	3	3	4	3	3	4	24	6	48	21	19	56	63	203	9	203	3	5	3	47	48	28	203	2	40	45	39	10	11	17	3	202	29	8	81	82	8	203	207	207	8	7	7	2	2	223	2	6	8	26	3	7	2	3	207	6	4	2	2	3	203	203	202	7	208	3	2	4	4	3	3	22	3	7	8	5	2	3	119	4	20	77	48	88	26	38	17	3	80	219	10	2	2	3	3	3	5	11	3	3	224	3	3	3	26	203	2	3	208	3	3	3	3	2	2	4	2	2	26	0	3	8	2	3	134	37	79	203	3	1	38	3	81	3	5	9	3	3	2
KPC-26	9	7	247	2	2	3	2	2	3	23	5	47	20	18	55	62	204	8	204	2	4	2	46	47	29	202	3	39	44	38	11	12	16	2	203	28	9	82	83	7	204	208	208	7	8	8	3	3	222	3	5	7	25	2	8	3	2	208	5	4	3	3	2	202	204	203	8	207	2	3	5	3	2	4	21	2	8	7	4	3	2	118	3	19	76	47	87	25	37	16	2	81	220	11	3	3	2	4	4	4	10	2	2	223	2	2	2	25	202	3	2	209	2	2	2	2	3	3	3	3	3	25	3	0	7	3	2	133	36	80	202	3	2	37	4	80	2	4	10	4	2	3
KPC-25	2	12	252	7	7	8	7	7	8	28	10	52	25	23	60	67	209	13	209	7	9	7	51	52	34	207	8	44	37	43	16	17	21	7	208	33	14	87	88	12	209	202	213	12	13	13	8	8	227	8	10	12	30	7	13	8	7	201	10	9	8	8	7	207	209	208	13	212	7	8	10	8	7	9	26	7	13	12	9	8	7	123	8	24	81	52	92	30	42	21	7	86	225	16	8	8	7	9	9	9	15	7	7	228	7	7	7	30	207	8	7	202	7	7	7	7	8	8	8	8	8	30	8	7	0	8	7	138	41	85	207	8	7	42	9	85	7	9	15	9	7	8
KPC-7	8	8	246	3	3	4	3	3	4	24	6	48	21	19	56	63	203	9	203	3	5	3	47	48	28	203	2	40	45	39	10	11	17	3	202	29	8	81	82	8	203	207	207	8	7	7	2	2	223	2	6	8	26	3	7	2	3	207	6	4	2	2	3	203	203	202	7	208	3	2	4	4	3	3	22	3	7	8	5	2	3	119	4	20	77	48	88	26	38	17	3	80	219	10	2	2	3	3	3	5	11	3	3	224	3	3	3	26	203	2	3	208	3	3	3	3	2	2	4	2	2	26	2	3	8	0	3	134	37	79	203	4	3	38	3	81	3	5	9	3	3	2
KPC-6	9	7	247	2	2	3	2	2	3	23	5	47	20	18	55	62	204	8	204	2	4	2	46	47	29	202	3	39	44	38	11	12	16	2	203	28	9	82	83	7	204	208	208	7	8	8	3	3	222	3	5	6	25	2	8	3	2	208	5	4	3	3	2	202	204	203	8	207	2	3	5	3	2	4	21	2	8	7	4	3	2	118	3	19	76	47	87	25	37	16	2	81	220	11	3	3	2	4	4	4	10	2	2	223	2	2	2	25	202	3	2	209	2	2	2	2	1	3	3	3	2	25	3	2	7	3	0	133	34	80	202	3	2	37	4	80	2	4	8	4	2	3
KPC-5	140	138	174	133	133	134	133	133	134	154	136	178	151	149	180	123	131	139	131	133	135	133	177	178	160	131	134	100	105	99	142	143	147	133	130	159	140	153	154	138	131	135	135	138	139	139	134	134	151	134	136	138	156	133	139	134	133	135	136	135	134	134	133	129	139	138	139	143	133	134	136	132	133	135	152	133	139	138	135	134	133	179	134	150	207	178	218	156	168	147	133	152	147	142	134	134	133	135	135	135	141	133	133	152	133	133	133	156	129	134	133	144	133	133	133	133	134	134	134	134	134	156	134	133	138	134	133	0	99	151	131	134	133	98	135	151	133	135	139	135	132	132
KPC-4	43	41	215	36	36	37	36	36	37	57	39	81	54	52	83	48	172	42	172	36	38	36	80	81	63	170	37	25	30	24	45	46	50	36	171	62	43	78	79	41	172	176	176	41	42	42	37	37	190	37	39	40	59	36	42	37	36	176	39	38	37	37	36	170	172	171	42	175	36	37	39	35	36	38	55	36	42	41	38	37	36	104	37	53	110	81	121	59	71	50	36	77	188	45	37	37	36	38	38	38	44	36	36	191	36	36	36	59	170	37	36	177	36	36	36	36	35	37	37	37	36	59	37	36	41	37	34	99	0	76	170	37	36	23	38	76	36	38	40	38	35	35
KPC-3	85	85	167	80	80	81	80	80	81	101	83	125	98	96	133	78	124	86	124	80	82	80	124	125	105	124	79	55	60	54	87	88	94	80	123	106	85	2	3	85	124	128	128	85	84	84	79	79	144	79	83	85	103	80	84	79	80	128	83	81	79	79	80	124	124	123	84	129	80	79	81	81	80	80	99	80	84	85	82	79	80	42	81	97	154	125	165	103	115	94	80	1	140	87	79	79	80	80	80	82	88	80	80	145	80	80	80	103	124	79	80	129	80	80	80	80	79	79	81	79	79	103	79	80	85	79	80	151	76	0	124	81	80	53	80	2	80	82	86	80	80	79
KPC-24	209	207	71	202	202	203	202	202	203	223	205	247	220	218	249	190	28	208	28	202	204	202	246	247	229	4	203	167	172	166	211	212	216	202	27	228	209	126	127	207	28	32	32	207	208	208	203	203	24	203	205	207	225	202	208	203	202	32	205	204	203	203	202	58	41	40	208	47	202	203	205	203	202	204	220	202	208	207	204	203	202	123	203	219	276	247	287	225	237	216	202	125	44	211	203	203	202	204	204	204	210	202	202	25	202	202	202	225	26	203	202	46	202	202	202	201	203	203	203	203	203	225	203	202	207	203	202	131	170	124	0	203	202	165	204	124	202	204	210	204	202	203
KPC-22	10	8	248	3	3	4	3	3	4	24	6	48	21	19	56	63	205	9	205	3	5	3	47	48	30	203	4	40	45	39	12	13	17	3	204	29	10	83	84	8	205	209	209	8	9	9	4	4	223	4	6	8	26	3	9	4	3	209	6	5	4	4	3	203	205	204	9	208	3	4	6	4	3	5	22	3	9	8	5	4	3	119	4	20	77	48	88	26	38	17	3	82	221	12	4	4	3	5	5	5	11	3	3	224	3	3	3	26	203	4	3	210	3	3	3	3	4	4	2	4	4	26	3	3	8	4	3	134	37	81	203	0	2	38	5	81	1	3	11	5	3	4
KPC-21	9	7	247	2	2	3	2	2	3	23	5	47	20	18	55	62	204	8	204	2	4	2	46	47	29	202	3	39	44	38	11	12	16	2	203	28	9	82	83	7	204	208	208	7	8	8	3	3	222	3	5	7	25	2	8	3	2	208	5	4	3	3	2	202	204	203	8	207	2	3	5	3	2	4	21	2	8	7	4	3	2	118	3	19	76	47	87	25	37	16	2	81	220	11	3	3	2	4	4	4	10	2	2	223	2	2	2	25	202	3	2	209	2	2	2	2	3	3	3	3	3	25	1	2	7	3	2	133	36	80	202	2	0	37	4	80	2	4	10	4	2	3
KPC-2	44	42	210	37	37	38	37	37	38	58	40	82	55	53	84	25	167	43	167	37	39	37	81	82	64	165	38	2	7	1	46	47	51	37	166	63	44	55	56	42	167	171	171	42	43	43	38	38	185	38	40	42	60	37	43	38	37	171	40	39	38	38	37	165	167	166	43	170	37	38	40	38	37	39	56	37	43	42	39	38	37	81	38	54	111	82	122	60	72	51	37	54	183	46	38	38	37	39	39	39	45	37	37	186	37	37	37	60	165	38	37	172	37	37	37	37	38	38	38	38	38	60	38	37	42	38	37	98	23	53	165	38	37	0	39	53	37	39	45	39	37	38
KPC-19	9	9	247	4	4	5	4	4	5	25	7	49	22	20	57	64	204	10	204	4	6	4	48	49	29	204	3	41	46	40	11	12	18	4	203	30	9	82	83	9	204	208	208	9	8	8	3	3	224	3	7	9	27	4	8	3	4	208	7	5	3	3	4	204	204	203	8	209	4	3	5	5	4	4	23	4	8	9	6	3	4	120	5	21	78	49	89	27	39	18	4	81	220	11	3	3	4	4	4	6	12	4	4	225	4	4	4	27	204	3	4	209	4	4	4	4	3	3	5	3	3	27	3	4	9	3	4	135	38	80	204	5	4	39	0	82	4	6	10	4	4	3
KPC-18	87	85	169	80	80	81	80	80	81	101	83	125	98	96	133	78	126	86	126	80	82	80	124	125	107	124	81	55	60	54	89	90	94	80	125	106	87	4	5	85	126	130	130	85	86	86	81	81	144	81	83	85	103	80	86	81	80	130	83	82	81	81	80	124	126	125	86	129	80	79	83	81	80	82	99	80	86	85	82	81	80	42	81	97	154	125	165	103	115	94	80	3	142	89	81	81	80	82	82	82	88	80	80	145	80	80	80	103	124	81	80	131	80	80	80	80	81	81	81	81	81	103	81	80	85	81	80	151	76	2	124	81	80	53	82	0	80	82	88	82	80	81
KPC-17	9	7	247	2	2	3	2	2	3	23	5	47	20	18	55	62	204	8	204	2	4	2	46	47	29	202	3	39	44	38	11	12	16	2	203	28	9	82	83	7	204	208	208	7	8	8	3	3	222	3	5	7	25	2	8	3	2	208	5	4	3	3	2	202	204	203	8	207	2	3	5	3	2	4	21	2	8	7	4	3	2	118	3	19	76	47	87	25	37	16	2	81	220	11	3	3	2	4	4	4	10	2	2	223	2	2	2	25	202	3	2	209	2	2	2	2	3	3	1	3	3	25	3	2	7	3	2	133	36	80	202	1	2	37	4	80	0	2	10	4	2	3
KPC-16	11	9	249	4	4	5	4	4	5	25	7	49	22	20	57	64	206	10	206	4	6	4	48	49	31	204	5	41	46	40	13	14	18	4	205	30	11	84	85	9	206	210	210	9	10	10	5	5	224	5	7	9	27	4	10	5	4	210	7	6	5	5	4	204	206	205	10	209	4	5	7	5	4	6	23	4	10	9	6	5	4	120	5	21	78	49	89	27	39	18	4	83	222	13	5	5	4	6	6	6	12	4	4	225	4	4	4	27	204	5	4	211	4	4	4	4	5	5	3	5	5	27	5	4	9	5	4	135	38	82	204	3	4	39	6	82	2	0	12	6	4	5
KPC-15	15	15	253	10	10	11	10	10	11	31	13	55	28	26	63	70	210	16	210	10	12	10	54	55	35	210	9	47	52	46	17	18	24	10	209	36	15	88	89	15	210	214	214	15	14	14	9	9	230	9	13	14	33	10	14	9	10	214	13	11	9	9	10	210	210	209	14	215	10	9	11	9	10	10	29	10	14	15	12	9	10	126	11	27	84	55	95	33	45	24	10	87	226	17	9	9	10	10	10	12	18	10	10	231	10	9	10	33	210	9	10	215	10	10	10	10	7	9	11	9	8	33	9	10	15	9	8	139	40	86	210	11	10	45	10	88	10	12	0	10	9	7
KPC-13	9	9	247	4	4	5	4	4	5	25	7	49	22	20	57	64	204	10	204	4	6	4	48	49	29	204	3	41	46	40	11	12	18	4	203	30	9	82	83	9	204	208	208	9	8	8	3	3	224	3	7	9	27	4	8	3	4	208	7	5	3	3	4	204	204	203	8	209	4	3	5	5	4	4	23	4	8	9	6	3	4	120	5	21	78	49	89	27	39	18	4	81	220	11	3	3	4	4	4	5	12	4	4	225	4	4	4	27	204	3	4	209	4	4	4	4	3	3	5	3	3	27	3	4	9	3	4	135	38	80	204	5	4	39	4	82	4	6	10	0	4	3
KPC-11	9	7	247	2	2	3	2	2	3	23	5	47	20	18	55	62	204	8	204	2	4	2	46	47	29	202	3	39	44	38	11	12	16	2	203	28	9	82	83	7	204	208	208	7	8	8	3	3	222	3	5	7	25	2	8	3	2	208	5	4	3	3	2	202	204	203	8	207	2	3	5	2	2	4	21	2	8	7	4	3	2	118	3	19	76	47	87	25	37	16	2	81	220	11	3	3	2	4	4	4	10	2	2	223	2	2	2	25	202	3	2	209	2	2	2	2	3	3	3	3	3	25	3	2	7	3	2	132	35	80	202	3	2	37	4	80	2	4	9	4	0	2
KPC-10	8	8	246	3	3	4	3	3	4	24	6	48	21	19	56	63	203	9	203	3	5	3	47	48	28	203	2	40	45	39	10	11	17	3	202	29	8	81	82	8	203	207	207	8	7	7	2	2	223	2	6	8	26	3	7	2	3	207	6	4	2	2	3	203	203	202	7	208	3	2	4	2	3	3	22	3	7	8	5	2	3	119	4	20	77	48	88	26	38	17	3	80	219	10	2	2	3	3	3	5	11	3	3	224	3	3	3	26	203	2	3	208	3	3	3	3	2	2	4	2	2	26	2	3	8	2	3	132	35	79	203	4	3	38	3	81	3	5	7	3	2	0
